2025-05-26 11:45:41,314 - DEBUG - seek: 0
2025-05-26 11:45:41,327 - DEBUG - find_xref: b'%%EOF'
2025-05-26 11:45:41,329 - DEBUG - find_xref: b''
2025-05-26 11:45:41,329 - DEBUG - find_xref: b'173343'
2025-05-26 11:45:41,330 - DEBUG - find_xref: b''
2025-05-26 11:45:41,331 - DEBUG - find_xref: b'startxref'
2025-05-26 11:45:41,332 - DEBUG - xref found: pos=b'173343'
2025-05-26 11:45:41,334 - DEBUG - seek: 173343
2025-05-26 11:45:41,335 - DEBUG - nexttoken: (173343, /b'xref')
2025-05-26 11:45:41,336 - DEBUG - read_xref_from: start=173343, token=/b'xref'
2025-05-26 11:45:41,337 - DEBUG - nextline: 173347, b'\r\n'
2025-05-26 11:45:41,339 - DEBUG - nextline: 173349, b'0 0\r\n'
2025-05-26 11:45:41,340 - DEBUG - nextline: 173354, b'trailer\r\n'
2025-05-26 11:45:41,350 - DEBUG - seek: 173354
2025-05-26 11:45:41,351 - DEBUG - xref objects: {}
2025-05-26 11:45:41,353 - DEBUG - nexttoken: (173354, /b'trailer')
2025-05-26 11:45:41,354 - DEBUG - nexttoken: (173363, /b'<<')
2025-05-26 11:45:41,355 - DEBUG - start_type: pos=173363, type='d'
2025-05-26 11:45:41,357 - DEBUG - nexttoken: (173365, /'Size')
2025-05-26 11:45:41,358 - DEBUG - nexttoken: (173371, 3342)
2025-05-26 11:45:41,359 - DEBUG - nexttoken: (173375, /'Root')
2025-05-26 11:45:41,361 - DEBUG - nexttoken: (173381, 1)
2025-05-26 11:45:41,362 - DEBUG - nexttoken: (173383, 0)
2025-05-26 11:45:41,363 - DEBUG - nexttoken: (173385, /b'R')
2025-05-26 11:45:41,364 - DEBUG - do_keyword: pos=173385, token=/b'R', stack=[(173365, /'Size'), (173371, 3342), (173375, /'Root'), (173381, 1), (173383, 0)]
2025-05-26 11:45:41,365 - DEBUG - nexttoken: (173386, /'Info')
2025-05-26 11:45:41,365 - DEBUG - nexttoken: (173392, 3)
2025-05-26 11:45:41,366 - DEBUG - nexttoken: (173394, 0)
2025-05-26 11:45:41,367 - DEBUG - nexttoken: (173396, /b'R')
2025-05-26 11:45:41,368 - DEBUG - do_keyword: pos=173396, token=/b'R', stack=[(173365, /'Size'), (173371, 3342), (173375, /'Root'), (173385, <PDFObjRef:1>), (173386, /'Info'), (173392, 3), (173394, 0)]
2025-05-26 11:45:41,369 - DEBUG - nexttoken: (173397, /'ID')
2025-05-26 11:45:41,370 - DEBUG - nexttoken: (173400, /b'[')
2025-05-26 11:45:41,371 - DEBUG - start_type: pos=173400, type='a'
2025-05-26 11:45:41,373 - DEBUG - nexttoken: (173401, b'\x8dG\xecX\xc0,NM\x8f\xeb\xe8k?\x98D\x8a')
2025-05-26 11:45:41,374 - DEBUG - nexttoken: (173435, b'\x8dG\xecX\xc0,NM\x8f\xeb\xe8k?\x98D\x8a')
2025-05-26 11:45:41,375 - DEBUG - nexttoken: (173469, /b']')
2025-05-26 11:45:41,376 - DEBUG - end_type: pos=173400, type='a', objs=[b'\x8dG\xecX\xc0,NM\x8f\xeb\xe8k?\x98D\x8a', b'\x8dG\xecX\xc0,NM\x8f\xeb\xe8k?\x98D\x8a']
2025-05-26 11:45:41,378 - DEBUG - nexttoken: (173471, /'Prev')
2025-05-26 11:45:41,379 - DEBUG - nexttoken: (173477, 106342)
2025-05-26 11:45:41,380 - DEBUG - nexttoken: (173483, /'XRefStm')
2025-05-26 11:45:41,381 - DEBUG - nexttoken: (173492, 100051)
2025-05-26 11:45:41,382 - DEBUG - nexttoken: (173498, /b'>>')
2025-05-26 11:45:41,384 - DEBUG - end_type: pos=173363, type='d', objs=[/'Size', 3342, /'Root', <PDFObjRef:1>, /'Info', <PDFObjRef:3>, /'ID', [b'\x8dG\xecX\xc0,NM\x8f\xeb\xe8k?\x98D\x8a', b'\x8dG\xecX\xc0,NM\x8f\xeb\xe8k?\x98D\x8a'], /'Prev', 106342, /'XRefStm', 100051]
2025-05-26 11:45:41,385 - DEBUG - nexttoken: (173502, /b'startxref')
2025-05-26 11:45:41,386 - DEBUG - do_keyword: pos=173502, token=/b'startxref', stack=[(173363, {'Size': 3342, 'Root': <PDFObjRef:1>, 'Info': <PDFObjRef:3>, 'ID': [b'\x8dG\xecX\xc0,NM\x8f\xeb\xe8k?\x98D\x8a', b'\x8dG\xecX\xc0,NM\x8f\xeb\xe8k?\x98D\x8a'], 'Prev': 106342, 'XRefStm': 100051})]
2025-05-26 11:45:41,387 - DEBUG - add_results: ((173363, {'Size': 3342, 'Root': <PDFObjRef:1>, 'Info': <PDFObjRef:3>, 'ID': [b'\x8dG\xecX\xc0,NM\x8f\xeb\xe8k?\x98D\x8a', b'\x8dG\xecX\xc0,NM\x8f\xeb\xe8k?\x98D\x8a'], 'Prev': 106342, 'XRefStm': 100051}),)
2025-05-26 11:45:41,389 - DEBUG - nextobject: (173363, {'Size': 3342, 'Root': <PDFObjRef:1>, 'Info': <PDFObjRef:3>, 'ID': [b'\x8dG\xecX\xc0,NM\x8f\xeb\xe8k?\x98D\x8a', b'\x8dG\xecX\xc0,NM\x8f\xeb\xe8k?\x98D\x8a'], 'Prev': 106342, 'XRefStm': 100051})
2025-05-26 11:45:41,392 - DEBUG - trailer={'Size': 3342, 'Root': <PDFObjRef:1>, 'Info': <PDFObjRef:3>, 'ID': [b'\x8dG\xecX\xc0,NM\x8f\xeb\xe8k?\x98D\x8a', b'\x8dG\xecX\xc0,NM\x8f\xeb\xe8k?\x98D\x8a'], 'Prev': 106342, 'XRefStm': 100051}
2025-05-26 11:45:41,394 - DEBUG - trailer: {'Size': 3342, 'Root': <PDFObjRef:1>, 'Info': <PDFObjRef:3>, 'ID': [b'\x8dG\xecX\xc0,NM\x8f\xeb\xe8k?\x98D\x8a', b'\x8dG\xecX\xc0,NM\x8f\xeb\xe8k?\x98D\x8a'], 'Prev': 106342, 'XRefStm': 100051}
2025-05-26 11:45:41,395 - DEBUG - seek: 100051
2025-05-26 11:45:41,397 - DEBUG - nexttoken: (100051, 3341)
2025-05-26 11:45:41,399 - DEBUG - read_xref_from: start=100051, token=3341
2025-05-26 11:45:41,400 - DEBUG - seek: 100051
2025-05-26 11:45:41,402 - DEBUG - nexttoken: (100051, 3341)
2025-05-26 11:45:41,404 - DEBUG - nexttoken: (100056, 0)
2025-05-26 11:45:41,406 - DEBUG - nexttoken: (100058, /b'obj')
2025-05-26 11:45:41,408 - DEBUG - nexttoken: (100063, /b'<<')
2025-05-26 11:45:41,410 - DEBUG - start_type: pos=100063, type='d'
2025-05-26 11:45:41,412 - DEBUG - nexttoken: (100065, /'Type')
2025-05-26 11:45:41,414 - DEBUG - nexttoken: (100070, /'XRef')
2025-05-26 11:45:41,415 - DEBUG - nexttoken: (100075, /'Size')
2025-05-26 11:45:41,417 - DEBUG - nexttoken: (100081, 3341)
2025-05-26 11:45:41,419 - DEBUG - nexttoken: (100085, /'W')
2025-05-26 11:45:41,421 - DEBUG - nexttoken: (100087, /b'[')
2025-05-26 11:45:41,423 - DEBUG - start_type: pos=100087, type='a'
2025-05-26 11:45:41,425 - DEBUG - nexttoken: (100089, 1)
2025-05-26 11:45:41,427 - DEBUG - nexttoken: (100091, 4)
2025-05-26 11:45:41,429 - DEBUG - nexttoken: (100093, 2)
2025-05-26 11:45:41,431 - DEBUG - nexttoken: (100094, /b']')
2025-05-26 11:45:41,433 - DEBUG - end_type: pos=100087, type='a', objs=[1, 4, 2]
2025-05-26 11:45:41,435 - DEBUG - nexttoken: (100096, /'Root')
2025-05-26 11:45:41,437 - DEBUG - nexttoken: (100102, 1)
2025-05-26 11:45:41,440 - DEBUG - nexttoken: (100104, 0)
2025-05-26 11:45:41,442 - DEBUG - nexttoken: (100106, /b'R')
2025-05-26 11:45:41,445 - DEBUG - do_keyword: pos=100106, token=/b'R', stack=[(100065, /'Type'), (100070, /'XRef'), (100075, /'Size'), (100081, 3341), (100085, /'W'), (100087, [1, 4, 2]), (100096, /'Root'), (100102, 1), (100104, 0)]
2025-05-26 11:45:41,447 - DEBUG - nexttoken: (100107, /'Info')
2025-05-26 11:45:41,449 - DEBUG - nexttoken: (100113, 3)
2025-05-26 11:45:41,451 - DEBUG - nexttoken: (100115, 0)
2025-05-26 11:45:41,454 - DEBUG - nexttoken: (100117, /b'R')
2025-05-26 11:45:41,457 - DEBUG - do_keyword: pos=100117, token=/b'R', stack=[(100065, /'Type'), (100070, /'XRef'), (100075, /'Size'), (100081, 3341), (100085, /'W'), (100087, [1, 4, 2]), (100096, /'Root'), (100106, <PDFObjRef:1>), (100107, /'Info'), (100113, 3), (100115, 0)]
2025-05-26 11:45:41,460 - DEBUG - nexttoken: (100118, /'ID')
2025-05-26 11:45:41,463 - DEBUG - nexttoken: (100121, /b'[')
2025-05-26 11:45:41,466 - DEBUG - start_type: pos=100121, type='a'
2025-05-26 11:45:41,468 - DEBUG - nexttoken: (100122, b'\x8dG\xecX\xc0,NM\x8f\xeb\xe8k?\x98D\x8a')
2025-05-26 11:45:41,471 - DEBUG - nexttoken: (100156, b'\x8dG\xecX\xc0,NM\x8f\xeb\xe8k?\x98D\x8a')
2025-05-26 11:45:41,474 - DEBUG - nexttoken: (100190, /b']')
2025-05-26 11:45:41,477 - DEBUG - end_type: pos=100121, type='a', objs=[b'\x8dG\xecX\xc0,NM\x8f\xeb\xe8k?\x98D\x8a', b'\x8dG\xecX\xc0,NM\x8f\xeb\xe8k?\x98D\x8a']
2025-05-26 11:45:41,479 - DEBUG - nexttoken: (100192, /'Filter')
2025-05-26 11:45:41,482 - DEBUG - nexttoken: (100199, /'FlateDecode')
2025-05-26 11:45:41,484 - DEBUG - nexttoken: (100211, /'Length')
2025-05-26 11:45:41,487 - DEBUG - nexttoken: (100219, 6086)
2025-05-26 11:45:41,490 - DEBUG - nexttoken: (100223, /b'>>')
2025-05-26 11:45:41,493 - DEBUG - end_type: pos=100063, type='d', objs=[/'Type', /'XRef', /'Size', 3341, /'W', [1, 4, 2], /'Root', <PDFObjRef:1>, /'Info', <PDFObjRef:3>, /'ID', [b'\x8dG\xecX\xc0,NM\x8f\xeb\xe8k?\x98D\x8a', b'\x8dG\xecX\xc0,NM\x8f\xeb\xe8k?\x98D\x8a'], /'Filter', /'FlateDecode', /'Length', 6086]
2025-05-26 11:45:41,495 - DEBUG - nexttoken: (100227, /b'stream')
2025-05-26 11:45:41,498 - DEBUG - do_keyword: pos=100227, token=/b'stream', stack=[(100063, {'Type': /'XRef', 'Size': 3341, 'W': [1, 4, 2], 'Root': <PDFObjRef:1>, 'Info': <PDFObjRef:3>, 'ID': [b'\x8dG\xecX\xc0,NM\x8f\xeb\xe8k?\x98D\x8a', b'\x8dG\xecX\xc0,NM\x8f\xeb\xe8k?\x98D\x8a'], 'Filter': /'FlateDecode', 'Length': 6086})]
2025-05-26 11:45:41,500 - DEBUG - seek: 100227
2025-05-26 11:45:41,503 - DEBUG - nextline: 100227, b'stream\r\n'
2025-05-26 11:45:41,506 - DEBUG - seek: 106321
2025-05-26 11:45:41,509 - DEBUG - nextline: 106321, b'\r\n'
2025-05-26 11:45:41,511 - DEBUG - nextline: 106323, b'endstream\r\n'
2025-05-26 11:45:41,515 - DEBUG - seek: 106323
2025-05-26 11:45:41,518 - DEBUG - Stream: pos=100235, objlen=6088, dic={'Type': /'XRef', 'Size': 3341, 'W': [1, 4, 2], 'Root': <PDFObjRef:1>, 'Info': <PDFObjRef:3>, 'ID': [b'\x8dG\xecX\xc0,NM\x8f\xeb\xe8k?\x98D\x8a', b'\x8dG\xecX\xc0,NM\x8f\xeb\xe8k?\x98D\x8a'], 'Filter': /'FlateDecode', 'Length': 6086}, data=bytearray(b'x\x9c5\xdcu\xb4e\x05\xc1\x87')...
2025-05-26 11:45:41,521 - DEBUG - nexttoken: (106323, /b'endstream')
2025-05-26 11:45:41,524 - DEBUG - do_keyword: pos=106323, token=/b'endstream', stack=[(100235, <PDFStream(None): raw=6086, {'Type': /'XRef', 'Size': 3341, 'W': [1, 4, 2], 'Root': <PDFObjRef:1>, 'Info': <PDFObjRef:3>, 'ID': [b'\x8dG\xecX\xc0,NM\x8f\xeb\xe8k?\x98D\x8a', b'\x8dG\xecX\xc0,NM\x8f\xeb\xe8k?\x98D\x8a'], 'Filter': /'FlateDecode', 'Length': 6086}>)]
2025-05-26 11:45:41,527 - DEBUG - nexttoken: (106334, /b'endobj')
2025-05-26 11:45:41,530 - DEBUG - do_keyword: pos=106334, token=/b'endobj', stack=[(100235, <PDFStream(None): raw=6086, {'Type': /'XRef', 'Size': 3341, 'W': [1, 4, 2], 'Root': <PDFObjRef:1>, 'Info': <PDFObjRef:3>, 'ID': [b'\x8dG\xecX\xc0,NM\x8f\xeb\xe8k?\x98D\x8a', b'\x8dG\xecX\xc0,NM\x8f\xeb\xe8k?\x98D\x8a'], 'Filter': /'FlateDecode', 'Length': 6086}>), (106323, /b'endstream')]
2025-05-26 11:45:41,533 - DEBUG - add_results: ((100235, <PDFStream(None): raw=6086, {'Type': /'XRef', 'Size': 3341, 'W': [1, 4, 2], 'Root': <PDFObjRef:1>, 'Info': <PDFObjRef:3>, 'ID': [b'\x8dG\xecX\xc0,NM\x8f\xeb\xe8k?\x98D\x8a', b'\x8dG\xecX\xc0,NM\x8f\xeb\xe8k?\x98D\x8a'], 'Filter': /'FlateDecode', 'Length': 6086}>), (106323, /b'endstream'))
2025-05-26 11:45:41,536 - DEBUG - nextobject: (100235, <PDFStream(None): raw=6086, {'Type': /'XRef', 'Size': 3341, 'W': [1, 4, 2], 'Root': <PDFObjRef:1>, 'Info': <PDFObjRef:3>, 'ID': [b'\x8dG\xecX\xc0,NM\x8f\xeb\xe8k?\x98D\x8a', b'\x8dG\xecX\xc0,NM\x8f\xeb\xe8k?\x98D\x8a'], 'Filter': /'FlateDecode', 'Length': 6086}>)
2025-05-26 11:45:41,540 - DEBUG - xref stream: objid=(0, 3341), fields=1,4,2
2025-05-26 11:45:41,544 - DEBUG - trailer: {'Type': /'XRef', 'Size': 3341, 'W': [1, 4, 2], 'Root': <PDFObjRef:1>, 'Info': <PDFObjRef:3>, 'ID': [b'\x8dG\xecX\xc0,NM\x8f\xeb\xe8k?\x98D\x8a', b'\x8dG\xecX\xc0,NM\x8f\xeb\xe8k?\x98D\x8a'], 'Filter': /'FlateDecode', 'Length': 6086}
2025-05-26 11:45:41,547 - DEBUG - seek: 106342
2025-05-26 11:45:41,550 - DEBUG - nexttoken: (106342, /b'xref')
2025-05-26 11:45:41,553 - DEBUG - read_xref_from: start=106342, token=/b'xref'
2025-05-26 11:45:41,557 - DEBUG - nextline: 106346, b'\r\n'
2025-05-26 11:45:41,560 - DEBUG - nextline: 106348, b'0 3342\r\n'
2025-05-26 11:45:41,563 - DEBUG - nextline: 106356, b'0000000048 65535 f\r\n'
2025-05-26 11:45:41,567 - DEBUG - nextline: 106376, b'0000000017 00000 n\r\n'
2025-05-26 11:45:41,570 - DEBUG - nextline: 106396, b'0000000167 00000 n\r\n'
2025-05-26 11:45:41,574 - DEBUG - nextline: 106416, b'0000000343 00000 n\r\n'
2025-05-26 11:45:41,577 - DEBUG - nextline: 106436, b'0000000579 00000 n\r\n'
2025-05-26 11:45:41,581 - DEBUG - nextline: 106456, b'0000000880 00000 n\r\n'
2025-05-26 11:45:41,584 - DEBUG - nextline: 106476, b'0000003247 00000 n\r\n'
2025-05-26 11:45:41,588 - DEBUG - nextline: 106496, b'0000003300 00000 n\r\n'
2025-05-26 11:45:41,592 - DEBUG - nextline: 106516, b'0000003460 00000 n\r\n'
2025-05-26 11:45:41,596 - DEBUG - nextline: 106536, b'0000003684 00000 n\r\n'
2025-05-26 11:45:41,599 - DEBUG - nextline: 106556, b'0000003737 00000 n\r\n'
2025-05-26 11:45:41,603 - DEBUG - nextline: 106576, b'0000003905 00000 n\r\n'
2025-05-26 11:45:41,607 - DEBUG - nextline: 106596, b'0000004135 00000 n\r\n'
2025-05-26 11:45:41,614 - DEBUG - nextline: 106616, b'0000005786 00000 n\r\n'
2025-05-26 11:45:41,618 - DEBUG - nextline: 106636, b'0000006015 00000 n\r\n'
2025-05-26 11:45:41,622 - DEBUG - nextline: 106656, b'0000006291 00000 n\r\n'
2025-05-26 11:45:41,626 - DEBUG - nextline: 106676, b'0000009896 00000 n\r\n'
2025-05-26 11:45:41,629 - DEBUG - nextline: 106696, b'0000010162 00000 n\r\n'
2025-05-26 11:45:41,633 - DEBUG - nextline: 106716, b'0000011730 00000 n\r\n'
2025-05-26 11:45:41,636 - DEBUG - nextline: 106736, b'0000011996 00000 n\r\n'
2025-05-26 11:45:41,641 - DEBUG - nextline: 106756, b'0000015797 00000 n\r\n'
2025-05-26 11:45:41,645 - DEBUG - nextline: 106776, b'0000016063 00000 n\r\n'
2025-05-26 11:45:41,648 - DEBUG - nextline: 106796, b'0000017885 00000 n\r\n'
2025-05-26 11:45:41,652 - DEBUG - nextline: 106816, b'0000018151 00000 n\r\n'
2025-05-26 11:45:41,658 - DEBUG - nextline: 106836, b'0000021934 00000 n\r\n'
2025-05-26 11:45:41,662 - DEBUG - nextline: 106856, b'0000022200 00000 n\r\n'
2025-05-26 11:45:41,666 - DEBUG - nextline: 106876, b'0000023678 00000 n\r\n'
2025-05-26 11:45:41,670 - DEBUG - nextline: 106896, b'0000023944 00000 n\r\n'
2025-05-26 11:45:41,674 - DEBUG - nextline: 106916, b'0000027373 00000 n\r\n'
2025-05-26 11:45:41,678 - DEBUG - nextline: 106936, b'0000027639 00000 n\r\n'
2025-05-26 11:45:41,681 - DEBUG - nextline: 106956, b'0000029433 00000 n\r\n'
2025-05-26 11:45:41,685 - DEBUG - nextline: 106976, b'0000029699 00000 n\r\n'
2025-05-26 11:45:41,689 - DEBUG - nextline: 106996, b'0000033424 00000 n\r\n'
2025-05-26 11:45:41,694 - DEBUG - nextline: 107016, b'0000033691 00000 n\r\n'
2025-05-26 11:45:41,698 - DEBUG - nextline: 107036, b'0000035149 00000 n\r\n'
2025-05-26 11:45:41,702 - DEBUG - nextline: 107056, b'0000035416 00000 n\r\n'
2025-05-26 11:45:41,707 - DEBUG - nextline: 107076, b'0000038678 00000 n\r\n'
2025-05-26 11:45:41,711 - DEBUG - nextline: 107096, b'0000038945 00000 n\r\n'
2025-05-26 11:45:41,715 - DEBUG - nextline: 107116, b'0000040422 00000 n\r\n'
2025-05-26 11:45:41,719 - DEBUG - nextline: 107136, b'0000040689 00000 n\r\n'
2025-05-26 11:45:41,724 - DEBUG - nextline: 107156, b'0000043948 00000 n\r\n'
2025-05-26 11:45:41,728 - DEBUG - nextline: 107176, b'0000044215 00000 n\r\n'
2025-05-26 11:45:41,733 - DEBUG - nextline: 107196, b'0000045720 00000 n\r\n'
2025-05-26 11:45:41,737 - DEBUG - nextline: 107216, b'0000045987 00000 n\r\n'
2025-05-26 11:45:41,743 - DEBUG - nextline: 107236, b'0000049470 00000 n\r\n'
2025-05-26 11:45:41,747 - DEBUG - nextline: 107256, b'0000049747 00000 n\r\n'
2025-05-26 11:45:41,752 - DEBUG - nextline: 107276, b'0000051593 00000 n\r\n'
2025-05-26 11:45:41,757 - DEBUG - nextline: 107296, b'0000051870 00000 n\r\n'
2025-05-26 11:45:41,763 - DEBUG - nextline: 107316, b'0000000049 65535 f\r\n'
2025-05-26 11:45:41,767 - DEBUG - nextline: 107336, b'0000000050 65535 f\r\n'
2025-05-26 11:45:41,773 - DEBUG - nextline: 107356, b'0000000051 65535 f\r\n'
2025-05-26 11:45:41,778 - DEBUG - nextline: 107376, b'0000000052 65535 f\r\n'
2025-05-26 11:45:41,782 - DEBUG - nextline: 107396, b'0000000053 65535 f\r\n'
2025-05-26 11:45:41,787 - DEBUG - nextline: 107416, b'0000000054 65535 f\r\n'
2025-05-26 11:45:41,792 - DEBUG - nextline: 107436, b'0000000055 65535 f\r\n'
2025-05-26 11:45:41,797 - DEBUG - nextline: 107456, b'0000000056 65535 f\r\n'
2025-05-26 11:45:41,801 - DEBUG - nextline: 107476, b'0000000057 65535 f\r\n'
2025-05-26 11:45:41,806 - DEBUG - nextline: 107496, b'0000000058 65535 f\r\n'
2025-05-26 11:45:41,811 - DEBUG - nextline: 107516, b'0000000059 65535 f\r\n'
2025-05-26 11:45:41,816 - DEBUG - nextline: 107536, b'0000000060 65535 f\r\n'
2025-05-26 11:45:41,821 - DEBUG - nextline: 107556, b'0000000061 65535 f\r\n'
2025-05-26 11:45:41,826 - DEBUG - nextline: 107576, b'0000000062 65535 f\r\n'
2025-05-26 11:45:41,830 - DEBUG - nextline: 107596, b'0000000063 65535 f\r\n'
2025-05-26 11:45:41,835 - DEBUG - nextline: 107616, b'0000000064 65535 f\r\n'
2025-05-26 11:45:41,840 - DEBUG - nextline: 107636, b'0000000065 65535 f\r\n'
2025-05-26 11:45:41,845 - DEBUG - nextline: 107656, b'0000000066 65535 f\r\n'
2025-05-26 11:45:41,850 - DEBUG - nextline: 107676, b'0000000067 65535 f\r\n'
2025-05-26 11:45:41,856 - DEBUG - nextline: 107696, b'0000000068 65535 f\r\n'
2025-05-26 11:45:41,861 - DEBUG - nextline: 107716, b'0000000069 65535 f\r\n'
2025-05-26 11:45:41,866 - DEBUG - nextline: 107736, b'0000000070 65535 f\r\n'
2025-05-26 11:45:41,870 - DEBUG - nextline: 107756, b'0000000071 65535 f\r\n'
2025-05-26 11:45:41,876 - DEBUG - nextline: 107776, b'0000000072 65535 f\r\n'
2025-05-26 11:45:41,881 - DEBUG - nextline: 107796, b'0000000073 65535 f\r\n'
2025-05-26 11:45:41,886 - DEBUG - nextline: 107816, b'0000000074 65535 f\r\n'
2025-05-26 11:45:41,891 - DEBUG - nextline: 107836, b'0000000075 65535 f\r\n'
2025-05-26 11:45:41,896 - DEBUG - nextline: 107856, b'0000000076 65535 f\r\n'
2025-05-26 11:45:41,900 - DEBUG - nextline: 107876, b'0000000077 65535 f\r\n'
2025-05-26 11:45:41,905 - DEBUG - nextline: 107896, b'0000000078 65535 f\r\n'
2025-05-26 11:45:41,911 - DEBUG - nextline: 107916, b'0000000079 65535 f\r\n'
2025-05-26 11:45:41,916 - DEBUG - nextline: 107936, b'0000000080 65535 f\r\n'
2025-05-26 11:45:41,922 - DEBUG - nextline: 107956, b'0000000081 65535 f\r\n'
2025-05-26 11:45:41,927 - DEBUG - nextline: 107976, b'0000000082 65535 f\r\n'
2025-05-26 11:45:41,933 - DEBUG - nextline: 107996, b'0000000083 65535 f\r\n'
2025-05-26 11:45:41,938 - DEBUG - nextline: 108016, b'0000000084 65535 f\r\n'
2025-05-26 11:45:41,944 - DEBUG - nextline: 108036, b'0000000085 65535 f\r\n'
2025-05-26 11:45:41,949 - DEBUG - nextline: 108056, b'0000000086 65535 f\r\n'
2025-05-26 11:45:41,961 - DEBUG - nextline: 108076, b'0000000087 65535 f\r\n'
2025-05-26 11:45:41,966 - DEBUG - nextline: 108096, b'0000000088 65535 f\r\n'
2025-05-26 11:45:41,971 - DEBUG - nextline: 108116, b'0000000089 65535 f\r\n'
2025-05-26 11:45:41,977 - DEBUG - nextline: 108136, b'0000000090 65535 f\r\n'
2025-05-26 11:45:41,982 - DEBUG - nextline: 108156, b'0000000091 65535 f\r\n'
2025-05-26 11:45:41,987 - DEBUG - nextline: 108176, b'0000000092 65535 f\r\n'
2025-05-26 11:45:41,993 - DEBUG - nextline: 108196, b'0000000093 65535 f\r\n'
2025-05-26 11:45:41,999 - DEBUG - nextline: 108216, b'0000000094 65535 f\r\n'
2025-05-26 11:45:42,004 - DEBUG - nextline: 108236, b'0000000095 65535 f\r\n'
2025-05-26 11:45:42,010 - DEBUG - nextline: 108256, b'0000000096 65535 f\r\n'
2025-05-26 11:45:42,016 - DEBUG - nextline: 108276, b'0000000097 65535 f\r\n'
2025-05-26 11:45:42,021 - DEBUG - nextline: 108296, b'0000000098 65535 f\r\n'
2025-05-26 11:45:42,027 - DEBUG - nextline: 108316, b'0000000099 65535 f\r\n'
2025-05-26 11:45:42,033 - DEBUG - nextline: 108336, b'0000000100 65535 f\r\n'
2025-05-26 11:45:42,038 - DEBUG - nextline: 108356, b'0000000101 65535 f\r\n'
2025-05-26 11:45:42,046 - DEBUG - nextline: 108376, b'0000000102 65535 f\r\n'
2025-05-26 11:45:42,052 - DEBUG - nextline: 108396, b'0000000103 65535 f\r\n'
2025-05-26 11:45:42,058 - DEBUG - nextline: 108416, b'0000000104 65535 f\r\n'
2025-05-26 11:45:42,063 - DEBUG - nextline: 108436, b'0000000105 65535 f\r\n'
2025-05-26 11:45:42,070 - DEBUG - nextline: 108456, b'0000000106 65535 f\r\n'
2025-05-26 11:45:42,077 - DEBUG - nextline: 108476, b'0000000107 65535 f\r\n'
2025-05-26 11:45:42,083 - DEBUG - nextline: 108496, b'0000000108 65535 f\r\n'
2025-05-26 11:45:42,089 - DEBUG - nextline: 108516, b'0000000109 65535 f\r\n'
2025-05-26 11:45:42,095 - DEBUG - nextline: 108536, b'0000000110 65535 f\r\n'
2025-05-26 11:45:42,101 - DEBUG - nextline: 108556, b'0000000111 65535 f\r\n'
2025-05-26 11:45:42,107 - DEBUG - nextline: 108576, b'0000000112 65535 f\r\n'
2025-05-26 11:45:42,113 - DEBUG - nextline: 108596, b'0000000113 65535 f\r\n'
2025-05-26 11:45:42,118 - DEBUG - nextline: 108616, b'0000000114 65535 f\r\n'
2025-05-26 11:45:42,125 - DEBUG - nextline: 108636, b'0000000115 65535 f\r\n'
2025-05-26 11:45:42,131 - DEBUG - nextline: 108656, b'0000000116 65535 f\r\n'
2025-05-26 11:45:42,136 - DEBUG - nextline: 108676, b'0000000117 65535 f\r\n'
2025-05-26 11:45:42,142 - DEBUG - nextline: 108696, b'0000000118 65535 f\r\n'
2025-05-26 11:45:42,148 - DEBUG - nextline: 108716, b'0000000119 65535 f\r\n'
2025-05-26 11:45:42,154 - DEBUG - nextline: 108736, b'0000000120 65535 f\r\n'
2025-05-26 11:45:42,160 - DEBUG - nextline: 108756, b'0000000121 65535 f\r\n'
2025-05-26 11:45:42,166 - DEBUG - nextline: 108776, b'0000000122 65535 f\r\n'
2025-05-26 11:45:42,172 - DEBUG - nextline: 108796, b'0000000123 65535 f\r\n'
2025-05-26 11:45:42,178 - DEBUG - nextline: 108816, b'0000000124 65535 f\r\n'
2025-05-26 11:45:42,184 - DEBUG - nextline: 108836, b'0000000125 65535 f\r\n'
2025-05-26 11:45:42,190 - DEBUG - nextline: 108856, b'0000000126 65535 f\r\n'
2025-05-26 11:45:42,196 - DEBUG - nextline: 108876, b'0000000127 65535 f\r\n'
2025-05-26 11:45:42,202 - DEBUG - nextline: 108896, b'0000000128 65535 f\r\n'
2025-05-26 11:45:42,208 - DEBUG - nextline: 108916, b'0000000129 65535 f\r\n'
2025-05-26 11:45:42,214 - DEBUG - nextline: 108936, b'0000000130 65535 f\r\n'
2025-05-26 11:45:42,220 - DEBUG - nextline: 108956, b'0000000131 65535 f\r\n'
2025-05-26 11:45:42,227 - DEBUG - nextline: 108976, b'0000000132 65535 f\r\n'
2025-05-26 11:45:42,233 - DEBUG - nextline: 108996, b'0000000133 65535 f\r\n'
2025-05-26 11:45:42,240 - DEBUG - nextline: 109016, b'0000000134 65535 f\r\n'
2025-05-26 11:45:42,246 - DEBUG - nextline: 109036, b'0000000135 65535 f\r\n'
2025-05-26 11:45:42,252 - DEBUG - nextline: 109056, b'0000000136 65535 f\r\n'
2025-05-26 11:45:42,259 - DEBUG - nextline: 109076, b'0000000137 65535 f\r\n'
2025-05-26 11:45:42,266 - DEBUG - nextline: 109096, b'0000000138 65535 f\r\n'
2025-05-26 11:45:42,272 - DEBUG - nextline: 109116, b'0000000139 65535 f\r\n'
2025-05-26 11:45:42,279 - DEBUG - nextline: 109136, b'0000000140 65535 f\r\n'
2025-05-26 11:45:42,285 - DEBUG - nextline: 109156, b'0000000141 65535 f\r\n'
2025-05-26 11:45:42,293 - DEBUG - nextline: 109176, b'0000000142 65535 f\r\n'
2025-05-26 11:45:42,299 - DEBUG - nextline: 109196, b'0000000143 65535 f\r\n'
2025-05-26 11:45:42,306 - DEBUG - nextline: 109216, b'0000000144 65535 f\r\n'
2025-05-26 11:45:42,312 - DEBUG - nextline: 109236, b'0000000145 65535 f\r\n'
2025-05-26 11:45:42,319 - DEBUG - nextline: 109256, b'0000000146 65535 f\r\n'
2025-05-26 11:45:42,326 - DEBUG - nextline: 109276, b'0000000147 65535 f\r\n'
2025-05-26 11:45:42,332 - DEBUG - nextline: 109296, b'0000000148 65535 f\r\n'
2025-05-26 11:45:42,340 - DEBUG - nextline: 109316, b'0000000149 65535 f\r\n'
2025-05-26 11:45:42,346 - DEBUG - nextline: 109336, b'0000000150 65535 f\r\n'
2025-05-26 11:45:42,353 - DEBUG - nextline: 109356, b'0000000151 65535 f\r\n'
2025-05-26 11:45:42,361 - DEBUG - nextline: 109376, b'0000000152 65535 f\r\n'
2025-05-26 11:45:42,368 - DEBUG - nextline: 109396, b'0000000153 65535 f\r\n'
2025-05-26 11:45:42,377 - DEBUG - nextline: 109416, b'0000000154 65535 f\r\n'
2025-05-26 11:45:42,383 - DEBUG - nextline: 109436, b'0000000155 65535 f\r\n'
2025-05-26 11:45:42,390 - DEBUG - nextline: 109456, b'0000000156 65535 f\r\n'
2025-05-26 11:45:42,397 - DEBUG - nextline: 109476, b'0000000157 65535 f\r\n'
2025-05-26 11:45:42,403 - DEBUG - nextline: 109496, b'0000000158 65535 f\r\n'
2025-05-26 11:45:42,412 - DEBUG - nextline: 109516, b'0000000159 65535 f\r\n'
2025-05-26 11:45:42,418 - DEBUG - nextline: 109536, b'0000000160 65535 f\r\n'
2025-05-26 11:45:42,425 - DEBUG - nextline: 109556, b'0000000161 65535 f\r\n'
2025-05-26 11:45:42,432 - DEBUG - nextline: 109576, b'0000000162 65535 f\r\n'
2025-05-26 11:45:42,440 - DEBUG - nextline: 109596, b'0000000163 65535 f\r\n'
2025-05-26 11:45:42,447 - DEBUG - nextline: 109616, b'0000000164 65535 f\r\n'
2025-05-26 11:45:42,454 - DEBUG - nextline: 109636, b'0000000165 65535 f\r\n'
2025-05-26 11:45:42,462 - DEBUG - nextline: 109656, b'0000000166 65535 f\r\n'
2025-05-26 11:45:42,469 - DEBUG - nextline: 109676, b'0000000167 65535 f\r\n'
2025-05-26 11:45:42,476 - DEBUG - nextline: 109696, b'0000000168 65535 f\r\n'
2025-05-26 11:45:42,483 - DEBUG - nextline: 109716, b'0000000169 65535 f\r\n'
2025-05-26 11:45:42,490 - DEBUG - nextline: 109736, b'0000000170 65535 f\r\n'
2025-05-26 11:45:42,497 - DEBUG - nextline: 109756, b'0000000171 65535 f\r\n'
2025-05-26 11:45:42,504 - DEBUG - nextline: 109776, b'0000000172 65535 f\r\n'
2025-05-26 11:45:42,512 - DEBUG - nextline: 109796, b'0000000173 65535 f\r\n'
2025-05-26 11:45:42,519 - DEBUG - nextline: 109816, b'0000000174 65535 f\r\n'
2025-05-26 11:45:42,527 - DEBUG - nextline: 109836, b'0000000175 65535 f\r\n'
2025-05-26 11:45:42,534 - DEBUG - nextline: 109856, b'0000000176 65535 f\r\n'
2025-05-26 11:45:42,542 - DEBUG - nextline: 109876, b'0000000177 65535 f\r\n'
2025-05-26 11:45:42,549 - DEBUG - nextline: 109896, b'0000000178 65535 f\r\n'
2025-05-26 11:45:42,557 - DEBUG - nextline: 109916, b'0000000179 65535 f\r\n'
2025-05-26 11:45:42,564 - DEBUG - nextline: 109936, b'0000000180 65535 f\r\n'
2025-05-26 11:45:42,571 - DEBUG - nextline: 109956, b'0000000181 65535 f\r\n'
2025-05-26 11:45:42,579 - DEBUG - nextline: 109976, b'0000000182 65535 f\r\n'
2025-05-26 11:45:42,587 - DEBUG - nextline: 109996, b'0000000183 65535 f\r\n'
2025-05-26 11:45:42,594 - DEBUG - nextline: 110016, b'0000000184 65535 f\r\n'
2025-05-26 11:45:42,601 - DEBUG - nextline: 110036, b'0000000185 65535 f\r\n'
2025-05-26 11:45:42,609 - DEBUG - nextline: 110056, b'0000000186 65535 f\r\n'
2025-05-26 11:45:42,617 - DEBUG - nextline: 110076, b'0000000187 65535 f\r\n'
2025-05-26 11:45:42,625 - DEBUG - nextline: 110096, b'0000000188 65535 f\r\n'
2025-05-26 11:45:42,632 - DEBUG - nextline: 110116, b'0000000189 65535 f\r\n'
2025-05-26 11:45:42,640 - DEBUG - nextline: 110136, b'0000000190 65535 f\r\n'
2025-05-26 11:45:42,648 - DEBUG - nextline: 110156, b'0000000191 65535 f\r\n'
2025-05-26 11:45:42,657 - DEBUG - nextline: 110176, b'0000000192 65535 f\r\n'
2025-05-26 11:45:42,665 - DEBUG - nextline: 110196, b'0000000193 65535 f\r\n'
2025-05-26 11:45:42,673 - DEBUG - nextline: 110216, b'0000000194 65535 f\r\n'
2025-05-26 11:45:42,681 - DEBUG - nextline: 110236, b'0000000195 65535 f\r\n'
2025-05-26 11:45:42,690 - DEBUG - nextline: 110256, b'0000000196 65535 f\r\n'
2025-05-26 11:45:42,698 - DEBUG - nextline: 110276, b'0000000197 65535 f\r\n'
2025-05-26 11:45:42,705 - DEBUG - nextline: 110296, b'0000000198 65535 f\r\n'
2025-05-26 11:45:42,713 - DEBUG - nextline: 110316, b'0000000199 65535 f\r\n'
2025-05-26 11:45:42,721 - DEBUG - nextline: 110336, b'0000000200 65535 f\r\n'
2025-05-26 11:45:42,729 - DEBUG - nextline: 110356, b'0000000201 65535 f\r\n'
2025-05-26 11:45:42,737 - DEBUG - nextline: 110376, b'0000000202 65535 f\r\n'
2025-05-26 11:45:42,745 - DEBUG - nextline: 110396, b'0000000203 65535 f\r\n'
2025-05-26 11:45:42,752 - DEBUG - nextline: 110416, b'0000000204 65535 f\r\n'
2025-05-26 11:45:42,765 - DEBUG - nextline: 110436, b'0000000205 65535 f\r\n'
2025-05-26 11:45:42,774 - DEBUG - nextline: 110456, b'0000000206 65535 f\r\n'
2025-05-26 11:45:42,781 - DEBUG - nextline: 110476, b'0000000207 65535 f\r\n'
2025-05-26 11:45:42,790 - DEBUG - nextline: 110496, b'0000000208 65535 f\r\n'
2025-05-26 11:45:42,797 - DEBUG - nextline: 110516, b'0000000209 65535 f\r\n'
2025-05-26 11:45:42,805 - DEBUG - nextline: 110536, b'0000000210 65535 f\r\n'
2025-05-26 11:45:42,813 - DEBUG - nextline: 110556, b'0000000211 65535 f\r\n'
2025-05-26 11:45:42,821 - DEBUG - nextline: 110576, b'0000000212 65535 f\r\n'
2025-05-26 11:45:42,829 - DEBUG - nextline: 110596, b'0000000213 65535 f\r\n'
2025-05-26 11:45:42,837 - DEBUG - nextline: 110616, b'0000000214 65535 f\r\n'
2025-05-26 11:45:42,845 - DEBUG - nextline: 110636, b'0000000215 65535 f\r\n'
2025-05-26 11:45:42,853 - DEBUG - nextline: 110656, b'0000000216 65535 f\r\n'
2025-05-26 11:45:42,862 - DEBUG - nextline: 110676, b'0000000217 65535 f\r\n'
2025-05-26 11:45:42,870 - DEBUG - nextline: 110696, b'0000000218 65535 f\r\n'
2025-05-26 11:45:42,879 - DEBUG - nextline: 110716, b'0000000219 65535 f\r\n'
2025-05-26 11:45:42,887 - DEBUG - nextline: 110736, b'0000000220 65535 f\r\n'
2025-05-26 11:45:42,897 - DEBUG - nextline: 110756, b'0000000221 65535 f\r\n'
2025-05-26 11:45:42,905 - DEBUG - nextline: 110776, b'0000000222 65535 f\r\n'
2025-05-26 11:45:42,914 - DEBUG - nextline: 110796, b'0000000223 65535 f\r\n'
2025-05-26 11:45:42,922 - DEBUG - nextline: 110816, b'0000000224 65535 f\r\n'
2025-05-26 11:45:42,930 - DEBUG - nextline: 110836, b'0000000225 65535 f\r\n'
2025-05-26 11:45:42,939 - DEBUG - nextline: 110856, b'0000000226 65535 f\r\n'
2025-05-26 11:45:42,949 - DEBUG - nextline: 110876, b'0000000227 65535 f\r\n'
2025-05-26 11:45:42,959 - DEBUG - nextline: 110896, b'0000000228 65535 f\r\n'
2025-05-26 11:45:42,967 - DEBUG - nextline: 110916, b'0000000229 65535 f\r\n'
2025-05-26 11:45:42,976 - DEBUG - nextline: 110936, b'0000000230 65535 f\r\n'
2025-05-26 11:45:42,985 - DEBUG - nextline: 110956, b'0000000231 65535 f\r\n'
2025-05-26 11:45:42,994 - DEBUG - nextline: 110976, b'0000000232 65535 f\r\n'
2025-05-26 11:45:43,003 - DEBUG - nextline: 110996, b'0000000233 65535 f\r\n'
2025-05-26 11:45:43,012 - DEBUG - nextline: 111016, b'0000000234 65535 f\r\n'
2025-05-26 11:45:43,020 - DEBUG - nextline: 111036, b'0000000235 65535 f\r\n'
2025-05-26 11:45:43,029 - DEBUG - nextline: 111056, b'0000000236 65535 f\r\n'
2025-05-26 11:45:43,037 - DEBUG - nextline: 111076, b'0000000237 65535 f\r\n'
2025-05-26 11:45:43,046 - DEBUG - nextline: 111096, b'0000000238 65535 f\r\n'
2025-05-26 11:45:43,055 - DEBUG - nextline: 111116, b'0000000239 65535 f\r\n'
2025-05-26 11:45:43,064 - DEBUG - nextline: 111136, b'0000000240 65535 f\r\n'
2025-05-26 11:45:43,072 - DEBUG - nextline: 111156, b'0000000241 65535 f\r\n'
2025-05-26 11:45:43,080 - DEBUG - nextline: 111176, b'0000000242 65535 f\r\n'
2025-05-26 11:45:43,091 - DEBUG - nextline: 111196, b'0000000243 65535 f\r\n'
2025-05-26 11:45:43,099 - DEBUG - nextline: 111216, b'0000000244 65535 f\r\n'
2025-05-26 11:45:43,109 - DEBUG - nextline: 111236, b'0000000245 65535 f\r\n'
2025-05-26 11:45:43,118 - DEBUG - nextline: 111256, b'0000000246 65535 f\r\n'
2025-05-26 11:45:43,127 - DEBUG - nextline: 111276, b'0000000247 65535 f\r\n'
2025-05-26 11:45:43,136 - DEBUG - nextline: 111296, b'0000000248 65535 f\r\n'
2025-05-26 11:45:43,145 - DEBUG - nextline: 111316, b'0000000249 65535 f\r\n'
2025-05-26 11:45:43,154 - DEBUG - nextline: 111336, b'0000000250 65535 f\r\n'
2025-05-26 11:45:43,163 - DEBUG - nextline: 111356, b'0000000251 65535 f\r\n'
2025-05-26 11:45:43,171 - DEBUG - nextline: 111376, b'0000000252 65535 f\r\n'
2025-05-26 11:45:43,181 - DEBUG - nextline: 111396, b'0000000253 65535 f\r\n'
2025-05-26 11:45:43,190 - DEBUG - nextline: 111416, b'0000000254 65535 f\r\n'
2025-05-26 11:45:43,199 - DEBUG - nextline: 111436, b'0000000255 65535 f\r\n'
2025-05-26 11:45:43,208 - DEBUG - nextline: 111456, b'0000000256 65535 f\r\n'
2025-05-26 11:45:43,217 - DEBUG - nextline: 111476, b'0000000257 65535 f\r\n'
2025-05-26 11:45:43,227 - DEBUG - nextline: 111496, b'0000000258 65535 f\r\n'
2025-05-26 11:45:43,237 - DEBUG - nextline: 111516, b'0000000259 65535 f\r\n'
2025-05-26 11:45:43,247 - DEBUG - nextline: 111536, b'0000000260 65535 f\r\n'
2025-05-26 11:45:43,256 - DEBUG - nextline: 111556, b'0000000261 65535 f\r\n'
2025-05-26 11:45:43,265 - DEBUG - nextline: 111576, b'0000000262 65535 f\r\n'
2025-05-26 11:45:43,276 - DEBUG - nextline: 111596, b'0000000263 65535 f\r\n'
2025-05-26 11:45:43,292 - DEBUG - nextline: 111616, b'0000000264 65535 f\r\n'
2025-05-26 11:45:43,302 - DEBUG - nextline: 111636, b'0000000265 65535 f\r\n'
2025-05-26 11:45:43,314 - DEBUG - nextline: 111656, b'0000000266 65535 f\r\n'
2025-05-26 11:45:43,332 - DEBUG - nextline: 111676, b'0000000267 65535 f\r\n'
2025-05-26 11:45:43,347 - DEBUG - nextline: 111696, b'0000000268 65535 f\r\n'
2025-05-26 11:45:43,361 - DEBUG - nextline: 111716, b'0000000269 65535 f\r\n'
2025-05-26 11:45:43,371 - DEBUG - nextline: 111736, b'0000000270 65535 f\r\n'
2025-05-26 11:45:43,384 - DEBUG - nextline: 111756, b'0000000271 65535 f\r\n'
2025-05-26 11:45:43,394 - DEBUG - nextline: 111776, b'0000000272 65535 f\r\n'
2025-05-26 11:45:43,404 - DEBUG - nextline: 111796, b'0000000273 65535 f\r\n'
2025-05-26 11:45:43,413 - DEBUG - nextline: 111816, b'0000000274 65535 f\r\n'
2025-05-26 11:45:43,423 - DEBUG - nextline: 111836, b'0000000275 65535 f\r\n'
2025-05-26 11:45:43,433 - DEBUG - nextline: 111856, b'0000000276 65535 f\r\n'
2025-05-26 11:45:43,443 - DEBUG - nextline: 111876, b'0000000277 65535 f\r\n'
2025-05-26 11:45:43,453 - DEBUG - nextline: 111896, b'0000000278 65535 f\r\n'
2025-05-26 11:45:43,465 - DEBUG - nextline: 111916, b'0000000279 65535 f\r\n'
2025-05-26 11:45:43,475 - DEBUG - nextline: 111936, b'0000000280 65535 f\r\n'
2025-05-26 11:45:43,484 - DEBUG - nextline: 111956, b'0000000281 65535 f\r\n'
2025-05-26 11:45:43,494 - DEBUG - nextline: 111976, b'0000000282 65535 f\r\n'
2025-05-26 11:45:43,504 - DEBUG - nextline: 111996, b'0000000283 65535 f\r\n'
2025-05-26 11:45:43,513 - DEBUG - nextline: 112016, b'0000000284 65535 f\r\n'
2025-05-26 11:45:43,522 - DEBUG - nextline: 112036, b'0000000285 65535 f\r\n'
2025-05-26 11:45:43,531 - DEBUG - nextline: 112056, b'0000000286 65535 f\r\n'
2025-05-26 11:45:43,541 - DEBUG - nextline: 112076, b'0000000287 65535 f\r\n'
2025-05-26 11:45:43,551 - DEBUG - nextline: 112096, b'0000000288 65535 f\r\n'
2025-05-26 11:45:43,562 - DEBUG - nextline: 112116, b'0000000289 65535 f\r\n'
2025-05-26 11:45:43,573 - DEBUG - nextline: 112136, b'0000000290 65535 f\r\n'
2025-05-26 11:45:43,583 - DEBUG - nextline: 112156, b'0000000291 65535 f\r\n'
2025-05-26 11:45:43,593 - DEBUG - nextline: 112176, b'0000000292 65535 f\r\n'
2025-05-26 11:45:43,604 - DEBUG - nextline: 112196, b'0000000293 65535 f\r\n'
2025-05-26 11:45:43,619 - DEBUG - nextline: 112216, b'0000000294 65535 f\r\n'
2025-05-26 11:45:43,631 - DEBUG - nextline: 112236, b'0000000295 65535 f\r\n'
2025-05-26 11:45:43,646 - DEBUG - nextline: 112256, b'0000000296 65535 f\r\n'
2025-05-26 11:45:43,659 - DEBUG - nextline: 112276, b'0000000297 65535 f\r\n'
2025-05-26 11:45:43,669 - DEBUG - nextline: 112296, b'0000000298 65535 f\r\n'
2025-05-26 11:45:43,680 - DEBUG - nextline: 112316, b'0000000299 65535 f\r\n'
2025-05-26 11:45:43,691 - DEBUG - nextline: 112336, b'0000000300 65535 f\r\n'
2025-05-26 11:45:43,702 - DEBUG - nextline: 112356, b'0000000301 65535 f\r\n'
2025-05-26 11:45:43,713 - DEBUG - nextline: 112376, b'0000000302 65535 f\r\n'
2025-05-26 11:45:43,724 - DEBUG - nextline: 112396, b'0000000303 65535 f\r\n'
2025-05-26 11:45:43,735 - DEBUG - nextline: 112416, b'0000000304 65535 f\r\n'
2025-05-26 11:45:43,746 - DEBUG - nextline: 112436, b'0000000305 65535 f\r\n'
2025-05-26 11:45:43,756 - DEBUG - nextline: 112456, b'0000000306 65535 f\r\n'
2025-05-26 11:45:43,766 - DEBUG - nextline: 112476, b'0000000307 65535 f\r\n'
2025-05-26 11:45:43,775 - DEBUG - nextline: 112496, b'0000000308 65535 f\r\n'
2025-05-26 11:45:43,785 - DEBUG - nextline: 112516, b'0000000309 65535 f\r\n'
2025-05-26 11:45:43,796 - DEBUG - nextline: 112536, b'0000000310 65535 f\r\n'
2025-05-26 11:45:43,806 - DEBUG - nextline: 112556, b'0000000311 65535 f\r\n'
2025-05-26 11:45:43,816 - DEBUG - nextline: 112576, b'0000000312 65535 f\r\n'
2025-05-26 11:45:43,828 - DEBUG - nextline: 112596, b'0000000313 65535 f\r\n'
2025-05-26 11:45:43,839 - DEBUG - nextline: 112616, b'0000000314 65535 f\r\n'
2025-05-26 11:45:43,850 - DEBUG - nextline: 112636, b'0000000315 65535 f\r\n'
2025-05-26 11:45:43,862 - DEBUG - nextline: 112656, b'0000000316 65535 f\r\n'
2025-05-26 11:45:43,875 - DEBUG - nextline: 112676, b'0000000317 65535 f\r\n'
2025-05-26 11:45:43,885 - DEBUG - nextline: 112696, b'0000000318 65535 f\r\n'
2025-05-26 11:45:43,895 - DEBUG - nextline: 112716, b'0000000319 65535 f\r\n'
2025-05-26 11:45:43,905 - DEBUG - nextline: 112736, b'0000000320 65535 f\r\n'
2025-05-26 11:45:43,920 - DEBUG - nextline: 112756, b'0000000321 65535 f\r\n'
2025-05-26 11:45:43,932 - DEBUG - nextline: 112776, b'0000000322 65535 f\r\n'
2025-05-26 11:45:43,943 - DEBUG - nextline: 112796, b'0000000323 65535 f\r\n'
2025-05-26 11:45:43,954 - DEBUG - nextline: 112816, b'0000000324 65535 f\r\n'
2025-05-26 11:45:43,965 - DEBUG - nextline: 112836, b'0000000325 65535 f\r\n'
2025-05-26 11:45:43,975 - DEBUG - nextline: 112856, b'0000000326 65535 f\r\n'
2025-05-26 11:45:43,985 - DEBUG - nextline: 112876, b'0000000327 65535 f\r\n'
2025-05-26 11:45:43,996 - DEBUG - nextline: 112896, b'0000000328 65535 f\r\n'
2025-05-26 11:45:44,007 - DEBUG - nextline: 112916, b'0000000329 65535 f\r\n'
2025-05-26 11:45:44,017 - DEBUG - nextline: 112936, b'0000000330 65535 f\r\n'
2025-05-26 11:45:44,029 - DEBUG - nextline: 112956, b'0000000331 65535 f\r\n'
2025-05-26 11:45:44,040 - DEBUG - nextline: 112976, b'0000000332 65535 f\r\n'
2025-05-26 11:45:44,050 - DEBUG - nextline: 112996, b'0000000333 65535 f\r\n'
2025-05-26 11:45:44,062 - DEBUG - nextline: 113016, b'0000000334 65535 f\r\n'
2025-05-26 11:45:44,073 - DEBUG - nextline: 113036, b'0000000335 65535 f\r\n'
2025-05-26 11:45:44,083 - DEBUG - nextline: 113056, b'0000000336 65535 f\r\n'
2025-05-26 11:45:44,095 - DEBUG - nextline: 113076, b'0000000337 65535 f\r\n'
2025-05-26 11:45:44,107 - DEBUG - nextline: 113096, b'0000000338 65535 f\r\n'
2025-05-26 11:45:44,117 - DEBUG - nextline: 113116, b'0000000339 65535 f\r\n'
2025-05-26 11:45:44,129 - DEBUG - nextline: 113136, b'0000000340 65535 f\r\n'
2025-05-26 11:45:44,141 - DEBUG - nextline: 113156, b'0000000341 65535 f\r\n'
2025-05-26 11:45:44,152 - DEBUG - nextline: 113176, b'0000000342 65535 f\r\n'
2025-05-26 11:45:44,169 - DEBUG - nextline: 113196, b'0000000343 65535 f\r\n'
2025-05-26 11:45:44,183 - DEBUG - nextline: 113216, b'0000000344 65535 f\r\n'
2025-05-26 11:45:44,196 - DEBUG - nextline: 113236, b'0000000345 65535 f\r\n'
2025-05-26 11:45:44,209 - DEBUG - nextline: 113256, b'0000000346 65535 f\r\n'
2025-05-26 11:45:44,227 - DEBUG - nextline: 113276, b'0000000347 65535 f\r\n'
2025-05-26 11:45:44,241 - DEBUG - nextline: 113296, b'0000000348 65535 f\r\n'
2025-05-26 11:45:44,253 - DEBUG - nextline: 113316, b'0000000349 65535 f\r\n'
2025-05-26 11:45:44,265 - DEBUG - nextline: 113336, b'0000000350 65535 f\r\n'
2025-05-26 11:45:44,277 - DEBUG - nextline: 113356, b'0000000351 65535 f\r\n'
2025-05-26 11:45:44,290 - DEBUG - nextline: 113376, b'0000000352 65535 f\r\n'
2025-05-26 11:45:44,302 - DEBUG - nextline: 113396, b'0000000353 65535 f\r\n'
2025-05-26 11:45:44,315 - DEBUG - nextline: 113416, b'0000000354 65535 f\r\n'
2025-05-26 11:45:44,328 - DEBUG - nextline: 113436, b'0000000355 65535 f\r\n'
2025-05-26 11:45:44,341 - DEBUG - nextline: 113456, b'0000000356 65535 f\r\n'
2025-05-26 11:45:44,354 - DEBUG - nextline: 113476, b'0000000357 65535 f\r\n'
2025-05-26 11:45:44,368 - DEBUG - nextline: 113496, b'0000000358 65535 f\r\n'
2025-05-26 11:45:44,383 - DEBUG - nextline: 113516, b'0000000359 65535 f\r\n'
2025-05-26 11:45:44,398 - DEBUG - nextline: 113536, b'0000000360 65535 f\r\n'
2025-05-26 11:45:44,413 - DEBUG - nextline: 113556, b'0000000361 65535 f\r\n'
2025-05-26 11:45:44,429 - DEBUG - nextline: 113576, b'0000000362 65535 f\r\n'
2025-05-26 11:45:44,444 - DEBUG - nextline: 113596, b'0000000363 65535 f\r\n'
2025-05-26 11:45:44,460 - DEBUG - nextline: 113616, b'0000000364 65535 f\r\n'
2025-05-26 11:45:44,476 - DEBUG - nextline: 113636, b'0000000365 65535 f\r\n'
2025-05-26 11:45:44,493 - DEBUG - nextline: 113656, b'0000000366 65535 f\r\n'
2025-05-26 11:45:44,510 - DEBUG - nextline: 113676, b'0000000367 65535 f\r\n'
2025-05-26 11:45:44,527 - DEBUG - nextline: 113696, b'0000000368 65535 f\r\n'
2025-05-26 11:45:44,548 - DEBUG - nextline: 113716, b'0000000369 65535 f\r\n'
2025-05-26 11:45:44,564 - DEBUG - nextline: 113736, b'0000000370 65535 f\r\n'
2025-05-26 11:45:44,579 - DEBUG - nextline: 113756, b'0000000371 65535 f\r\n'
2025-05-26 11:45:44,595 - DEBUG - nextline: 113776, b'0000000372 65535 f\r\n'
2025-05-26 11:45:44,611 - DEBUG - nextline: 113796, b'0000000373 65535 f\r\n'
2025-05-26 11:45:44,627 - DEBUG - nextline: 113816, b'0000000374 65535 f\r\n'
2025-05-26 11:45:44,643 - DEBUG - nextline: 113836, b'0000000375 65535 f\r\n'
2025-05-26 11:45:44,660 - DEBUG - nextline: 113856, b'0000000376 65535 f\r\n'
2025-05-26 11:45:44,678 - DEBUG - nextline: 113876, b'0000000377 65535 f\r\n'
2025-05-26 11:45:44,697 - DEBUG - nextline: 113896, b'0000000378 65535 f\r\n'
2025-05-26 11:45:44,726 - DEBUG - nextline: 113916, b'0000000379 65535 f\r\n'
2025-05-26 11:45:44,758 - DEBUG - nextline: 113936, b'0000000380 65535 f\r\n'
2025-05-26 11:45:44,787 - DEBUG - nextline: 113956, b'0000000381 65535 f\r\n'
2025-05-26 11:45:44,814 - DEBUG - nextline: 113976, b'0000000382 65535 f\r\n'
2025-05-26 11:45:44,834 - DEBUG - nextline: 113996, b'0000000383 65535 f\r\n'
2025-05-26 11:45:44,854 - DEBUG - nextline: 114016, b'0000000384 65535 f\r\n'
2025-05-26 11:45:44,876 - DEBUG - nextline: 114036, b'0000000385 65535 f\r\n'
2025-05-26 11:45:44,896 - DEBUG - nextline: 114056, b'0000000386 65535 f\r\n'
2025-05-26 11:45:44,918 - DEBUG - nextline: 114076, b'0000000387 65535 f\r\n'
2025-05-26 11:45:44,940 - DEBUG - nextline: 114096, b'0000000388 65535 f\r\n'
2025-05-26 11:45:44,963 - DEBUG - nextline: 114116, b'0000000389 65535 f\r\n'
2025-05-26 11:45:44,986 - DEBUG - nextline: 114136, b'0000000390 65535 f\r\n'
2025-05-26 11:45:45,010 - DEBUG - nextline: 114156, b'0000000391 65535 f\r\n'
2025-05-26 11:45:45,031 - DEBUG - nextline: 114176, b'0000000392 65535 f\r\n'
2025-05-26 11:45:45,052 - DEBUG - nextline: 114196, b'0000000393 65535 f\r\n'
2025-05-26 11:45:45,075 - DEBUG - nextline: 114216, b'0000000394 65535 f\r\n'
2025-05-26 11:45:45,096 - DEBUG - nextline: 114236, b'0000000395 65535 f\r\n'
2025-05-26 11:45:45,118 - DEBUG - nextline: 114256, b'0000000396 65535 f\r\n'
2025-05-26 11:45:45,141 - DEBUG - nextline: 114276, b'0000000397 65535 f\r\n'
2025-05-26 11:45:45,165 - DEBUG - nextline: 114296, b'0000000398 65535 f\r\n'
2025-05-26 11:45:45,191 - DEBUG - nextline: 114316, b'0000000399 65535 f\r\n'
2025-05-26 11:45:45,213 - DEBUG - nextline: 114336, b'0000000400 65535 f\r\n'
2025-05-26 11:45:45,237 - DEBUG - nextline: 114356, b'0000000401 65535 f\r\n'
2025-05-26 11:45:45,261 - DEBUG - nextline: 114376, b'0000000402 65535 f\r\n'
2025-05-26 11:45:45,283 - DEBUG - nextline: 114396, b'0000000403 65535 f\r\n'
2025-05-26 11:45:45,306 - DEBUG - nextline: 114416, b'0000000404 65535 f\r\n'
2025-05-26 11:45:45,329 - DEBUG - nextline: 114436, b'0000000405 65535 f\r\n'
2025-05-26 11:45:45,352 - DEBUG - nextline: 114456, b'0000000406 65535 f\r\n'
2025-05-26 11:45:45,375 - DEBUG - nextline: 114476, b'0000000407 65535 f\r\n'
2025-05-26 11:45:45,397 - DEBUG - nextline: 114496, b'0000000408 65535 f\r\n'
2025-05-26 11:45:45,421 - DEBUG - nextline: 114516, b'0000000409 65535 f\r\n'
2025-05-26 11:45:45,444 - DEBUG - nextline: 114536, b'0000000410 65535 f\r\n'
2025-05-26 11:45:45,468 - DEBUG - nextline: 114556, b'0000000411 65535 f\r\n'
2025-05-26 11:45:45,494 - DEBUG - nextline: 114576, b'0000000412 65535 f\r\n'
2025-05-26 11:45:45,518 - DEBUG - nextline: 114596, b'0000000413 65535 f\r\n'
2025-05-26 11:45:45,543 - DEBUG - nextline: 114616, b'0000000414 65535 f\r\n'
2025-05-26 11:45:45,566 - DEBUG - nextline: 114636, b'0000000415 65535 f\r\n'
2025-05-26 11:45:45,590 - DEBUG - nextline: 114656, b'0000000416 65535 f\r\n'
2025-05-26 11:45:45,618 - DEBUG - nextline: 114676, b'0000000417 65535 f\r\n'
2025-05-26 11:45:45,642 - DEBUG - nextline: 114696, b'0000000418 65535 f\r\n'
2025-05-26 11:45:45,667 - DEBUG - nextline: 114716, b'0000000419 65535 f\r\n'
2025-05-26 11:45:45,693 - DEBUG - nextline: 114736, b'0000000420 65535 f\r\n'
2025-05-26 11:45:45,718 - DEBUG - nextline: 114756, b'0000000421 65535 f\r\n'
2025-05-26 11:45:45,742 - DEBUG - nextline: 114776, b'0000000422 65535 f\r\n'
2025-05-26 11:45:45,766 - DEBUG - nextline: 114796, b'0000000423 65535 f\r\n'
2025-05-26 11:45:45,791 - DEBUG - nextline: 114816, b'0000000424 65535 f\r\n'
2025-05-26 11:45:45,819 - DEBUG - nextline: 114836, b'0000000425 65535 f\r\n'
2025-05-26 11:45:45,847 - DEBUG - nextline: 114856, b'0000000426 65535 f\r\n'
2025-05-26 11:45:45,872 - DEBUG - nextline: 114876, b'0000000427 65535 f\r\n'
2025-05-26 11:45:45,898 - DEBUG - nextline: 114896, b'0000000428 65535 f\r\n'
2025-05-26 11:45:45,924 - DEBUG - nextline: 114916, b'0000000429 65535 f\r\n'
2025-05-26 11:45:45,950 - DEBUG - nextline: 114936, b'0000000430 65535 f\r\n'
2025-05-26 11:45:45,976 - DEBUG - nextline: 114956, b'0000000431 65535 f\r\n'
2025-05-26 11:45:46,002 - DEBUG - nextline: 114976, b'0000000432 65535 f\r\n'
2025-05-26 11:45:46,028 - DEBUG - nextline: 114996, b'0000000433 65535 f\r\n'
2025-05-26 11:45:46,058 - DEBUG - nextline: 115016, b'0000000434 65535 f\r\n'
2025-05-26 11:45:46,084 - DEBUG - nextline: 115036, b'0000000435 65535 f\r\n'
2025-05-26 11:45:46,110 - DEBUG - nextline: 115056, b'0000000436 65535 f\r\n'
2025-05-26 11:45:46,139 - DEBUG - nextline: 115076, b'0000000437 65535 f\r\n'
2025-05-26 11:45:46,165 - DEBUG - nextline: 115096, b'0000000438 65535 f\r\n'
2025-05-26 11:45:46,190 - DEBUG - nextline: 115116, b'0000000439 65535 f\r\n'
2025-05-26 11:45:46,214 - DEBUG - nextline: 115136, b'0000000440 65535 f\r\n'
2025-05-26 11:45:46,241 - DEBUG - nextline: 115156, b'0000000441 65535 f\r\n'
2025-05-26 11:45:46,267 - DEBUG - nextline: 115176, b'0000000442 65535 f\r\n'
2025-05-26 11:45:46,296 - DEBUG - nextline: 115196, b'0000000443 65535 f\r\n'
2025-05-26 11:45:46,322 - DEBUG - nextline: 115216, b'0000000444 65535 f\r\n'
2025-05-26 11:45:46,348 - DEBUG - nextline: 115236, b'0000000445 65535 f\r\n'
2025-05-26 11:45:46,376 - DEBUG - nextline: 115256, b'0000000446 65535 f\r\n'
2025-05-26 11:45:46,403 - DEBUG - nextline: 115276, b'0000000447 65535 f\r\n'
2025-05-26 11:45:46,431 - DEBUG - nextline: 115296, b'0000000448 65535 f\r\n'
2025-05-26 11:45:46,461 - DEBUG - nextline: 115316, b'0000000449 65535 f\r\n'
2025-05-26 11:45:46,487 - DEBUG - nextline: 115336, b'0000000450 65535 f\r\n'
2025-05-26 11:45:46,513 - DEBUG - nextline: 115356, b'0000000451 65535 f\r\n'
2025-05-26 11:45:46,540 - DEBUG - nextline: 115376, b'0000000452 65535 f\r\n'
2025-05-26 11:45:46,567 - DEBUG - nextline: 115396, b'0000000453 65535 f\r\n'
2025-05-26 11:45:46,593 - DEBUG - nextline: 115416, b'0000000454 65535 f\r\n'
2025-05-26 11:45:46,619 - DEBUG - nextline: 115436, b'0000000455 65535 f\r\n'
2025-05-26 11:45:46,645 - DEBUG - nextline: 115456, b'0000000456 65535 f\r\n'
2025-05-26 11:45:46,672 - DEBUG - nextline: 115476, b'0000000457 65535 f\r\n'
2025-05-26 11:45:46,700 - DEBUG - nextline: 115496, b'0000000458 65535 f\r\n'
2025-05-26 11:45:46,728 - DEBUG - nextline: 115516, b'0000000459 65535 f\r\n'
2025-05-26 11:45:46,755 - DEBUG - nextline: 115536, b'0000000460 65535 f\r\n'
2025-05-26 11:45:46,783 - DEBUG - nextline: 115556, b'0000000461 65535 f\r\n'
2025-05-26 11:45:46,813 - DEBUG - nextline: 115576, b'0000000462 65535 f\r\n'
2025-05-26 11:45:46,839 - DEBUG - nextline: 115596, b'0000000463 65535 f\r\n'
2025-05-26 11:45:46,865 - DEBUG - nextline: 115616, b'0000000464 65535 f\r\n'
2025-05-26 11:45:46,893 - DEBUG - nextline: 115636, b'0000000465 65535 f\r\n'
2025-05-26 11:45:46,921 - DEBUG - nextline: 115656, b'0000000466 65535 f\r\n'
2025-05-26 11:45:46,949 - DEBUG - nextline: 115676, b'0000000467 65535 f\r\n'
2025-05-26 11:45:46,976 - DEBUG - nextline: 115696, b'0000000468 65535 f\r\n'
2025-05-26 11:45:47,002 - DEBUG - nextline: 115716, b'0000000469 65535 f\r\n'
2025-05-26 11:45:47,031 - DEBUG - nextline: 115736, b'0000000470 65535 f\r\n'
2025-05-26 11:45:47,058 - DEBUG - nextline: 115756, b'0000000471 65535 f\r\n'
2025-05-26 11:45:47,086 - DEBUG - nextline: 115776, b'0000000472 65535 f\r\n'
2025-05-26 11:45:47,115 - DEBUG - nextline: 115796, b'0000000473 65535 f\r\n'
2025-05-26 11:45:47,144 - DEBUG - nextline: 115816, b'0000000474 65535 f\r\n'
2025-05-26 11:45:47,172 - DEBUG - nextline: 115836, b'0000000475 65535 f\r\n'
2025-05-26 11:45:47,198 - DEBUG - nextline: 115856, b'0000000476 65535 f\r\n'
2025-05-26 11:45:47,226 - DEBUG - nextline: 115876, b'0000000477 65535 f\r\n'
2025-05-26 11:45:47,254 - DEBUG - nextline: 115896, b'0000000478 65535 f\r\n'
2025-05-26 11:45:47,281 - DEBUG - nextline: 115916, b'0000000479 65535 f\r\n'
2025-05-26 11:45:47,307 - DEBUG - nextline: 115936, b'0000000480 65535 f\r\n'
2025-05-26 11:45:47,334 - DEBUG - nextline: 115956, b'0000000481 65535 f\r\n'
2025-05-26 11:45:47,361 - DEBUG - nextline: 115976, b'0000000482 65535 f\r\n'
2025-05-26 11:45:47,387 - DEBUG - nextline: 115996, b'0000000483 65535 f\r\n'
2025-05-26 11:45:47,417 - DEBUG - nextline: 116016, b'0000000484 65535 f\r\n'
2025-05-26 11:45:47,448 - DEBUG - nextline: 116036, b'0000000485 65535 f\r\n'
2025-05-26 11:45:47,476 - DEBUG - nextline: 116056, b'0000000486 65535 f\r\n'
2025-05-26 11:45:47,502 - DEBUG - nextline: 116076, b'0000000487 65535 f\r\n'
2025-05-26 11:45:47,529 - DEBUG - nextline: 116096, b'0000000488 65535 f\r\n'
2025-05-26 11:45:47,557 - DEBUG - nextline: 116116, b'0000000489 65535 f\r\n'
2025-05-26 11:45:47,584 - DEBUG - nextline: 116136, b'0000000490 65535 f\r\n'
2025-05-26 11:45:47,613 - DEBUG - nextline: 116156, b'0000000491 65535 f\r\n'
2025-05-26 11:45:47,641 - DEBUG - nextline: 116176, b'0000000492 65535 f\r\n'
2025-05-26 11:45:47,668 - DEBUG - nextline: 116196, b'0000000493 65535 f\r\n'
2025-05-26 11:45:47,695 - DEBUG - nextline: 116216, b'0000000494 65535 f\r\n'
2025-05-26 11:45:47,725 - DEBUG - nextline: 116236, b'0000000495 65535 f\r\n'
2025-05-26 11:45:47,754 - DEBUG - nextline: 116256, b'0000000496 65535 f\r\n'
2025-05-26 11:45:47,784 - DEBUG - nextline: 116276, b'0000000497 65535 f\r\n'
2025-05-26 11:45:47,812 - DEBUG - nextline: 116296, b'0000000498 65535 f\r\n'
2025-05-26 11:45:47,840 - DEBUG - nextline: 116316, b'0000000499 65535 f\r\n'
2025-05-26 11:45:47,869 - DEBUG - nextline: 116336, b'0000000500 65535 f\r\n'
2025-05-26 11:45:47,898 - DEBUG - nextline: 116356, b'0000000501 65535 f\r\n'
2025-05-26 11:45:47,928 - DEBUG - nextline: 116376, b'0000000502 65535 f\r\n'
2025-05-26 11:45:47,956 - DEBUG - nextline: 116396, b'0000000503 65535 f\r\n'
2025-05-26 11:45:47,985 - DEBUG - nextline: 116416, b'0000000504 65535 f\r\n'
2025-05-26 11:45:48,015 - DEBUG - nextline: 116436, b'0000000505 65535 f\r\n'
2025-05-26 11:45:48,044 - DEBUG - nextline: 116456, b'0000000506 65535 f\r\n'
2025-05-26 11:45:48,077 - DEBUG - nextline: 116476, b'0000000507 65535 f\r\n'
2025-05-26 11:45:48,104 - DEBUG - nextline: 116496, b'0000000508 65535 f\r\n'
2025-05-26 11:45:48,135 - DEBUG - nextline: 116516, b'0000000509 65535 f\r\n'
2025-05-26 11:45:48,165 - DEBUG - nextline: 116536, b'0000000510 65535 f\r\n'
2025-05-26 11:45:48,195 - DEBUG - nextline: 116556, b'0000000511 65535 f\r\n'
2025-05-26 11:45:48,225 - DEBUG - nextline: 116576, b'0000000512 65535 f\r\n'
2025-05-26 11:45:48,255 - DEBUG - nextline: 116596, b'0000000513 65535 f\r\n'
2025-05-26 11:45:48,284 - DEBUG - nextline: 116616, b'0000000514 65535 f\r\n'
2025-05-26 11:45:48,329 - DEBUG - nextline: 116636, b'0000000515 65535 f\r\n'
2025-05-26 11:45:48,390 - DEBUG - nextline: 116656, b'0000000516 65535 f\r\n'
2025-05-26 11:45:48,457 - DEBUG - nextline: 116676, b'0000000517 65535 f\r\n'
2025-05-26 11:45:48,514 - DEBUG - nextline: 116696, b'0000000518 65535 f\r\n'
2025-05-26 11:45:48,566 - DEBUG - nextline: 116716, b'0000000519 65535 f\r\n'
2025-05-26 11:45:48,622 - DEBUG - nextline: 116736, b'0000000520 65535 f\r\n'
2025-05-26 11:45:48,677 - DEBUG - nextline: 116756, b'0000000521 65535 f\r\n'
2025-05-26 11:45:48,751 - DEBUG - nextline: 116776, b'0000000522 65535 f\r\n'
2025-05-26 11:45:48,808 - DEBUG - nextline: 116796, b'0000000523 65535 f\r\n'
2025-05-26 11:45:48,852 - DEBUG - nextline: 116816, b'0000000524 65535 f\r\n'
2025-05-26 11:45:48,902 - DEBUG - nextline: 116836, b'0000000525 65535 f\r\n'
2025-05-26 11:45:48,954 - DEBUG - nextline: 116856, b'0000000526 65535 f\r\n'
2025-05-26 11:45:49,002 - DEBUG - nextline: 116876, b'0000000527 65535 f\r\n'
2025-05-26 11:45:49,085 - DEBUG - nextline: 116896, b'0000000528 65535 f\r\n'
2025-05-26 11:45:49,141 - DEBUG - nextline: 116916, b'0000000529 65535 f\r\n'
2025-05-26 11:45:49,190 - DEBUG - nextline: 116936, b'0000000530 65535 f\r\n'
2025-05-26 11:45:49,241 - DEBUG - nextline: 116956, b'0000000531 65535 f\r\n'
2025-05-26 11:45:49,289 - DEBUG - nextline: 116976, b'0000000532 65535 f\r\n'
2025-05-26 11:45:49,339 - DEBUG - nextline: 116996, b'0000000533 65535 f\r\n'
2025-05-26 11:45:49,405 - DEBUG - nextline: 117016, b'0000000534 65535 f\r\n'
2025-05-26 11:45:49,467 - DEBUG - nextline: 117036, b'0000000535 65535 f\r\n'
2025-05-26 11:45:49,521 - DEBUG - nextline: 117056, b'0000000536 65535 f\r\n'
2025-05-26 11:45:49,582 - DEBUG - nextline: 117076, b'0000000537 65535 f\r\n'
2025-05-26 11:45:49,642 - DEBUG - nextline: 117096, b'0000000538 65535 f\r\n'
2025-05-26 11:45:49,699 - DEBUG - nextline: 117116, b'0000000539 65535 f\r\n'
2025-05-26 11:45:49,756 - DEBUG - nextline: 117136, b'0000000540 65535 f\r\n'
2025-05-26 11:45:49,804 - DEBUG - nextline: 117156, b'0000000541 65535 f\r\n'
2025-05-26 11:45:49,854 - DEBUG - nextline: 117176, b'0000000542 65535 f\r\n'
2025-05-26 11:45:49,911 - DEBUG - nextline: 117196, b'0000000543 65535 f\r\n'
2025-05-26 11:45:49,964 - DEBUG - nextline: 117216, b'0000000544 65535 f\r\n'
2025-05-26 11:45:50,023 - DEBUG - nextline: 117236, b'0000000545 65535 f\r\n'
2025-05-26 11:45:50,076 - DEBUG - nextline: 117256, b'0000000546 65535 f\r\n'
2025-05-26 11:45:50,137 - DEBUG - nextline: 117276, b'0000000547 65535 f\r\n'
2025-05-26 11:45:50,195 - DEBUG - nextline: 117296, b'0000000548 65535 f\r\n'
2025-05-26 11:45:50,278 - DEBUG - nextline: 117316, b'0000000549 65535 f\r\n'
2025-05-26 11:45:50,347 - DEBUG - nextline: 117336, b'0000000550 65535 f\r\n'
2025-05-26 11:45:50,422 - DEBUG - nextline: 117356, b'0000000551 65535 f\r\n'
2025-05-26 11:45:50,475 - DEBUG - nextline: 117376, b'0000000552 65535 f\r\n'
2025-05-26 11:45:50,523 - DEBUG - nextline: 117396, b'0000000553 65535 f\r\n'
2025-05-26 11:45:50,568 - DEBUG - nextline: 117416, b'0000000554 65535 f\r\n'
2025-05-26 11:45:50,624 - DEBUG - nextline: 117436, b'0000000555 65535 f\r\n'
2025-05-26 11:45:50,684 - DEBUG - nextline: 117456, b'0000000556 65535 f\r\n'
2025-05-26 11:45:50,732 - DEBUG - nextline: 117476, b'0000000557 65535 f\r\n'
2025-05-26 11:45:50,787 - DEBUG - nextline: 117496, b'0000000558 65535 f\r\n'
2025-05-26 11:45:50,843 - DEBUG - nextline: 117516, b'0000000559 65535 f\r\n'
2025-05-26 11:45:50,894 - DEBUG - nextline: 117536, b'0000000560 65535 f\r\n'
2025-05-26 11:45:50,973 - DEBUG - nextline: 117556, b'0000000561 65535 f\r\n'
2025-05-26 11:45:51,042 - DEBUG - nextline: 117576, b'0000000562 65535 f\r\n'
2025-05-26 11:45:51,103 - DEBUG - nextline: 117596, b'0000000563 65535 f\r\n'
2025-05-26 11:45:51,167 - DEBUG - nextline: 117616, b'0000000564 65535 f\r\n'
2025-05-26 11:45:51,241 - DEBUG - nextline: 117636, b'0000000565 65535 f\r\n'
2025-05-26 11:45:51,322 - DEBUG - nextline: 117656, b'0000000566 65535 f\r\n'
2025-05-26 11:45:51,380 - DEBUG - nextline: 117676, b'0000000567 65535 f\r\n'
2025-05-26 11:45:51,438 - DEBUG - nextline: 117696, b'0000000568 65535 f\r\n'
2025-05-26 11:45:51,492 - DEBUG - nextline: 117716, b'0000000569 65535 f\r\n'
2025-05-26 11:45:51,545 - DEBUG - nextline: 117736, b'0000000570 65535 f\r\n'
2025-05-26 11:45:51,611 - DEBUG - nextline: 117756, b'0000000571 65535 f\r\n'
2025-05-26 11:45:51,679 - DEBUG - nextline: 117776, b'0000000572 65535 f\r\n'
2025-05-26 11:45:51,741 - DEBUG - nextline: 117796, b'0000000573 65535 f\r\n'
2025-05-26 11:45:51,816 - DEBUG - nextline: 117816, b'0000000574 65535 f\r\n'
2025-05-26 11:45:51,882 - DEBUG - nextline: 117836, b'0000000575 65535 f\r\n'
2025-05-26 11:45:51,942 - DEBUG - nextline: 117856, b'0000000576 65535 f\r\n'
2025-05-26 11:45:52,000 - DEBUG - nextline: 117876, b'0000000577 65535 f\r\n'
2025-05-26 11:45:52,049 - DEBUG - nextline: 117896, b'0000000578 65535 f\r\n'
2025-05-26 11:45:52,106 - DEBUG - nextline: 117916, b'0000000579 65535 f\r\n'
2025-05-26 11:45:52,167 - DEBUG - nextline: 117936, b'0000000580 65535 f\r\n'
2025-05-26 11:45:52,215 - DEBUG - nextline: 117956, b'0000000581 65535 f\r\n'
2025-05-26 11:45:52,291 - DEBUG - nextline: 117976, b'0000000582 65535 f\r\n'
2025-05-26 11:45:52,368 - DEBUG - nextline: 117996, b'0000000583 65535 f\r\n'
2025-05-26 11:45:52,432 - DEBUG - nextline: 118016, b'0000000584 65535 f\r\n'
2025-05-26 11:45:52,492 - DEBUG - nextline: 118036, b'0000000585 65535 f\r\n'
2025-05-26 11:45:52,547 - DEBUG - nextline: 118056, b'0000000586 65535 f\r\n'
2025-05-26 11:45:52,625 - DEBUG - nextline: 118076, b'0000000587 65535 f\r\n'
2025-05-26 11:45:52,698 - DEBUG - nextline: 118096, b'0000000588 65535 f\r\n'
2025-05-26 11:45:52,753 - DEBUG - nextline: 118116, b'0000000589 65535 f\r\n'
2025-05-26 11:45:52,807 - DEBUG - nextline: 118136, b'0000000590 65535 f\r\n'
2025-05-26 11:45:52,861 - DEBUG - nextline: 118156, b'0000000591 65535 f\r\n'
2025-05-26 11:45:52,940 - DEBUG - nextline: 118176, b'0000000592 65535 f\r\n'
2025-05-26 11:45:53,010 - DEBUG - nextline: 118196, b'0000000593 65535 f\r\n'
2025-05-26 11:45:53,070 - DEBUG - nextline: 118216, b'0000000594 65535 f\r\n'
2025-05-26 11:45:53,123 - DEBUG - nextline: 118236, b'0000000595 65535 f\r\n'
2025-05-26 11:45:53,185 - DEBUG - nextline: 118256, b'0000000596 65535 f\r\n'
2025-05-26 11:45:53,263 - DEBUG - nextline: 118276, b'0000000597 65535 f\r\n'
2025-05-26 11:45:53,314 - DEBUG - nextline: 118296, b'0000000598 65535 f\r\n'
2025-05-26 11:45:53,368 - DEBUG - nextline: 118316, b'0000000599 65535 f\r\n'
2025-05-26 11:45:53,420 - DEBUG - nextline: 118336, b'0000000600 65535 f\r\n'
2025-05-26 11:45:53,472 - DEBUG - nextline: 118356, b'0000000601 65535 f\r\n'
2025-05-26 11:45:53,541 - DEBUG - nextline: 118376, b'0000000602 65535 f\r\n'
2025-05-26 11:45:53,601 - DEBUG - nextline: 118396, b'0000000603 65535 f\r\n'
2025-05-26 11:45:53,665 - DEBUG - nextline: 118416, b'0000000604 65535 f\r\n'
2025-05-26 11:45:53,715 - DEBUG - nextline: 118436, b'0000000605 65535 f\r\n'
2025-05-26 11:45:53,772 - DEBUG - nextline: 118456, b'0000000606 65535 f\r\n'
2025-05-26 11:45:53,829 - DEBUG - nextline: 118476, b'0000000607 65535 f\r\n'
2025-05-26 11:45:53,894 - DEBUG - nextline: 118496, b'0000000608 65535 f\r\n'
2025-05-26 11:45:53,956 - DEBUG - nextline: 118516, b'0000000609 65535 f\r\n'
2025-05-26 11:45:54,023 - DEBUG - nextline: 118536, b'0000000610 65535 f\r\n'
2025-05-26 11:45:54,081 - DEBUG - nextline: 118556, b'0000000611 65535 f\r\n'
2025-05-26 11:45:54,147 - DEBUG - nextline: 118576, b'0000000612 65535 f\r\n'
2025-05-26 11:45:54,220 - DEBUG - nextline: 118596, b'0000000613 65535 f\r\n'
2025-05-26 11:45:54,287 - DEBUG - nextline: 118616, b'0000000614 65535 f\r\n'
2025-05-26 11:45:54,353 - DEBUG - nextline: 118636, b'0000000615 65535 f\r\n'
2025-05-26 11:45:54,405 - DEBUG - nextline: 118656, b'0000000616 65535 f\r\n'
2025-05-26 11:45:54,467 - DEBUG - nextline: 118676, b'0000000617 65535 f\r\n'
2025-05-26 11:45:54,532 - DEBUG - nextline: 118696, b'0000000618 65535 f\r\n'
2025-05-26 11:45:54,584 - DEBUG - nextline: 118716, b'0000000619 65535 f\r\n'
2025-05-26 11:45:54,638 - DEBUG - nextline: 118736, b'0000000620 65535 f\r\n'
2025-05-26 11:45:54,696 - DEBUG - nextline: 118756, b'0000000621 65535 f\r\n'
2025-05-26 11:45:54,757 - DEBUG - nextline: 118776, b'0000000622 65535 f\r\n'
2025-05-26 11:45:54,829 - DEBUG - nextline: 118796, b'0000000623 65535 f\r\n'
2025-05-26 11:45:54,882 - DEBUG - nextline: 118816, b'0000000624 65535 f\r\n'
2025-05-26 11:45:54,937 - DEBUG - nextline: 118836, b'0000000625 65535 f\r\n'
2025-05-26 11:45:54,990 - DEBUG - nextline: 118856, b'0000000626 65535 f\r\n'
2025-05-26 11:45:55,042 - DEBUG - nextline: 118876, b'0000000627 65535 f\r\n'
2025-05-26 11:45:55,085 - DEBUG - nextline: 118896, b'0000000628 65535 f\r\n'
2025-05-26 11:45:55,144 - DEBUG - nextline: 118916, b'0000000629 65535 f\r\n'
2025-05-26 11:45:55,199 - DEBUG - nextline: 118936, b'0000000630 65535 f\r\n'
2025-05-26 11:45:55,257 - DEBUG - nextline: 118956, b'0000000631 65535 f\r\n'
2025-05-26 11:45:55,315 - DEBUG - nextline: 118976, b'0000000632 65535 f\r\n'
2025-05-26 11:45:55,373 - DEBUG - nextline: 118996, b'0000000633 65535 f\r\n'
2025-05-26 11:45:55,440 - DEBUG - nextline: 119016, b'0000000634 65535 f\r\n'
2025-05-26 11:45:55,500 - DEBUG - nextline: 119036, b'0000000635 65535 f\r\n'
2025-05-26 11:45:55,561 - DEBUG - nextline: 119056, b'0000000636 65535 f\r\n'
2025-05-26 11:45:55,623 - DEBUG - nextline: 119076, b'0000000637 65535 f\r\n'
2025-05-26 11:45:55,678 - DEBUG - nextline: 119096, b'0000000638 65535 f\r\n'
2025-05-26 11:45:55,743 - DEBUG - nextline: 119116, b'0000000639 65535 f\r\n'
2025-05-26 11:45:55,798 - DEBUG - nextline: 119136, b'0000000640 65535 f\r\n'
2025-05-26 11:45:55,845 - DEBUG - nextline: 119156, b'0000000641 65535 f\r\n'
2025-05-26 11:45:55,892 - DEBUG - nextline: 119176, b'0000000642 65535 f\r\n'
2025-05-26 11:45:55,946 - DEBUG - nextline: 119196, b'0000000643 65535 f\r\n'
2025-05-26 11:45:55,999 - DEBUG - nextline: 119216, b'0000000644 65535 f\r\n'
2025-05-26 11:45:56,055 - DEBUG - nextline: 119236, b'0000000645 65535 f\r\n'
2025-05-26 11:45:56,102 - DEBUG - nextline: 119256, b'0000000646 65535 f\r\n'
2025-05-26 11:45:56,155 - DEBUG - nextline: 119276, b'0000000647 65535 f\r\n'
2025-05-26 11:45:56,205 - DEBUG - nextline: 119296, b'0000000648 65535 f\r\n'
2025-05-26 11:45:56,253 - DEBUG - nextline: 119316, b'0000000649 65535 f\r\n'
2025-05-26 11:45:56,306 - DEBUG - nextline: 119336, b'0000000650 65535 f\r\n'
2025-05-26 11:45:56,366 - DEBUG - nextline: 119356, b'0000000651 65535 f\r\n'
2025-05-26 11:45:56,422 - DEBUG - nextline: 119376, b'0000000652 65535 f\r\n'
2025-05-26 11:45:56,474 - DEBUG - nextline: 119396, b'0000000653 65535 f\r\n'
2025-05-26 11:45:56,517 - DEBUG - nextline: 119416, b'0000000654 65535 f\r\n'
2025-05-26 11:45:56,560 - DEBUG - nextline: 119436, b'0000000655 65535 f\r\n'
2025-05-26 11:45:56,608 - DEBUG - nextline: 119456, b'0000000656 65535 f\r\n'
2025-05-26 11:45:56,655 - DEBUG - nextline: 119476, b'0000000657 65535 f\r\n'
2025-05-26 11:45:56,717 - DEBUG - nextline: 119496, b'0000000658 65535 f\r\n'
2025-05-26 11:45:56,774 - DEBUG - nextline: 119516, b'0000000659 65535 f\r\n'
2025-05-26 11:45:56,829 - DEBUG - nextline: 119536, b'0000000660 65535 f\r\n'
2025-05-26 11:45:56,883 - DEBUG - nextline: 119556, b'0000000661 65535 f\r\n'
2025-05-26 11:45:56,934 - DEBUG - nextline: 119576, b'0000000662 65535 f\r\n'
2025-05-26 11:45:56,988 - DEBUG - nextline: 119596, b'0000000663 65535 f\r\n'
2025-05-26 11:45:57,051 - DEBUG - nextline: 119616, b'0000000664 65535 f\r\n'
2025-05-26 11:45:57,101 - DEBUG - nextline: 119636, b'0000000665 65535 f\r\n'
2025-05-26 11:45:57,157 - DEBUG - nextline: 119656, b'0000000666 65535 f\r\n'
2025-05-26 11:45:57,213 - DEBUG - nextline: 119676, b'0000000667 65535 f\r\n'
2025-05-26 11:45:57,269 - DEBUG - nextline: 119696, b'0000000668 65535 f\r\n'
2025-05-26 11:45:57,333 - DEBUG - nextline: 119716, b'0000000669 65535 f\r\n'
2025-05-26 11:45:57,393 - DEBUG - nextline: 119736, b'0000000670 65535 f\r\n'
2025-05-26 11:45:57,449 - DEBUG - nextline: 119756, b'0000000671 65535 f\r\n'
2025-05-26 11:45:57,503 - DEBUG - nextline: 119776, b'0000000672 65535 f\r\n'
2025-05-26 11:45:57,560 - DEBUG - nextline: 119796, b'0000000673 65535 f\r\n'
2025-05-26 11:45:57,614 - DEBUG - nextline: 119816, b'0000000674 65535 f\r\n'
2025-05-26 11:45:57,678 - DEBUG - nextline: 119836, b'0000000675 65535 f\r\n'
2025-05-26 11:45:57,736 - DEBUG - nextline: 119856, b'0000000676 65535 f\r\n'
2025-05-26 11:45:57,790 - DEBUG - nextline: 119876, b'0000000677 65535 f\r\n'
2025-05-26 11:45:57,835 - DEBUG - nextline: 119896, b'0000000678 65535 f\r\n'
2025-05-26 11:45:57,892 - DEBUG - nextline: 119916, b'0000000679 65535 f\r\n'
2025-05-26 11:45:57,942 - DEBUG - nextline: 119936, b'0000000680 65535 f\r\n'
2025-05-26 11:45:58,003 - DEBUG - nextline: 119956, b'0000000681 65535 f\r\n'
2025-05-26 11:45:58,060 - DEBUG - nextline: 119976, b'0000000682 65535 f\r\n'
2025-05-26 11:45:58,113 - DEBUG - nextline: 119996, b'0000000683 65535 f\r\n'
2025-05-26 11:45:58,168 - DEBUG - nextline: 120016, b'0000000684 65535 f\r\n'
2025-05-26 11:45:58,213 - DEBUG - nextline: 120036, b'0000000685 65535 f\r\n'
2025-05-26 11:45:58,276 - DEBUG - nextline: 120056, b'0000000686 65535 f\r\n'
2025-05-26 11:45:58,334 - DEBUG - nextline: 120076, b'0000000687 65535 f\r\n'
2025-05-26 11:45:58,388 - DEBUG - nextline: 120096, b'0000000688 65535 f\r\n'
2025-05-26 11:45:58,445 - DEBUG - nextline: 120116, b'0000000689 65535 f\r\n'
2025-05-26 11:45:58,503 - DEBUG - nextline: 120136, b'0000000690 65535 f\r\n'
2025-05-26 11:45:58,561 - DEBUG - nextline: 120156, b'0000000691 65535 f\r\n'
2025-05-26 11:45:58,623 - DEBUG - nextline: 120176, b'0000000692 65535 f\r\n'
2025-05-26 11:45:58,679 - DEBUG - nextline: 120196, b'0000000693 65535 f\r\n'
2025-05-26 11:45:58,730 - DEBUG - nextline: 120216, b'0000000694 65535 f\r\n'
2025-05-26 11:45:58,787 - DEBUG - nextline: 120236, b'0000000695 65535 f\r\n'
2025-05-26 11:45:58,842 - DEBUG - nextline: 120256, b'0000000696 65535 f\r\n'
2025-05-26 11:45:58,908 - DEBUG - nextline: 120276, b'0000000697 65535 f\r\n'
2025-05-26 11:45:58,967 - DEBUG - nextline: 120296, b'0000000698 65535 f\r\n'
2025-05-26 11:45:59,020 - DEBUG - nextline: 120316, b'0000000699 65535 f\r\n'
2025-05-26 11:45:59,079 - DEBUG - nextline: 120336, b'0000000700 65535 f\r\n'
2025-05-26 11:45:59,132 - DEBUG - nextline: 120356, b'0000000701 65535 f\r\n'
2025-05-26 11:45:59,177 - DEBUG - nextline: 120376, b'0000000702 65535 f\r\n'
2025-05-26 11:45:59,250 - DEBUG - nextline: 120396, b'0000000703 65535 f\r\n'
2025-05-26 11:45:59,309 - DEBUG - nextline: 120416, b'0000000704 65535 f\r\n'
2025-05-26 11:45:59,373 - DEBUG - nextline: 120436, b'0000000705 65535 f\r\n'
2025-05-26 11:45:59,433 - DEBUG - nextline: 120456, b'0000000706 65535 f\r\n'
2025-05-26 11:45:59,491 - DEBUG - nextline: 120476, b'0000000707 65535 f\r\n'
2025-05-26 11:45:59,575 - DEBUG - nextline: 120496, b'0000000708 65535 f\r\n'
2025-05-26 11:45:59,646 - DEBUG - nextline: 120516, b'0000000709 65535 f\r\n'
2025-05-26 11:45:59,715 - DEBUG - nextline: 120536, b'0000000710 65535 f\r\n'
2025-05-26 11:45:59,787 - DEBUG - nextline: 120556, b'0000000711 65535 f\r\n'
2025-05-26 11:45:59,851 - DEBUG - nextline: 120576, b'0000000712 65535 f\r\n'
2025-05-26 11:45:59,909 - DEBUG - nextline: 120596, b'0000000713 65535 f\r\n'
2025-05-26 11:45:59,969 - DEBUG - nextline: 120616, b'0000000714 65535 f\r\n'
2025-05-26 11:46:00,028 - DEBUG - nextline: 120636, b'0000000715 65535 f\r\n'
2025-05-26 11:46:00,089 - DEBUG - nextline: 120656, b'0000000716 65535 f\r\n'
2025-05-26 11:46:00,158 - DEBUG - nextline: 120676, b'0000000717 65535 f\r\n'
2025-05-26 11:46:00,214 - DEBUG - nextline: 120696, b'0000000718 65535 f\r\n'
2025-05-26 11:46:00,274 - DEBUG - nextline: 120716, b'0000000719 65535 f\r\n'
2025-05-26 11:46:00,335 - DEBUG - nextline: 120736, b'0000000720 65535 f\r\n'
2025-05-26 11:46:00,395 - DEBUG - nextline: 120756, b'0000000721 65535 f\r\n'
2025-05-26 11:46:00,468 - DEBUG - nextline: 120776, b'0000000722 65535 f\r\n'
2025-05-26 11:46:00,527 - DEBUG - nextline: 120796, b'0000000723 65535 f\r\n'
2025-05-26 11:46:00,586 - DEBUG - nextline: 120816, b'0000000724 65535 f\r\n'
2025-05-26 11:46:00,646 - DEBUG - nextline: 120836, b'0000000725 65535 f\r\n'
2025-05-26 11:46:00,697 - DEBUG - nextline: 120856, b'0000000726 65535 f\r\n'
2025-05-26 11:46:00,766 - DEBUG - nextline: 120876, b'0000000727 65535 f\r\n'
2025-05-26 11:46:00,831 - DEBUG - nextline: 120896, b'0000000728 65535 f\r\n'
2025-05-26 11:46:00,884 - DEBUG - nextline: 120916, b'0000000729 65535 f\r\n'
2025-05-26 11:46:00,933 - DEBUG - nextline: 120936, b'0000000730 65535 f\r\n'
2025-05-26 11:46:00,993 - DEBUG - nextline: 120956, b'0000000731 65535 f\r\n'
2025-05-26 11:46:01,061 - DEBUG - nextline: 120976, b'0000000732 65535 f\r\n'
2025-05-26 11:46:01,123 - DEBUG - nextline: 120996, b'0000000733 65535 f\r\n'
2025-05-26 11:46:01,186 - DEBUG - nextline: 121016, b'0000000734 65535 f\r\n'
2025-05-26 11:46:01,247 - DEBUG - nextline: 121036, b'0000000735 65535 f\r\n'
2025-05-26 11:46:01,306 - DEBUG - nextline: 121056, b'0000000736 65535 f\r\n'
2025-05-26 11:46:01,379 - DEBUG - nextline: 121076, b'0000000737 65535 f\r\n'
2025-05-26 11:46:01,438 - DEBUG - nextline: 121096, b'0000000738 65535 f\r\n'
2025-05-26 11:46:01,500 - DEBUG - nextline: 121116, b'0000000739 65535 f\r\n'
2025-05-26 11:46:01,559 - DEBUG - nextline: 121136, b'0000000740 65535 f\r\n'
2025-05-26 11:46:01,617 - DEBUG - nextline: 121156, b'0000000741 65535 f\r\n'
2025-05-26 11:46:01,683 - DEBUG - nextline: 121176, b'0000000742 65535 f\r\n'
2025-05-26 11:46:01,746 - DEBUG - nextline: 121196, b'0000000743 65535 f\r\n'
2025-05-26 11:46:01,810 - DEBUG - nextline: 121216, b'0000000744 65535 f\r\n'
2025-05-26 11:46:01,871 - DEBUG - nextline: 121236, b'0000000745 65535 f\r\n'
2025-05-26 11:46:01,938 - DEBUG - nextline: 121256, b'0000000746 65535 f\r\n'
2025-05-26 11:46:02,014 - DEBUG - nextline: 121276, b'0000000747 65535 f\r\n'
2025-05-26 11:46:02,074 - DEBUG - nextline: 121296, b'0000000748 65535 f\r\n'
2025-05-26 11:46:02,136 - DEBUG - nextline: 121316, b'0000000749 65535 f\r\n'
2025-05-26 11:46:02,196 - DEBUG - nextline: 121336, b'0000000750 65535 f\r\n'
2025-05-26 11:46:02,259 - DEBUG - nextline: 121356, b'0000000751 65535 f\r\n'
2025-05-26 11:46:02,328 - DEBUG - nextline: 121376, b'0000000752 65535 f\r\n'
2025-05-26 11:46:02,391 - DEBUG - nextline: 121396, b'0000000753 65535 f\r\n'
2025-05-26 11:46:02,446 - DEBUG - nextline: 121416, b'0000000754 65535 f\r\n'
2025-05-26 11:46:02,500 - DEBUG - nextline: 121436, b'0000000755 65535 f\r\n'
2025-05-26 11:46:02,561 - DEBUG - nextline: 121456, b'0000000756 65535 f\r\n'
2025-05-26 11:46:02,618 - DEBUG - nextline: 121476, b'0000000757 65535 f\r\n'
2025-05-26 11:46:02,686 - DEBUG - nextline: 121496, b'0000000758 65535 f\r\n'
2025-05-26 11:46:02,749 - DEBUG - nextline: 121516, b'0000000759 65535 f\r\n'
2025-05-26 11:46:02,805 - DEBUG - nextline: 121536, b'0000000760 65535 f\r\n'
2025-05-26 11:46:02,865 - DEBUG - nextline: 121556, b'0000000761 65535 f\r\n'
2025-05-26 11:46:02,923 - DEBUG - nextline: 121576, b'0000000762 65535 f\r\n'
2025-05-26 11:46:02,989 - DEBUG - nextline: 121596, b'0000000763 65535 f\r\n'
2025-05-26 11:46:03,049 - DEBUG - nextline: 121616, b'0000000764 65535 f\r\n'
2025-05-26 11:46:03,105 - DEBUG - nextline: 121636, b'0000000765 65535 f\r\n'
2025-05-26 11:46:03,174 - DEBUG - nextline: 121656, b'0000000766 65535 f\r\n'
2025-05-26 11:46:03,233 - DEBUG - nextline: 121676, b'0000000767 65535 f\r\n'
2025-05-26 11:46:03,298 - DEBUG - nextline: 121696, b'0000000768 65535 f\r\n'
2025-05-26 11:46:03,339 - DEBUG - nextline: 121716, b'0000000769 65535 f\r\n'
2025-05-26 11:46:03,405 - DEBUG - nextline: 121736, b'0000000770 65535 f\r\n'
2025-05-26 11:46:03,474 - DEBUG - nextline: 121756, b'0000000771 65535 f\r\n'
2025-05-26 11:46:03,540 - DEBUG - nextline: 121776, b'0000000772 65535 f\r\n'
2025-05-26 11:46:03,610 - DEBUG - nextline: 121796, b'0000000773 65535 f\r\n'
2025-05-26 11:46:03,673 - DEBUG - nextline: 121816, b'0000000774 65535 f\r\n'
2025-05-26 11:46:03,745 - DEBUG - nextline: 121836, b'0000000775 65535 f\r\n'
2025-05-26 11:46:03,809 - DEBUG - nextline: 121856, b'0000000776 65535 f\r\n'
2025-05-26 11:46:03,869 - DEBUG - nextline: 121876, b'0000000777 65535 f\r\n'
2025-05-26 11:46:03,940 - DEBUG - nextline: 121896, b'0000000778 65535 f\r\n'
2025-05-26 11:46:04,004 - DEBUG - nextline: 121916, b'0000000779 65535 f\r\n'
2025-05-26 11:46:04,070 - DEBUG - nextline: 121936, b'0000000780 65535 f\r\n'
2025-05-26 11:46:04,132 - DEBUG - nextline: 121956, b'0000000781 65535 f\r\n'
2025-05-26 11:46:04,194 - DEBUG - nextline: 121976, b'0000000782 65535 f\r\n'
2025-05-26 11:46:04,260 - DEBUG - nextline: 121996, b'0000000783 65535 f\r\n'
2025-05-26 11:46:04,320 - DEBUG - nextline: 122016, b'0000000784 65535 f\r\n'
2025-05-26 11:46:04,383 - DEBUG - nextline: 122036, b'0000000785 65535 f\r\n'
2025-05-26 11:46:04,445 - DEBUG - nextline: 122056, b'0000000786 65535 f\r\n'
2025-05-26 11:46:04,516 - DEBUG - nextline: 122076, b'0000000787 65535 f\r\n'
2025-05-26 11:46:04,578 - DEBUG - nextline: 122096, b'0000000788 65535 f\r\n'
2025-05-26 11:46:04,652 - DEBUG - nextline: 122116, b'0000000789 65535 f\r\n'
2025-05-26 11:46:04,716 - DEBUG - nextline: 122136, b'0000000790 65535 f\r\n'
2025-05-26 11:46:04,779 - DEBUG - nextline: 122156, b'0000000791 65535 f\r\n'
2025-05-26 11:46:04,850 - DEBUG - nextline: 122176, b'0000000792 65535 f\r\n'
2025-05-26 11:46:04,913 - DEBUG - nextline: 122196, b'0000000793 65535 f\r\n'
2025-05-26 11:46:04,975 - DEBUG - nextline: 122216, b'0000000794 65535 f\r\n'
2025-05-26 11:46:05,029 - DEBUG - nextline: 122236, b'0000000795 65535 f\r\n'
2025-05-26 11:46:05,082 - DEBUG - nextline: 122256, b'0000000796 65535 f\r\n'
2025-05-26 11:46:05,147 - DEBUG - nextline: 122276, b'0000000797 65535 f\r\n'
2025-05-26 11:46:05,207 - DEBUG - nextline: 122296, b'0000000798 65535 f\r\n'
2025-05-26 11:46:05,271 - DEBUG - nextline: 122316, b'0000000799 65535 f\r\n'
2025-05-26 11:46:05,336 - DEBUG - nextline: 122336, b'0000000800 65535 f\r\n'
2025-05-26 11:46:05,401 - DEBUG - nextline: 122356, b'0000000801 65535 f\r\n'
2025-05-26 11:46:05,474 - DEBUG - nextline: 122376, b'0000000802 65535 f\r\n'
2025-05-26 11:46:05,537 - DEBUG - nextline: 122396, b'0000000803 65535 f\r\n'
2025-05-26 11:46:05,587 - DEBUG - nextline: 122416, b'0000000804 65535 f\r\n'
2025-05-26 11:46:05,650 - DEBUG - nextline: 122436, b'0000000805 65535 f\r\n'
2025-05-26 11:46:05,717 - DEBUG - nextline: 122456, b'0000000806 65535 f\r\n'
2025-05-26 11:46:05,790 - DEBUG - nextline: 122476, b'0000000807 65535 f\r\n'
2025-05-26 11:46:05,853 - DEBUG - nextline: 122496, b'0000000808 65535 f\r\n'
2025-05-26 11:46:05,908 - DEBUG - nextline: 122516, b'0000000809 65535 f\r\n'
2025-05-26 11:46:05,946 - DEBUG - nextline: 122536, b'0000000810 65535 f\r\n'
2025-05-26 11:46:06,004 - DEBUG - nextline: 122556, b'0000000811 65535 f\r\n'
2025-05-26 11:46:06,079 - DEBUG - nextline: 122576, b'0000000812 65535 f\r\n'
2025-05-26 11:46:06,144 - DEBUG - nextline: 122596, b'0000000813 65535 f\r\n'
2025-05-26 11:46:06,204 - DEBUG - nextline: 122616, b'0000000814 65535 f\r\n'
2025-05-26 11:46:06,269 - DEBUG - nextline: 122636, b'0000000815 65535 f\r\n'
2025-05-26 11:46:06,333 - DEBUG - nextline: 122656, b'0000000816 65535 f\r\n'
2025-05-26 11:46:06,405 - DEBUG - nextline: 122676, b'0000000817 65535 f\r\n'
2025-05-26 11:46:06,472 - DEBUG - nextline: 122696, b'0000000818 65535 f\r\n'
2025-05-26 11:46:06,532 - DEBUG - nextline: 122716, b'0000000819 65535 f\r\n'
2025-05-26 11:46:06,595 - DEBUG - nextline: 122736, b'0000000820 65535 f\r\n'
2025-05-26 11:46:06,651 - DEBUG - nextline: 122756, b'0000000821 65535 f\r\n'
2025-05-26 11:46:06,733 - DEBUG - nextline: 122776, b'0000000822 65535 f\r\n'
2025-05-26 11:46:06,799 - DEBUG - nextline: 122796, b'0000000823 65535 f\r\n'
2025-05-26 11:46:06,854 - DEBUG - nextline: 122816, b'0000000824 65535 f\r\n'
2025-05-26 11:46:06,920 - DEBUG - nextline: 122836, b'0000000825 65535 f\r\n'
2025-05-26 11:46:06,996 - DEBUG - nextline: 122856, b'0000000826 65535 f\r\n'
2025-05-26 11:46:07,064 - DEBUG - nextline: 122876, b'0000000827 65535 f\r\n'
2025-05-26 11:46:07,120 - DEBUG - nextline: 122896, b'0000000828 65535 f\r\n'
2025-05-26 11:46:07,186 - DEBUG - nextline: 122916, b'0000000829 65535 f\r\n'
2025-05-26 11:46:07,256 - DEBUG - nextline: 122936, b'0000000830 65535 f\r\n'
2025-05-26 11:46:07,316 - DEBUG - nextline: 122956, b'0000000831 65535 f\r\n'
2025-05-26 11:46:07,387 - DEBUG - nextline: 122976, b'0000000832 65535 f\r\n'
2025-05-26 11:46:07,453 - DEBUG - nextline: 122996, b'0000000833 65535 f\r\n'
2025-05-26 11:46:07,519 - DEBUG - nextline: 123016, b'0000000834 65535 f\r\n'
2025-05-26 11:46:07,584 - DEBUG - nextline: 123036, b'0000000835 65535 f\r\n'
2025-05-26 11:46:07,660 - DEBUG - nextline: 123056, b'0000000836 65535 f\r\n'
2025-05-26 11:46:07,725 - DEBUG - nextline: 123076, b'0000000837 65535 f\r\n'
2025-05-26 11:46:07,793 - DEBUG - nextline: 123096, b'0000000838 65535 f\r\n'
2025-05-26 11:46:07,855 - DEBUG - nextline: 123116, b'0000000839 65535 f\r\n'
2025-05-26 11:46:07,925 - DEBUG - nextline: 123136, b'0000000840 65535 f\r\n'
2025-05-26 11:46:07,986 - DEBUG - nextline: 123156, b'0000000841 65535 f\r\n'
2025-05-26 11:46:08,056 - DEBUG - nextline: 123176, b'0000000842 65535 f\r\n'
2025-05-26 11:46:08,123 - DEBUG - nextline: 123196, b'0000000843 65535 f\r\n'
2025-05-26 11:46:08,178 - DEBUG - nextline: 123216, b'0000000844 65535 f\r\n'
2025-05-26 11:46:08,242 - DEBUG - nextline: 123236, b'0000000845 65535 f\r\n'
2025-05-26 11:46:08,315 - DEBUG - nextline: 123256, b'0000000846 65535 f\r\n'
2025-05-26 11:46:08,381 - DEBUG - nextline: 123276, b'0000000847 65535 f\r\n'
2025-05-26 11:46:08,448 - DEBUG - nextline: 123296, b'0000000848 65535 f\r\n'
2025-05-26 11:46:08,507 - DEBUG - nextline: 123316, b'0000000849 65535 f\r\n'
2025-05-26 11:46:08,573 - DEBUG - nextline: 123336, b'0000000850 65535 f\r\n'
2025-05-26 11:46:08,648 - DEBUG - nextline: 123356, b'0000000851 65535 f\r\n'
2025-05-26 11:46:08,719 - DEBUG - nextline: 123376, b'0000000852 65535 f\r\n'
2025-05-26 11:46:08,787 - DEBUG - nextline: 123396, b'0000000853 65535 f\r\n'
2025-05-26 11:46:08,862 - DEBUG - nextline: 123416, b'0000000854 65535 f\r\n'
2025-05-26 11:46:08,931 - DEBUG - nextline: 123436, b'0000000855 65535 f\r\n'
2025-05-26 11:46:08,997 - DEBUG - nextline: 123456, b'0000000856 65535 f\r\n'
2025-05-26 11:46:09,055 - DEBUG - nextline: 123476, b'0000000857 65535 f\r\n'
2025-05-26 11:46:09,124 - DEBUG - nextline: 123496, b'0000000858 65535 f\r\n'
2025-05-26 11:46:09,188 - DEBUG - nextline: 123516, b'0000000859 65535 f\r\n'
2025-05-26 11:46:09,262 - DEBUG - nextline: 123536, b'0000000860 65535 f\r\n'
2025-05-26 11:46:09,329 - DEBUG - nextline: 123556, b'0000000861 65535 f\r\n'
2025-05-26 11:46:09,391 - DEBUG - nextline: 123576, b'0000000862 65535 f\r\n'
2025-05-26 11:46:09,459 - DEBUG - nextline: 123596, b'0000000863 65535 f\r\n'
2025-05-26 11:46:09,530 - DEBUG - nextline: 123616, b'0000000864 65535 f\r\n'
2025-05-26 11:46:09,596 - DEBUG - nextline: 123636, b'0000000865 65535 f\r\n'
2025-05-26 11:46:09,650 - DEBUG - nextline: 123656, b'0000000866 65535 f\r\n'
2025-05-26 11:46:09,716 - DEBUG - nextline: 123676, b'0000000867 65535 f\r\n'
2025-05-26 11:46:09,789 - DEBUG - nextline: 123696, b'0000000868 65535 f\r\n'
2025-05-26 11:46:09,863 - DEBUG - nextline: 123716, b'0000000869 65535 f\r\n'
2025-05-26 11:46:09,925 - DEBUG - nextline: 123736, b'0000000870 65535 f\r\n'
2025-05-26 11:46:09,961 - DEBUG - nextline: 123756, b'0000000871 65535 f\r\n'
2025-05-26 11:46:10,023 - DEBUG - nextline: 123776, b'0000000872 65535 f\r\n'
2025-05-26 11:46:10,081 - DEBUG - nextline: 123796, b'0000000873 65535 f\r\n'
2025-05-26 11:46:10,160 - DEBUG - nextline: 123816, b'0000000874 65535 f\r\n'
2025-05-26 11:46:10,228 - DEBUG - nextline: 123836, b'0000000875 65535 f\r\n'
2025-05-26 11:46:10,280 - DEBUG - nextline: 123856, b'0000000876 65535 f\r\n'
2025-05-26 11:46:10,342 - DEBUG - nextline: 123876, b'0000000877 65535 f\r\n'
2025-05-26 11:46:10,411 - DEBUG - nextline: 123896, b'0000000878 65535 f\r\n'
2025-05-26 11:46:10,488 - DEBUG - nextline: 123916, b'0000000879 65535 f\r\n'
2025-05-26 11:46:10,553 - DEBUG - nextline: 123936, b'0000000880 65535 f\r\n'
2025-05-26 11:46:10,624 - DEBUG - nextline: 123956, b'0000000881 65535 f\r\n'
2025-05-26 11:46:10,683 - DEBUG - nextline: 123976, b'0000000882 65535 f\r\n'
2025-05-26 11:46:10,766 - DEBUG - nextline: 123996, b'0000000883 65535 f\r\n'
2025-05-26 11:46:10,832 - DEBUG - nextline: 124016, b'0000000884 65535 f\r\n'
2025-05-26 11:46:10,895 - DEBUG - nextline: 124036, b'0000000885 65535 f\r\n'
2025-05-26 11:46:10,965 - DEBUG - nextline: 124056, b'0000000886 65535 f\r\n'
2025-05-26 11:46:11,026 - DEBUG - nextline: 124076, b'0000000887 65535 f\r\n'
2025-05-26 11:46:11,095 - DEBUG - nextline: 124096, b'0000000888 65535 f\r\n'
2025-05-26 11:46:11,165 - DEBUG - nextline: 124116, b'0000000889 65535 f\r\n'
2025-05-26 11:46:11,238 - DEBUG - nextline: 124136, b'0000000890 65535 f\r\n'
2025-05-26 11:46:11,311 - DEBUG - nextline: 124156, b'0000000891 65535 f\r\n'
2025-05-26 11:46:11,381 - DEBUG - nextline: 124176, b'0000000892 65535 f\r\n'
2025-05-26 11:46:11,459 - DEBUG - nextline: 124196, b'0000000893 65535 f\r\n'
2025-05-26 11:46:11,527 - DEBUG - nextline: 124216, b'0000000894 65535 f\r\n'
2025-05-26 11:46:11,592 - DEBUG - nextline: 124236, b'0000000895 65535 f\r\n'
2025-05-26 11:46:11,654 - DEBUG - nextline: 124256, b'0000000896 65535 f\r\n'
2025-05-26 11:46:11,737 - DEBUG - nextline: 124276, b'0000000897 65535 f\r\n'
2025-05-26 11:46:11,805 - DEBUG - nextline: 124296, b'0000000898 65535 f\r\n'
2025-05-26 11:46:11,877 - DEBUG - nextline: 124316, b'0000000899 65535 f\r\n'
2025-05-26 11:46:11,937 - DEBUG - nextline: 124336, b'0000000900 65535 f\r\n'
2025-05-26 11:46:12,008 - DEBUG - nextline: 124356, b'0000000901 65535 f\r\n'
2025-05-26 11:46:12,086 - DEBUG - nextline: 124376, b'0000000902 65535 f\r\n'
2025-05-26 11:46:12,155 - DEBUG - nextline: 124396, b'0000000903 65535 f\r\n'
2025-05-26 11:46:12,221 - DEBUG - nextline: 124416, b'0000000904 65535 f\r\n'
2025-05-26 11:46:12,290 - DEBUG - nextline: 124436, b'0000000905 65535 f\r\n'
2025-05-26 11:46:12,362 - DEBUG - nextline: 124456, b'0000000906 65535 f\r\n'
2025-05-26 11:46:12,432 - DEBUG - nextline: 124476, b'0000000907 65535 f\r\n'
2025-05-26 11:46:12,495 - DEBUG - nextline: 124496, b'0000000908 65535 f\r\n'
2025-05-26 11:46:12,557 - DEBUG - nextline: 124516, b'0000000909 65535 f\r\n'
2025-05-26 11:46:12,628 - DEBUG - nextline: 124536, b'0000000910 65535 f\r\n'
2025-05-26 11:46:12,705 - DEBUG - nextline: 124556, b'0000000911 65535 f\r\n'
2025-05-26 11:46:12,774 - DEBUG - nextline: 124576, b'0000000912 65535 f\r\n'
2025-05-26 11:46:12,832 - DEBUG - nextline: 124596, b'0000000913 65535 f\r\n'
2025-05-26 11:46:12,901 - DEBUG - nextline: 124616, b'0000000914 65535 f\r\n'
2025-05-26 11:46:12,971 - DEBUG - nextline: 124636, b'0000000915 65535 f\r\n'
2025-05-26 11:46:13,044 - DEBUG - nextline: 124656, b'0000000916 65535 f\r\n'
2025-05-26 11:46:13,116 - DEBUG - nextline: 124676, b'0000000917 65535 f\r\n'
2025-05-26 11:46:13,181 - DEBUG - nextline: 124696, b'0000000918 65535 f\r\n'
2025-05-26 11:46:13,263 - DEBUG - nextline: 124716, b'0000000919 65535 f\r\n'
2025-05-26 11:46:13,331 - DEBUG - nextline: 124736, b'0000000920 65535 f\r\n'
2025-05-26 11:46:13,399 - DEBUG - nextline: 124756, b'0000000921 65535 f\r\n'
2025-05-26 11:46:13,473 - DEBUG - nextline: 124776, b'0000000922 65535 f\r\n'
2025-05-26 11:46:13,547 - DEBUG - nextline: 124796, b'0000000923 65535 f\r\n'
2025-05-26 11:46:13,621 - DEBUG - nextline: 124816, b'0000000924 65535 f\r\n'
2025-05-26 11:46:13,692 - DEBUG - nextline: 124836, b'0000000925 65535 f\r\n'
2025-05-26 11:46:13,760 - DEBUG - nextline: 124856, b'0000000926 65535 f\r\n'
2025-05-26 11:46:13,817 - DEBUG - nextline: 124876, b'0000000927 65535 f\r\n'
2025-05-26 11:46:13,898 - DEBUG - nextline: 124896, b'0000000928 65535 f\r\n'
2025-05-26 11:46:13,970 - DEBUG - nextline: 124916, b'0000000929 65535 f\r\n'
2025-05-26 11:46:14,045 - DEBUG - nextline: 124936, b'0000000930 65535 f\r\n'
2025-05-26 11:46:14,114 - DEBUG - nextline: 124956, b'0000000931 65535 f\r\n'
2025-05-26 11:46:14,193 - DEBUG - nextline: 124976, b'0000000932 65535 f\r\n'
2025-05-26 11:46:14,270 - DEBUG - nextline: 124996, b'0000000933 65535 f\r\n'
2025-05-26 11:46:14,339 - DEBUG - nextline: 125016, b'0000000934 65535 f\r\n'
2025-05-26 11:46:14,410 - DEBUG - nextline: 125036, b'0000000935 65535 f\r\n'
2025-05-26 11:46:14,472 - DEBUG - nextline: 125056, b'0000000936 65535 f\r\n'
2025-05-26 11:46:14,561 - DEBUG - nextline: 125076, b'0000000937 65535 f\r\n'
2025-05-26 11:46:14,637 - DEBUG - nextline: 125096, b'0000000938 65535 f\r\n'
2025-05-26 11:46:14,692 - DEBUG - nextline: 125116, b'0000000939 65535 f\r\n'
2025-05-26 11:46:14,760 - DEBUG - nextline: 125136, b'0000000940 65535 f\r\n'
2025-05-26 11:46:14,825 - DEBUG - nextline: 125156, b'0000000941 65535 f\r\n'
2025-05-26 11:46:14,898 - DEBUG - nextline: 125176, b'0000000942 65535 f\r\n'
2025-05-26 11:46:14,957 - DEBUG - nextline: 125196, b'0000000943 65535 f\r\n'
2025-05-26 11:46:15,015 - DEBUG - nextline: 125216, b'0000000944 65535 f\r\n'
2025-05-26 11:46:15,084 - DEBUG - nextline: 125236, b'0000000945 65535 f\r\n'
2025-05-26 11:46:15,138 - DEBUG - nextline: 125256, b'0000000946 65535 f\r\n'
2025-05-26 11:46:15,209 - DEBUG - nextline: 125276, b'0000000947 65535 f\r\n'
2025-05-26 11:46:15,279 - DEBUG - nextline: 125296, b'0000000948 65535 f\r\n'
2025-05-26 11:46:15,346 - DEBUG - nextline: 125316, b'0000000949 65535 f\r\n'
2025-05-26 11:46:15,417 - DEBUG - nextline: 125336, b'0000000950 65535 f\r\n'
2025-05-26 11:46:15,499 - DEBUG - nextline: 125356, b'0000000951 65535 f\r\n'
2025-05-26 11:46:15,571 - DEBUG - nextline: 125376, b'0000000952 65535 f\r\n'
2025-05-26 11:46:15,642 - DEBUG - nextline: 125396, b'0000000953 65535 f\r\n'
2025-05-26 11:46:15,702 - DEBUG - nextline: 125416, b'0000000954 65535 f\r\n'
2025-05-26 11:46:15,778 - DEBUG - nextline: 125436, b'0000000955 65535 f\r\n'
2025-05-26 11:46:15,848 - DEBUG - nextline: 125456, b'0000000956 65535 f\r\n'
2025-05-26 11:46:15,920 - DEBUG - nextline: 125476, b'0000000957 65535 f\r\n'
2025-05-26 11:46:15,994 - DEBUG - nextline: 125496, b'0000000958 65535 f\r\n'
2025-05-26 11:46:16,068 - DEBUG - nextline: 125516, b'0000000959 65535 f\r\n'
2025-05-26 11:46:16,141 - DEBUG - nextline: 125536, b'0000000960 65535 f\r\n'
2025-05-26 11:46:16,210 - DEBUG - nextline: 125556, b'0000000961 65535 f\r\n'
2025-05-26 11:46:16,271 - DEBUG - nextline: 125576, b'0000000962 65535 f\r\n'
2025-05-26 11:46:16,341 - DEBUG - nextline: 125596, b'0000000963 65535 f\r\n'
2025-05-26 11:46:16,422 - DEBUG - nextline: 125616, b'0000000964 65535 f\r\n'
2025-05-26 11:46:16,483 - DEBUG - nextline: 125636, b'0000000965 65535 f\r\n'
2025-05-26 11:46:16,538 - DEBUG - nextline: 125656, b'0000000966 65535 f\r\n'
2025-05-26 11:46:16,607 - DEBUG - nextline: 125676, b'0000000967 65535 f\r\n'
2025-05-26 11:46:16,679 - DEBUG - nextline: 125696, b'0000000968 65535 f\r\n'
2025-05-26 11:46:16,764 - DEBUG - nextline: 125716, b'0000000969 65535 f\r\n'
2025-05-26 11:46:16,836 - DEBUG - nextline: 125736, b'0000000970 65535 f\r\n'
2025-05-26 11:46:16,910 - DEBUG - nextline: 125756, b'0000000971 65535 f\r\n'
2025-05-26 11:46:16,981 - DEBUG - nextline: 125776, b'0000000972 65535 f\r\n'
2025-05-26 11:46:17,053 - DEBUG - nextline: 125796, b'0000000973 65535 f\r\n'
2025-05-26 11:46:17,123 - DEBUG - nextline: 125816, b'0000000974 65535 f\r\n'
2025-05-26 11:46:17,184 - DEBUG - nextline: 125836, b'0000000975 65535 f\r\n'
2025-05-26 11:46:17,256 - DEBUG - nextline: 125856, b'0000000976 65535 f\r\n'
2025-05-26 11:46:17,334 - DEBUG - nextline: 125876, b'0000000977 65535 f\r\n'
2025-05-26 11:46:17,406 - DEBUG - nextline: 125896, b'0000000978 65535 f\r\n'
2025-05-26 11:46:17,476 - DEBUG - nextline: 125916, b'0000000979 65535 f\r\n'
2025-05-26 11:46:17,535 - DEBUG - nextline: 125936, b'0000000980 65535 f\r\n'
2025-05-26 11:46:17,606 - DEBUG - nextline: 125956, b'0000000981 65535 f\r\n'
2025-05-26 11:46:17,680 - DEBUG - nextline: 125976, b'0000000982 65535 f\r\n'
2025-05-26 11:46:17,749 - DEBUG - nextline: 125996, b'0000000983 65535 f\r\n'
2025-05-26 11:46:17,808 - DEBUG - nextline: 126016, b'0000000984 65535 f\r\n'
2025-05-26 11:46:17,867 - DEBUG - nextline: 126036, b'0000000985 65535 f\r\n'
2025-05-26 11:46:17,946 - DEBUG - nextline: 126056, b'0000000986 65535 f\r\n'
2025-05-26 11:46:18,015 - DEBUG - nextline: 126076, b'0000000987 65535 f\r\n'
2025-05-26 11:46:18,079 - DEBUG - nextline: 126096, b'0000000988 65535 f\r\n'
2025-05-26 11:46:18,146 - DEBUG - nextline: 126116, b'0000000989 65535 f\r\n'
2025-05-26 11:46:18,214 - DEBUG - nextline: 126136, b'0000000990 65535 f\r\n'
2025-05-26 11:46:18,296 - DEBUG - nextline: 126156, b'0000000991 65535 f\r\n'
2025-05-26 11:46:18,364 - DEBUG - nextline: 126176, b'0000000992 65535 f\r\n'
2025-05-26 11:46:18,436 - DEBUG - nextline: 126196, b'0000000993 65535 f\r\n'
2025-05-26 11:46:18,505 - DEBUG - nextline: 126216, b'0000000994 65535 f\r\n'
2025-05-26 11:46:18,582 - DEBUG - nextline: 126236, b'0000000995 65535 f\r\n'
2025-05-26 11:46:18,653 - DEBUG - nextline: 126256, b'0000000996 65535 f\r\n'
2025-05-26 11:46:18,715 - DEBUG - nextline: 126276, b'0000000997 65535 f\r\n'
2025-05-26 11:46:18,782 - DEBUG - nextline: 126296, b'0000000998 65535 f\r\n'
2025-05-26 11:46:18,844 - DEBUG - nextline: 126316, b'0000000999 65535 f\r\n'
2025-05-26 11:46:18,920 - DEBUG - nextline: 126336, b'0000001000 65535 f\r\n'
2025-05-26 11:46:18,976 - DEBUG - nextline: 126356, b'0000001001 65535 f\r\n'
2025-05-26 11:46:19,038 - DEBUG - nextline: 126376, b'0000001002 65535 f\r\n'
2025-05-26 11:46:19,108 - DEBUG - nextline: 126396, b'0000001003 65535 f\r\n'
2025-05-26 11:46:19,192 - DEBUG - nextline: 126416, b'0000001004 65535 f\r\n'
2025-05-26 11:46:19,263 - DEBUG - nextline: 126436, b'0000001005 65535 f\r\n'
2025-05-26 11:46:19,327 - DEBUG - nextline: 126456, b'0000001006 65535 f\r\n'
2025-05-26 11:46:19,389 - DEBUG - nextline: 126476, b'0000001007 65535 f\r\n'
2025-05-26 11:46:19,461 - DEBUG - nextline: 126496, b'0000001008 65535 f\r\n'
2025-05-26 11:46:19,535 - DEBUG - nextline: 126516, b'0000001009 65535 f\r\n'
2025-05-26 11:46:19,604 - DEBUG - nextline: 126536, b'0000001010 65535 f\r\n'
2025-05-26 11:46:19,674 - DEBUG - nextline: 126556, b'0000001011 65535 f\r\n'
2025-05-26 11:46:19,726 - DEBUG - nextline: 126576, b'0000001012 65535 f\r\n'
2025-05-26 11:46:19,787 - DEBUG - nextline: 126596, b'0000001013 65535 f\r\n'
2025-05-26 11:46:19,861 - DEBUG - nextline: 126616, b'0000001014 65535 f\r\n'
2025-05-26 11:46:19,931 - DEBUG - nextline: 126636, b'0000001015 65535 f\r\n'
2025-05-26 11:46:19,984 - DEBUG - nextline: 126656, b'0000001016 65535 f\r\n'
2025-05-26 11:46:20,054 - DEBUG - nextline: 126676, b'0000001017 65535 f\r\n'
2025-05-26 11:46:20,133 - DEBUG - nextline: 126696, b'0000001018 65535 f\r\n'
2025-05-26 11:46:20,197 - DEBUG - nextline: 126716, b'0000001019 65535 f\r\n'
2025-05-26 11:46:20,263 - DEBUG - nextline: 126736, b'0000001020 65535 f\r\n'
2025-05-26 11:46:20,332 - DEBUG - nextline: 126756, b'0000001021 65535 f\r\n'
2025-05-26 11:46:20,397 - DEBUG - nextline: 126776, b'0000001022 65535 f\r\n'
2025-05-26 11:46:20,477 - DEBUG - nextline: 126796, b'0000001023 65535 f\r\n'
2025-05-26 11:46:20,547 - DEBUG - nextline: 126816, b'0000001024 65535 f\r\n'
2025-05-26 11:46:20,604 - DEBUG - nextline: 126836, b'0000001025 65535 f\r\n'
2025-05-26 11:46:20,676 - DEBUG - nextline: 126856, b'0000001026 65535 f\r\n'
2025-05-26 11:46:20,756 - DEBUG - nextline: 126876, b'0000001027 65535 f\r\n'
2025-05-26 11:46:20,824 - DEBUG - nextline: 126896, b'0000001028 65535 f\r\n'
2025-05-26 11:46:20,885 - DEBUG - nextline: 126916, b'0000001029 65535 f\r\n'
2025-05-26 11:46:20,955 - DEBUG - nextline: 126936, b'0000001030 65535 f\r\n'
2025-05-26 11:46:21,034 - DEBUG - nextline: 126956, b'0000001031 65535 f\r\n'
2025-05-26 11:46:21,104 - DEBUG - nextline: 126976, b'0000001032 65535 f\r\n'
2025-05-26 11:46:21,174 - DEBUG - nextline: 126996, b'0000001033 65535 f\r\n'
2025-05-26 11:46:21,241 - DEBUG - nextline: 127016, b'0000001034 65535 f\r\n'
2025-05-26 11:46:21,306 - DEBUG - nextline: 127036, b'0000001035 65535 f\r\n'
2025-05-26 11:46:21,380 - DEBUG - nextline: 127056, b'0000001036 65535 f\r\n'
2025-05-26 11:46:21,451 - DEBUG - nextline: 127076, b'0000001037 65535 f\r\n'
2025-05-26 11:46:21,520 - DEBUG - nextline: 127096, b'0000001038 65535 f\r\n'
2025-05-26 11:46:21,585 - DEBUG - nextline: 127116, b'0000001039 65535 f\r\n'
2025-05-26 11:46:21,645 - DEBUG - nextline: 127136, b'0000001040 65535 f\r\n'
2025-05-26 11:46:21,728 - DEBUG - nextline: 127156, b'0000001041 65535 f\r\n'
2025-05-26 11:46:21,790 - DEBUG - nextline: 127176, b'0000001042 65535 f\r\n'
2025-05-26 11:46:21,862 - DEBUG - nextline: 127196, b'0000001043 65535 f\r\n'
2025-05-26 11:46:21,931 - DEBUG - nextline: 127216, b'0000001044 65535 f\r\n'
2025-05-26 11:46:22,011 - DEBUG - nextline: 127236, b'0000001045 65535 f\r\n'
2025-05-26 11:46:22,091 - DEBUG - nextline: 127256, b'0000001046 65535 f\r\n'
2025-05-26 11:46:22,167 - DEBUG - nextline: 127276, b'0000001047 65535 f\r\n'
2025-05-26 11:46:22,235 - DEBUG - nextline: 127296, b'0000001048 65535 f\r\n'
2025-05-26 11:46:22,318 - DEBUG - nextline: 127316, b'0000001049 65535 f\r\n'
2025-05-26 11:46:22,390 - DEBUG - nextline: 127336, b'0000001050 65535 f\r\n'
2025-05-26 11:46:22,458 - DEBUG - nextline: 127356, b'0000001051 65535 f\r\n'
2025-05-26 11:46:22,528 - DEBUG - nextline: 127376, b'0000001052 65535 f\r\n'
2025-05-26 11:46:22,593 - DEBUG - nextline: 127396, b'0000001053 65535 f\r\n'
2025-05-26 11:46:22,664 - DEBUG - nextline: 127416, b'0000001054 65535 f\r\n'
2025-05-26 11:46:22,721 - DEBUG - nextline: 127436, b'0000001055 65535 f\r\n'
2025-05-26 11:46:22,794 - DEBUG - nextline: 127456, b'0000001056 65535 f\r\n'
2025-05-26 11:46:22,862 - DEBUG - nextline: 127476, b'0000001057 65535 f\r\n'
2025-05-26 11:46:22,948 - DEBUG - nextline: 127496, b'0000001058 65535 f\r\n'
2025-05-26 11:46:23,026 - DEBUG - nextline: 127516, b'0000001059 65535 f\r\n'
2025-05-26 11:46:23,099 - DEBUG - nextline: 127536, b'0000001060 65535 f\r\n'
2025-05-26 11:46:23,172 - DEBUG - nextline: 127556, b'0000001061 65535 f\r\n'
2025-05-26 11:46:23,260 - DEBUG - nextline: 127576, b'0000001062 65535 f\r\n'
2025-05-26 11:46:23,328 - DEBUG - nextline: 127596, b'0000001063 65535 f\r\n'
2025-05-26 11:46:23,397 - DEBUG - nextline: 127616, b'0000001064 65535 f\r\n'
2025-05-26 11:46:23,467 - DEBUG - nextline: 127636, b'0000001065 65535 f\r\n'
2025-05-26 11:46:23,540 - DEBUG - nextline: 127656, b'0000001066 65535 f\r\n'
2025-05-26 11:46:23,611 - DEBUG - nextline: 127676, b'0000001067 65535 f\r\n'
2025-05-26 11:46:23,682 - DEBUG - nextline: 127696, b'0000001068 65535 f\r\n'
2025-05-26 11:46:23,747 - DEBUG - nextline: 127716, b'0000001069 65535 f\r\n'
2025-05-26 11:46:23,817 - DEBUG - nextline: 127736, b'0000001070 65535 f\r\n'
2025-05-26 11:46:23,894 - DEBUG - nextline: 127756, b'0000001071 65535 f\r\n'
2025-05-26 11:46:23,964 - DEBUG - nextline: 127776, b'0000001072 65535 f\r\n'
2025-05-26 11:46:24,028 - DEBUG - nextline: 127796, b'0000001073 65535 f\r\n'
2025-05-26 11:46:24,091 - DEBUG - nextline: 127816, b'0000001074 65535 f\r\n'
2025-05-26 11:46:24,167 - DEBUG - nextline: 127836, b'0000001075 65535 f\r\n'
2025-05-26 11:46:24,245 - DEBUG - nextline: 127856, b'0000001076 65535 f\r\n'
2025-05-26 11:46:24,315 - DEBUG - nextline: 127876, b'0000001077 65535 f\r\n'
2025-05-26 11:46:24,391 - DEBUG - nextline: 127896, b'0000001078 65535 f\r\n'
2025-05-26 11:46:24,465 - DEBUG - nextline: 127916, b'0000001079 65535 f\r\n'
2025-05-26 11:46:24,521 - DEBUG - nextline: 127936, b'0000001080 65535 f\r\n'
2025-05-26 11:46:24,593 - DEBUG - nextline: 127956, b'0000001081 65535 f\r\n'
2025-05-26 11:46:24,662 - DEBUG - nextline: 127976, b'0000001082 65535 f\r\n'
2025-05-26 11:46:24,726 - DEBUG - nextline: 127996, b'0000001083 65535 f\r\n'
2025-05-26 11:46:24,801 - DEBUG - nextline: 128016, b'0000001084 65535 f\r\n'
2025-05-26 11:46:24,871 - DEBUG - nextline: 128036, b'0000001085 65535 f\r\n'
2025-05-26 11:46:24,941 - DEBUG - nextline: 128056, b'0000001086 65535 f\r\n'
2025-05-26 11:46:25,010 - DEBUG - nextline: 128076, b'0000001087 65535 f\r\n'
2025-05-26 11:46:25,075 - DEBUG - nextline: 128096, b'0000001088 65535 f\r\n'
2025-05-26 11:46:25,147 - DEBUG - nextline: 128116, b'0000001089 65535 f\r\n'
2025-05-26 11:46:25,212 - DEBUG - nextline: 128136, b'0000001090 65535 f\r\n'
2025-05-26 11:46:25,274 - DEBUG - nextline: 128156, b'0000001091 65535 f\r\n'
2025-05-26 11:46:25,332 - DEBUG - nextline: 128176, b'0000001092 65535 f\r\n'
2025-05-26 11:46:25,394 - DEBUG - nextline: 128196, b'0000001093 65535 f\r\n'
2025-05-26 11:46:25,472 - DEBUG - nextline: 128216, b'0000001094 65535 f\r\n'
2025-05-26 11:46:25,540 - DEBUG - nextline: 128236, b'0000001095 65535 f\r\n'
2025-05-26 11:46:25,610 - DEBUG - nextline: 128256, b'0000001096 65535 f\r\n'
2025-05-26 11:46:25,672 - DEBUG - nextline: 128276, b'0000001097 65535 f\r\n'
2025-05-26 11:46:25,750 - DEBUG - nextline: 128296, b'0000001098 65535 f\r\n'
2025-05-26 11:46:25,814 - DEBUG - nextline: 128316, b'0000001099 65535 f\r\n'
2025-05-26 11:46:25,883 - DEBUG - nextline: 128336, b'0000001100 65535 f\r\n'
2025-05-26 11:46:25,965 - DEBUG - nextline: 128356, b'0000001101 65535 f\r\n'
2025-05-26 11:46:26,032 - DEBUG - nextline: 128376, b'0000001102 65535 f\r\n'
2025-05-26 11:46:26,102 - DEBUG - nextline: 128396, b'0000001103 65535 f\r\n'
2025-05-26 11:46:26,166 - DEBUG - nextline: 128416, b'0000001104 65535 f\r\n'
2025-05-26 11:46:26,235 - DEBUG - nextline: 128436, b'0000001105 65535 f\r\n'
2025-05-26 11:46:26,304 - DEBUG - nextline: 128456, b'0000001106 65535 f\r\n'
2025-05-26 11:46:26,378 - DEBUG - nextline: 128476, b'0000001107 65535 f\r\n'
2025-05-26 11:46:26,446 - DEBUG - nextline: 128496, b'0000001108 65535 f\r\n'
2025-05-26 11:46:26,510 - DEBUG - nextline: 128516, b'0000001109 65535 f\r\n'
2025-05-26 11:46:26,580 - DEBUG - nextline: 128536, b'0000001110 65535 f\r\n'
2025-05-26 11:46:26,654 - DEBUG - nextline: 128556, b'0000001111 65535 f\r\n'
2025-05-26 11:46:26,726 - DEBUG - nextline: 128576, b'0000001112 65535 f\r\n'
2025-05-26 11:46:26,795 - DEBUG - nextline: 128596, b'0000001113 65535 f\r\n'
2025-05-26 11:46:26,866 - DEBUG - nextline: 128616, b'0000001114 65535 f\r\n'
2025-05-26 11:46:26,934 - DEBUG - nextline: 128636, b'0000001115 65535 f\r\n'
2025-05-26 11:46:27,005 - DEBUG - nextline: 128656, b'0000001116 65535 f\r\n'
2025-05-26 11:46:27,075 - DEBUG - nextline: 128676, b'0000001117 65535 f\r\n'
2025-05-26 11:46:27,143 - DEBUG - nextline: 128696, b'0000001118 65535 f\r\n'
2025-05-26 11:46:27,207 - DEBUG - nextline: 128716, b'0000001119 65535 f\r\n'
2025-05-26 11:46:27,278 - DEBUG - nextline: 128736, b'0000001120 65535 f\r\n'
2025-05-26 11:46:27,343 - DEBUG - nextline: 128756, b'0000001121 65535 f\r\n'
2025-05-26 11:46:27,412 - DEBUG - nextline: 128776, b'0000001122 65535 f\r\n'
2025-05-26 11:46:27,478 - DEBUG - nextline: 128796, b'0000001123 65535 f\r\n'
2025-05-26 11:46:27,545 - DEBUG - nextline: 128816, b'0000001124 65535 f\r\n'
2025-05-26 11:46:27,620 - DEBUG - nextline: 128836, b'0000001125 65535 f\r\n'
2025-05-26 11:46:27,679 - DEBUG - nextline: 128856, b'0000001126 65535 f\r\n'
2025-05-26 11:46:27,741 - DEBUG - nextline: 128876, b'0000001127 65535 f\r\n'
2025-05-26 11:46:27,799 - DEBUG - nextline: 128896, b'0000001128 65535 f\r\n'
2025-05-26 11:46:27,871 - DEBUG - nextline: 128916, b'0000001129 65535 f\r\n'
2025-05-26 11:46:27,943 - DEBUG - nextline: 128936, b'0000001130 65535 f\r\n'
2025-05-26 11:46:28,008 - DEBUG - nextline: 128956, b'0000001131 65535 f\r\n'
2025-05-26 11:46:28,066 - DEBUG - nextline: 128976, b'0000001132 65535 f\r\n'
2025-05-26 11:46:28,135 - DEBUG - nextline: 128996, b'0000001133 65535 f\r\n'
2025-05-26 11:46:28,213 - DEBUG - nextline: 129016, b'0000001134 65535 f\r\n'
2025-05-26 11:46:28,282 - DEBUG - nextline: 129036, b'0000001135 65535 f\r\n'
2025-05-26 11:46:28,353 - DEBUG - nextline: 129056, b'0000001136 65535 f\r\n'
2025-05-26 11:46:28,424 - DEBUG - nextline: 129076, b'0000001137 65535 f\r\n'
2025-05-26 11:46:28,488 - DEBUG - nextline: 129096, b'0000001138 65535 f\r\n'
2025-05-26 11:46:28,564 - DEBUG - nextline: 129116, b'0000001139 65535 f\r\n'
2025-05-26 11:46:28,633 - DEBUG - nextline: 129136, b'0000001140 65535 f\r\n'
2025-05-26 11:46:28,701 - DEBUG - nextline: 129156, b'0000001141 65535 f\r\n'
2025-05-26 11:46:28,772 - DEBUG - nextline: 129176, b'0000001142 65535 f\r\n'
2025-05-26 11:46:28,844 - DEBUG - nextline: 129196, b'0000001143 65535 f\r\n'
2025-05-26 11:46:28,911 - DEBUG - nextline: 129216, b'0000001144 65535 f\r\n'
2025-05-26 11:46:28,980 - DEBUG - nextline: 129236, b'0000001145 65535 f\r\n'
2025-05-26 11:46:29,032 - DEBUG - nextline: 129256, b'0000001146 65535 f\r\n'
2025-05-26 11:46:29,097 - DEBUG - nextline: 129276, b'0000001147 65535 f\r\n'
2025-05-26 11:46:29,178 - DEBUG - nextline: 129296, b'0000001148 65535 f\r\n'
2025-05-26 11:46:29,246 - DEBUG - nextline: 129316, b'0000001149 65535 f\r\n'
2025-05-26 11:46:29,312 - DEBUG - nextline: 129336, b'0000001150 65535 f\r\n'
2025-05-26 11:46:29,377 - DEBUG - nextline: 129356, b'0000001151 65535 f\r\n'
2025-05-26 11:46:29,448 - DEBUG - nextline: 129376, b'0000001152 65535 f\r\n'
2025-05-26 11:46:29,519 - DEBUG - nextline: 129396, b'0000001153 65535 f\r\n'
2025-05-26 11:46:29,586 - DEBUG - nextline: 129416, b'0000001154 65535 f\r\n'
2025-05-26 11:46:29,654 - DEBUG - nextline: 129436, b'0000001155 65535 f\r\n'
2025-05-26 11:46:29,718 - DEBUG - nextline: 129456, b'0000001156 65535 f\r\n'
2025-05-26 11:46:29,793 - DEBUG - nextline: 129476, b'0000001157 65535 f\r\n'
2025-05-26 11:46:29,864 - DEBUG - nextline: 129496, b'0000001158 65535 f\r\n'
2025-05-26 11:46:29,927 - DEBUG - nextline: 129516, b'0000001159 65535 f\r\n'
2025-05-26 11:46:29,988 - DEBUG - nextline: 129536, b'0000001160 65535 f\r\n'
2025-05-26 11:46:30,058 - DEBUG - nextline: 129556, b'0000001161 65535 f\r\n'
2025-05-26 11:46:30,128 - DEBUG - nextline: 129576, b'0000001162 65535 f\r\n'
2025-05-26 11:46:30,190 - DEBUG - nextline: 129596, b'0000001163 65535 f\r\n'
2025-05-26 11:46:30,252 - DEBUG - nextline: 129616, b'0000001164 65535 f\r\n'
2025-05-26 11:46:30,321 - DEBUG - nextline: 129636, b'0000001165 65535 f\r\n'
2025-05-26 11:46:30,396 - DEBUG - nextline: 129656, b'0000001166 65535 f\r\n'
2025-05-26 11:46:30,466 - DEBUG - nextline: 129676, b'0000001167 65535 f\r\n'
2025-05-26 11:46:30,536 - DEBUG - nextline: 129696, b'0000001168 65535 f\r\n'
2025-05-26 11:46:30,606 - DEBUG - nextline: 129716, b'0000001169 65535 f\r\n'
2025-05-26 11:46:30,664 - DEBUG - nextline: 129736, b'0000001170 65535 f\r\n'
2025-05-26 11:46:30,744 - DEBUG - nextline: 129756, b'0000001171 65535 f\r\n'
2025-05-26 11:46:30,812 - DEBUG - nextline: 129776, b'0000001172 65535 f\r\n'
2025-05-26 11:46:30,887 - DEBUG - nextline: 129796, b'0000001173 65535 f\r\n'
2025-05-26 11:46:30,956 - DEBUG - nextline: 129816, b'0000001174 65535 f\r\n'
2025-05-26 11:46:31,031 - DEBUG - nextline: 129836, b'0000001175 65535 f\r\n'
2025-05-26 11:46:31,101 - DEBUG - nextline: 129856, b'0000001176 65535 f\r\n'
2025-05-26 11:46:31,160 - DEBUG - nextline: 129876, b'0000001177 65535 f\r\n'
2025-05-26 11:46:31,220 - DEBUG - nextline: 129896, b'0000001178 65535 f\r\n'
2025-05-26 11:46:31,292 - DEBUG - nextline: 129916, b'0000001179 65535 f\r\n'
2025-05-26 11:46:31,359 - DEBUG - nextline: 129936, b'0000001180 65535 f\r\n'
2025-05-26 11:46:31,429 - DEBUG - nextline: 129956, b'0000001181 65535 f\r\n'
2025-05-26 11:46:31,492 - DEBUG - nextline: 129976, b'0000001182 65535 f\r\n'
2025-05-26 11:46:31,562 - DEBUG - nextline: 129996, b'0000001183 65535 f\r\n'
2025-05-26 11:46:31,642 - DEBUG - nextline: 130016, b'0000001184 65535 f\r\n'
2025-05-26 11:46:31,712 - DEBUG - nextline: 130036, b'0000001185 65535 f\r\n'
2025-05-26 11:46:31,776 - DEBUG - nextline: 130056, b'0000001186 65535 f\r\n'
2025-05-26 11:46:31,839 - DEBUG - nextline: 130076, b'0000001187 65535 f\r\n'
2025-05-26 11:46:31,895 - DEBUG - nextline: 130096, b'0000001188 65535 f\r\n'
2025-05-26 11:46:31,974 - DEBUG - nextline: 130116, b'0000001189 65535 f\r\n'
2025-05-26 11:46:32,044 - DEBUG - nextline: 130136, b'0000001190 65535 f\r\n'
2025-05-26 11:46:32,114 - DEBUG - nextline: 130156, b'0000001191 65535 f\r\n'
2025-05-26 11:46:32,183 - DEBUG - nextline: 130176, b'0000001192 65535 f\r\n'
2025-05-26 11:46:32,266 - DEBUG - nextline: 130196, b'0000001193 65535 f\r\n'
2025-05-26 11:46:32,337 - DEBUG - nextline: 130216, b'0000001194 65535 f\r\n'
2025-05-26 11:46:32,395 - DEBUG - nextline: 130236, b'0000001195 65535 f\r\n'
2025-05-26 11:46:32,459 - DEBUG - nextline: 130256, b'0000001196 65535 f\r\n'
2025-05-26 11:46:32,534 - DEBUG - nextline: 130276, b'0000001197 65535 f\r\n'
2025-05-26 11:46:32,604 - DEBUG - nextline: 130296, b'0000001198 65535 f\r\n'
2025-05-26 11:46:32,673 - DEBUG - nextline: 130316, b'0000001199 65535 f\r\n'
2025-05-26 11:46:32,732 - DEBUG - nextline: 130336, b'0000001200 65535 f\r\n'
2025-05-26 11:46:32,799 - DEBUG - nextline: 130356, b'0000001201 65535 f\r\n'
2025-05-26 11:46:32,869 - DEBUG - nextline: 130376, b'0000001202 65535 f\r\n'
2025-05-26 11:46:32,942 - DEBUG - nextline: 130396, b'0000001203 65535 f\r\n'
2025-05-26 11:46:33,008 - DEBUG - nextline: 130416, b'0000001204 65535 f\r\n'
2025-05-26 11:46:33,069 - DEBUG - nextline: 130436, b'0000001205 65535 f\r\n'
2025-05-26 11:46:33,141 - DEBUG - nextline: 130456, b'0000001206 65535 f\r\n'
2025-05-26 11:46:33,212 - DEBUG - nextline: 130476, b'0000001207 65535 f\r\n'
2025-05-26 11:46:33,285 - DEBUG - nextline: 130496, b'0000001208 65535 f\r\n'
2025-05-26 11:46:33,358 - DEBUG - nextline: 130516, b'0000001209 65535 f\r\n'
2025-05-26 11:46:33,414 - DEBUG - nextline: 130536, b'0000001210 65535 f\r\n'
2025-05-26 11:46:33,507 - DEBUG - nextline: 130556, b'0000001211 65535 f\r\n'
2025-05-26 11:46:33,582 - DEBUG - nextline: 130576, b'0000001212 65535 f\r\n'
2025-05-26 11:46:33,647 - DEBUG - nextline: 130596, b'0000001213 65535 f\r\n'
2025-05-26 11:46:33,710 - DEBUG - nextline: 130616, b'0000001214 65535 f\r\n'
2025-05-26 11:46:33,779 - DEBUG - nextline: 130636, b'0000001215 65535 f\r\n'
2025-05-26 11:46:33,850 - DEBUG - nextline: 130656, b'0000001216 65535 f\r\n'
2025-05-26 11:46:33,913 - DEBUG - nextline: 130676, b'0000001217 65535 f\r\n'
2025-05-26 11:46:33,978 - DEBUG - nextline: 130696, b'0000001218 65535 f\r\n'
2025-05-26 11:46:34,047 - DEBUG - nextline: 130716, b'0000001219 65535 f\r\n'
2025-05-26 11:46:34,113 - DEBUG - nextline: 130736, b'0000001220 65535 f\r\n'
2025-05-26 11:51:44,984 - WARNING - CropBox missing from /Page, defaulting to MediaBox
2025-05-26 11:51:44,988 - WARNING - CropBox missing from /Page, defaulting to MediaBox
2025-05-26 11:51:44,989 - WARNING - CropBox missing from /Page, defaulting to MediaBox
2025-05-26 11:51:44,990 - WARNING - CropBox missing from /Page, defaulting to MediaBox
2025-05-26 11:51:44,991 - WARNING - CropBox missing from /Page, defaulting to MediaBox
2025-05-26 11:51:44,992 - WARNING - CropBox missing from /Page, defaulting to MediaBox
2025-05-26 11:51:44,993 - WARNING - CropBox missing from /Page, defaulting to MediaBox
2025-05-26 11:51:44,993 - WARNING - CropBox missing from /Page, defaulting to MediaBox
2025-05-26 11:51:44,994 - WARNING - CropBox missing from /Page, defaulting to MediaBox
2025-05-26 11:51:44,995 - WARNING - CropBox missing from /Page, defaulting to MediaBox
2025-05-26 11:51:44,996 - WARNING - CropBox missing from /Page, defaulting to MediaBox
2025-05-26 11:51:44,997 - WARNING - CropBox missing from /Page, defaulting to MediaBox
2025-05-26 11:51:44,998 - WARNING - CropBox missing from /Page, defaulting to MediaBox
2025-05-26 11:51:44,999 - WARNING - CropBox missing from /Page, defaulting to MediaBox
2025-05-26 11:51:45,000 - WARNING - CropBox missing from /Page, defaulting to MediaBox
2025-05-26 11:51:45,001 - WARNING - CropBox missing from /Page, defaulting to MediaBox
2025-05-26 11:51:45,002 - WARNING - CropBox missing from /Page, defaulting to MediaBox
2025-05-26 11:51:45,003 - WARNING - CropBox missing from /Page, defaulting to MediaBox
2025-05-26 11:51:45,911 - WARNING - CropBox missing from /Page, defaulting to MediaBox
2025-05-26 11:51:45,912 - WARNING - CropBox missing from /Page, defaulting to MediaBox
2025-05-26 11:51:45,913 - WARNING - CropBox missing from /Page, defaulting to MediaBox
2025-05-26 11:51:45,914 - WARNING - CropBox missing from /Page, defaulting to MediaBox
2025-05-26 11:51:45,915 - WARNING - CropBox missing from /Page, defaulting to MediaBox
2025-05-26 11:51:45,916 - WARNING - CropBox missing from /Page, defaulting to MediaBox
2025-05-26 11:51:45,916 - WARNING - CropBox missing from /Page, defaulting to MediaBox
2025-05-26 11:51:45,917 - WARNING - CropBox missing from /Page, defaulting to MediaBox
2025-05-26 11:51:45,918 - WARNING - CropBox missing from /Page, defaulting to MediaBox
2025-05-26 11:51:45,919 - WARNING - CropBox missing from /Page, defaulting to MediaBox
2025-05-26 11:51:45,920 - WARNING - CropBox missing from /Page, defaulting to MediaBox
2025-05-26 11:51:45,921 - WARNING - CropBox missing from /Page, defaulting to MediaBox
2025-05-26 11:51:45,923 - WARNING - CropBox missing from /Page, defaulting to MediaBox
2025-05-26 11:51:45,924 - WARNING - CropBox missing from /Page, defaulting to MediaBox
2025-05-26 11:51:45,925 - WARNING - CropBox missing from /Page, defaulting to MediaBox
2025-05-26 11:51:45,926 - WARNING - CropBox missing from /Page, defaulting to MediaBox
2025-05-26 11:51:45,927 - WARNING - CropBox missing from /Page, defaulting to MediaBox
2025-05-26 11:51:45,928 - WARNING - CropBox missing from /Page, defaulting to MediaBox
2025-05-26 17:51:08,066 - INFO - Outlier search done.
2025-05-26 17:51:40,566 - INFO - Outlier search done.
2025-05-26 17:51:51,059 - INFO - Outlier search done.
2025-05-26 17:56:52,173 - INFO - Loading waveform data started.
2025-05-26 17:56:52,191 - INFO - Loading waveform data done.
2025-05-26 17:57:01,877 - INFO - Outlier search done.
2025-05-26 17:59:08,805 - INFO - Loading waveform data started.
2025-05-26 17:59:08,825 - INFO - Loading waveform data done.
2025-05-26 17:59:26,590 - INFO - Outlier search done.
2025-05-26 18:00:37,555 - INFO - Loading waveform data started.
2025-05-26 18:00:37,574 - INFO - Loading waveform data done.
2025-05-26 18:00:49,699 - INFO - Outlier search done.
2025-05-27 08:33:21,739 - INFO - Loading waveform data started.
2025-05-27 08:34:15,849 - INFO - Loading waveform data started.
2025-05-27 08:35:10,690 - INFO - Loading waveform data started.
2025-05-27 08:51:37,663 - INFO - Loading waveform data started.
2025-05-27 08:51:37,685 - INFO - Loading waveform data done.
2025-05-27 08:52:22,944 - INFO - Loading waveform data started.
2025-05-27 08:52:22,948 - INFO - Loading waveform data done.
2025-05-27 08:53:20,596 - INFO - Loading waveform data started.
2025-05-27 08:53:20,599 - INFO - Loading waveform data done.
2025-05-27 08:57:07,000 - INFO - Loading waveform data started.
2025-05-27 08:57:07,009 - INFO - Loading waveform data done.
2025-05-27 09:24:37,579 - INFO - Loading waveform data started.
2025-05-27 09:25:47,278 - INFO - Loading waveform data started.
2025-05-27 09:25:47,306 - INFO - Loading waveform data done.
2025-05-27 09:33:32,924 - INFO - Loading waveform data started.
2025-05-27 09:34:11,980 - INFO - Loading waveform data started.
2025-05-27 09:34:12,003 - INFO - Loading waveform data done.
2025-05-27 10:09:38,874 - INFO - Loading waveform data started.
2025-05-27 10:12:48,713 - INFO - Loading waveform data started.
2025-05-27 10:12:48,733 - INFO - Loading waveform data done.
2025-05-27 10:21:57,374 - INFO - Loading waveform data started.
2025-05-27 10:21:57,386 - INFO - Loading waveform data done.
2025-05-27 10:23:56,194 - INFO - Loading waveform data started.
2025-05-27 10:23:56,201 - DEBUG - Loaded backend qtagg version 5.15.11.
2025-05-27 10:23:56,321 - DEBUG - findfont: Matching sans\-serif:style=normal:variant=normal:weight=normal:stretch=normal:size=10.0.
2025-05-27 10:23:56,322 - DEBUG - findfont: score(FontEntry(fname='C:\\Users\\nandu\\AppData\\Local\\Packages\\PythonSoftwareFoundation.Python.3.13_qbz5n2kfra8p0\\LocalCache\\local-packages\\Python313\\site-packages\\matplotlib\\mpl-data\\fonts\\ttf\\STIXSizOneSymBol.ttf', name='STIXSizeOneSym', style='normal', variant='normal', weight=700, stretch='normal', size='scalable')) = 10.335
2025-05-27 10:23:56,323 - DEBUG - findfont: score(FontEntry(fname='C:\\Users\\nandu\\AppData\\Local\\Packages\\PythonSoftwareFoundation.Python.3.13_qbz5n2kfra8p0\\LocalCache\\local-packages\\Python313\\site-packages\\matplotlib\\mpl-data\\fonts\\ttf\\cmtt10.ttf', name='cmtt10', style='normal', variant='normal', weight=400, stretch='normal', size='scalable')) = 10.05
2025-05-27 10:23:56,324 - DEBUG - findfont: score(FontEntry(fname='C:\\Users\\nandu\\AppData\\Local\\Packages\\PythonSoftwareFoundation.Python.3.13_qbz5n2kfra8p0\\LocalCache\\local-packages\\Python313\\site-packages\\matplotlib\\mpl-data\\fonts\\ttf\\STIXSizThreeSymBol.ttf', name='STIXSizeThreeSym', style='normal', variant='normal', weight=700, stretch='normal', size='scalable')) = 10.335
2025-05-27 10:23:56,325 - DEBUG - findfont: score(FontEntry(fname='C:\\Users\\nandu\\AppData\\Local\\Packages\\PythonSoftwareFoundation.Python.3.13_qbz5n2kfra8p0\\LocalCache\\local-packages\\Python313\\site-packages\\matplotlib\\mpl-data\\fonts\\ttf\\STIXNonUniIta.ttf', name='STIXNonUnicode', style='italic', variant='normal', weight=400, stretch='normal', size='scalable')) = 11.05
2025-05-27 10:23:56,326 - DEBUG - findfont: score(FontEntry(fname='C:\\Users\\nandu\\AppData\\Local\\Packages\\PythonSoftwareFoundation.Python.3.13_qbz5n2kfra8p0\\LocalCache\\local-packages\\Python313\\site-packages\\matplotlib\\mpl-data\\fonts\\ttf\\DejaVuSansMono-Bold.ttf', name='DejaVu Sans Mono', style='normal', variant='normal', weight=700, stretch='normal', size='scalable')) = 10.335
2025-05-27 10:23:56,326 - DEBUG - findfont: score(FontEntry(fname='C:\\Users\\nandu\\AppData\\Local\\Packages\\PythonSoftwareFoundation.Python.3.13_qbz5n2kfra8p0\\LocalCache\\local-packages\\Python313\\site-packages\\matplotlib\\mpl-data\\fonts\\ttf\\STIXGeneralItalic.ttf', name='STIXGeneral', style='italic', variant='normal', weight=400, stretch='normal', size='scalable')) = 11.05
2025-05-27 10:23:56,327 - DEBUG - findfont: score(FontEntry(fname='C:\\Users\\nandu\\AppData\\Local\\Packages\\PythonSoftwareFoundation.Python.3.13_qbz5n2kfra8p0\\LocalCache\\local-packages\\Python313\\site-packages\\matplotlib\\mpl-data\\fonts\\ttf\\DejaVuSerif-BoldItalic.ttf', name='DejaVu Serif', style='italic', variant='normal', weight=700, stretch='normal', size='scalable')) = 11.335
2025-05-27 10:23:56,328 - DEBUG - findfont: score(FontEntry(fname='C:\\Users\\nandu\\AppData\\Local\\Packages\\PythonSoftwareFoundation.Python.3.13_qbz5n2kfra8p0\\LocalCache\\local-packages\\Python313\\site-packages\\matplotlib\\mpl-data\\fonts\\ttf\\DejaVuSerif.ttf', name='DejaVu Serif', style='normal', variant='normal', weight=400, stretch='normal', size='scalable')) = 10.05
2025-05-27 10:23:56,330 - DEBUG - findfont: score(FontEntry(fname='C:\\Users\\nandu\\AppData\\Local\\Packages\\PythonSoftwareFoundation.Python.3.13_qbz5n2kfra8p0\\LocalCache\\local-packages\\Python313\\site-packages\\matplotlib\\mpl-data\\fonts\\ttf\\STIXNonUni.ttf', name='STIXNonUnicode', style='normal', variant='normal', weight=400, stretch='normal', size='scalable')) = 10.05
2025-05-27 10:23:56,331 - DEBUG - findfont: score(FontEntry(fname='C:\\Users\\nandu\\AppData\\Local\\Packages\\PythonSoftwareFoundation.Python.3.13_qbz5n2kfra8p0\\LocalCache\\local-packages\\Python313\\site-packages\\matplotlib\\mpl-data\\fonts\\ttf\\DejaVuSansMono-Oblique.ttf', name='DejaVu Sans Mono', style='oblique', variant='normal', weight=400, stretch='normal', size='scalable')) = 11.05
2025-05-27 10:23:56,333 - DEBUG - findfont: score(FontEntry(fname='C:\\Users\\nandu\\AppData\\Local\\Packages\\PythonSoftwareFoundation.Python.3.13_qbz5n2kfra8p0\\LocalCache\\local-packages\\Python313\\site-packages\\matplotlib\\mpl-data\\fonts\\ttf\\DejaVuSans-BoldOblique.ttf', name='DejaVu Sans', style='oblique', variant='normal', weight=700, stretch='normal', size='scalable')) = 1.335
2025-05-27 10:23:56,335 - DEBUG - findfont: score(FontEntry(fname='C:\\Users\\nandu\\AppData\\Local\\Packages\\PythonSoftwareFoundation.Python.3.13_qbz5n2kfra8p0\\LocalCache\\local-packages\\Python313\\site-packages\\matplotlib\\mpl-data\\fonts\\ttf\\STIXGeneral.ttf', name='STIXGeneral', style='normal', variant='normal', weight=400, stretch='normal', size='scalable')) = 10.05
2025-05-27 10:23:56,337 - DEBUG - findfont: score(FontEntry(fname='C:\\Users\\nandu\\AppData\\Local\\Packages\\PythonSoftwareFoundation.Python.3.13_qbz5n2kfra8p0\\LocalCache\\local-packages\\Python313\\site-packages\\matplotlib\\mpl-data\\fonts\\ttf\\STIXNonUniBol.ttf', name='STIXNonUnicode', style='normal', variant='normal', weight=700, stretch='normal', size='scalable')) = 10.335
2025-05-27 10:23:56,339 - DEBUG - findfont: score(FontEntry(fname='C:\\Users\\nandu\\AppData\\Local\\Packages\\PythonSoftwareFoundation.Python.3.13_qbz5n2kfra8p0\\LocalCache\\local-packages\\Python313\\site-packages\\matplotlib\\mpl-data\\fonts\\ttf\\STIXSizFiveSymReg.ttf', name='STIXSizeFiveSym', style='normal', variant='normal', weight=400, stretch='normal', size='scalable')) = 10.05
2025-05-27 10:23:56,340 - DEBUG - findfont: score(FontEntry(fname='C:\\Users\\nandu\\AppData\\Local\\Packages\\PythonSoftwareFoundation.Python.3.13_qbz5n2kfra8p0\\LocalCache\\local-packages\\Python313\\site-packages\\matplotlib\\mpl-data\\fonts\\ttf\\STIXSizFourSymReg.ttf', name='STIXSizeFourSym', style='normal', variant='normal', weight=400, stretch='normal', size='scalable')) = 10.05
2025-05-27 10:23:56,342 - DEBUG - findfont: score(FontEntry(fname='C:\\Users\\nandu\\AppData\\Local\\Packages\\PythonSoftwareFoundation.Python.3.13_qbz5n2kfra8p0\\LocalCache\\local-packages\\Python313\\site-packages\\matplotlib\\mpl-data\\fonts\\ttf\\cmmi10.ttf', name='cmmi10', style='normal', variant='normal', weight=400, stretch='normal', size='scalable')) = 10.05
2025-05-27 10:23:56,344 - DEBUG - findfont: score(FontEntry(fname='C:\\Users\\nandu\\AppData\\Local\\Packages\\PythonSoftwareFoundation.Python.3.13_qbz5n2kfra8p0\\LocalCache\\local-packages\\Python313\\site-packages\\matplotlib\\mpl-data\\fonts\\ttf\\STIXSizTwoSymReg.ttf', name='STIXSizeTwoSym', style='normal', variant='normal', weight=400, stretch='normal', size='scalable')) = 10.05
2025-05-27 10:23:56,346 - DEBUG - findfont: score(FontEntry(fname='C:\\Users\\nandu\\AppData\\Local\\Packages\\PythonSoftwareFoundation.Python.3.13_qbz5n2kfra8p0\\LocalCache\\local-packages\\Python313\\site-packages\\matplotlib\\mpl-data\\fonts\\ttf\\DejaVuSerifDisplay.ttf', name='DejaVu Serif Display', style='normal', variant='normal', weight=400, stretch='normal', size='scalable')) = 10.05
2025-05-27 10:23:56,348 - DEBUG - findfont: score(FontEntry(fname='C:\\Users\\nandu\\AppData\\Local\\Packages\\PythonSoftwareFoundation.Python.3.13_qbz5n2kfra8p0\\LocalCache\\local-packages\\Python313\\site-packages\\matplotlib\\mpl-data\\fonts\\ttf\\STIXSizOneSymReg.ttf', name='STIXSizeOneSym', style='normal', variant='normal', weight=400, stretch='normal', size='scalable')) = 10.05
2025-05-27 10:23:56,350 - DEBUG - findfont: score(FontEntry(fname='C:\\Users\\nandu\\AppData\\Local\\Packages\\PythonSoftwareFoundation.Python.3.13_qbz5n2kfra8p0\\LocalCache\\local-packages\\Python313\\site-packages\\matplotlib\\mpl-data\\fonts\\ttf\\STIXGeneralBolIta.ttf', name='STIXGeneral', style='italic', variant='normal', weight=700, stretch='normal', size='scalable')) = 11.335
2025-05-27 10:23:56,353 - DEBUG - findfont: score(FontEntry(fname='C:\\Users\\nandu\\AppData\\Local\\Packages\\PythonSoftwareFoundation.Python.3.13_qbz5n2kfra8p0\\LocalCache\\local-packages\\Python313\\site-packages\\matplotlib\\mpl-data\\fonts\\ttf\\DejaVuSansDisplay.ttf', name='DejaVu Sans Display', style='normal', variant='normal', weight=400, stretch='normal', size='scalable')) = 10.05
2025-05-27 10:23:56,355 - DEBUG - findfont: score(FontEntry(fname='C:\\Users\\nandu\\AppData\\Local\\Packages\\PythonSoftwareFoundation.Python.3.13_qbz5n2kfra8p0\\LocalCache\\local-packages\\Python313\\site-packages\\matplotlib\\mpl-data\\fonts\\ttf\\DejaVuSansMono-BoldOblique.ttf', name='DejaVu Sans Mono', style='oblique', variant='normal', weight=700, stretch='normal', size='scalable')) = 11.335
2025-05-27 10:23:56,357 - DEBUG - findfont: score(FontEntry(fname='C:\\Users\\nandu\\AppData\\Local\\Packages\\PythonSoftwareFoundation.Python.3.13_qbz5n2kfra8p0\\LocalCache\\local-packages\\Python313\\site-packages\\matplotlib\\mpl-data\\fonts\\ttf\\cmr10.ttf', name='cmr10', style='normal', variant='normal', weight=400, stretch='normal', size='scalable')) = 10.05
2025-05-27 10:23:56,359 - DEBUG - findfont: score(FontEntry(fname='C:\\Users\\nandu\\AppData\\Local\\Packages\\PythonSoftwareFoundation.Python.3.13_qbz5n2kfra8p0\\LocalCache\\local-packages\\Python313\\site-packages\\matplotlib\\mpl-data\\fonts\\ttf\\STIXNonUniBolIta.ttf', name='STIXNonUnicode', style='italic', variant='normal', weight=700, stretch='normal', size='scalable')) = 11.335
2025-05-27 10:23:56,361 - DEBUG - findfont: score(FontEntry(fname='C:\\Users\\nandu\\AppData\\Local\\Packages\\PythonSoftwareFoundation.Python.3.13_qbz5n2kfra8p0\\LocalCache\\local-packages\\Python313\\site-packages\\matplotlib\\mpl-data\\fonts\\ttf\\DejaVuSans-Oblique.ttf', name='DejaVu Sans', style='oblique', variant='normal', weight=400, stretch='normal', size='scalable')) = 1.05
2025-05-27 10:23:56,364 - DEBUG - findfont: score(FontEntry(fname='C:\\Users\\nandu\\AppData\\Local\\Packages\\PythonSoftwareFoundation.Python.3.13_qbz5n2kfra8p0\\LocalCache\\local-packages\\Python313\\site-packages\\matplotlib\\mpl-data\\fonts\\ttf\\DejaVuSans-Bold.ttf', name='DejaVu Sans', style='normal', variant='normal', weight=700, stretch='normal', size='scalable')) = 0.33499999999999996
2025-05-27 10:23:56,366 - DEBUG - findfont: score(FontEntry(fname='C:\\Users\\nandu\\AppData\\Local\\Packages\\PythonSoftwareFoundation.Python.3.13_qbz5n2kfra8p0\\LocalCache\\local-packages\\Python313\\site-packages\\matplotlib\\mpl-data\\fonts\\ttf\\STIXSizTwoSymBol.ttf', name='STIXSizeTwoSym', style='normal', variant='normal', weight=700, stretch='normal', size='scalable')) = 10.335
2025-05-27 10:23:56,369 - DEBUG - findfont: score(FontEntry(fname='C:\\Users\\nandu\\AppData\\Local\\Packages\\PythonSoftwareFoundation.Python.3.13_qbz5n2kfra8p0\\LocalCache\\local-packages\\Python313\\site-packages\\matplotlib\\mpl-data\\fonts\\ttf\\STIXSizFourSymBol.ttf', name='STIXSizeFourSym', style='normal', variant='normal', weight=700, stretch='normal', size='scalable')) = 10.335
2025-05-27 10:23:56,371 - DEBUG - findfont: score(FontEntry(fname='C:\\Users\\nandu\\AppData\\Local\\Packages\\PythonSoftwareFoundation.Python.3.13_qbz5n2kfra8p0\\LocalCache\\local-packages\\Python313\\site-packages\\matplotlib\\mpl-data\\fonts\\ttf\\DejaVuSerif-Bold.ttf', name='DejaVu Serif', style='normal', variant='normal', weight=700, stretch='normal', size='scalable')) = 10.335
2025-05-27 10:23:56,373 - DEBUG - findfont: score(FontEntry(fname='C:\\Users\\nandu\\AppData\\Local\\Packages\\PythonSoftwareFoundation.Python.3.13_qbz5n2kfra8p0\\LocalCache\\local-packages\\Python313\\site-packages\\matplotlib\\mpl-data\\fonts\\ttf\\cmb10.ttf', name='cmb10', style='normal', variant='normal', weight=400, stretch='normal', size='scalable')) = 10.05
2025-05-27 10:23:56,375 - DEBUG - findfont: score(FontEntry(fname='C:\\Users\\nandu\\AppData\\Local\\Packages\\PythonSoftwareFoundation.Python.3.13_qbz5n2kfra8p0\\LocalCache\\local-packages\\Python313\\site-packages\\matplotlib\\mpl-data\\fonts\\ttf\\cmex10.ttf', name='cmex10', style='normal', variant='normal', weight=400, stretch='normal', size='scalable')) = 10.05
2025-05-27 10:23:56,378 - DEBUG - findfont: score(FontEntry(fname='C:\\Users\\nandu\\AppData\\Local\\Packages\\PythonSoftwareFoundation.Python.3.13_qbz5n2kfra8p0\\LocalCache\\local-packages\\Python313\\site-packages\\matplotlib\\mpl-data\\fonts\\ttf\\DejaVuSans.ttf', name='DejaVu Sans', style='normal', variant='normal', weight=400, stretch='normal', size='scalable')) = 0.05
2025-05-27 10:23:56,381 - DEBUG - findfont: score(FontEntry(fname='C:\\Users\\nandu\\AppData\\Local\\Packages\\PythonSoftwareFoundation.Python.3.13_qbz5n2kfra8p0\\LocalCache\\local-packages\\Python313\\site-packages\\matplotlib\\mpl-data\\fonts\\ttf\\STIXGeneralBol.ttf', name='STIXGeneral', style='normal', variant='normal', weight=700, stretch='normal', size='scalable')) = 10.335
2025-05-27 10:23:56,384 - DEBUG - findfont: score(FontEntry(fname='C:\\Users\\nandu\\AppData\\Local\\Packages\\PythonSoftwareFoundation.Python.3.13_qbz5n2kfra8p0\\LocalCache\\local-packages\\Python313\\site-packages\\matplotlib\\mpl-data\\fonts\\ttf\\DejaVuSansMono.ttf', name='DejaVu Sans Mono', style='normal', variant='normal', weight=400, stretch='normal', size='scalable')) = 10.05
2025-05-27 10:23:56,387 - DEBUG - findfont: score(FontEntry(fname='C:\\Users\\nandu\\AppData\\Local\\Packages\\PythonSoftwareFoundation.Python.3.13_qbz5n2kfra8p0\\LocalCache\\local-packages\\Python313\\site-packages\\matplotlib\\mpl-data\\fonts\\ttf\\DejaVuSerif-Italic.ttf', name='DejaVu Serif', style='italic', variant='normal', weight=400, stretch='normal', size='scalable')) = 11.05
2025-05-27 10:23:56,390 - DEBUG - findfont: score(FontEntry(fname='C:\\Users\\nandu\\AppData\\Local\\Packages\\PythonSoftwareFoundation.Python.3.13_qbz5n2kfra8p0\\LocalCache\\local-packages\\Python313\\site-packages\\matplotlib\\mpl-data\\fonts\\ttf\\cmsy10.ttf', name='cmsy10', style='normal', variant='normal', weight=400, stretch='normal', size='scalable')) = 10.05
2025-05-27 10:23:56,393 - DEBUG - findfont: score(FontEntry(fname='C:\\Users\\nandu\\AppData\\Local\\Packages\\PythonSoftwareFoundation.Python.3.13_qbz5n2kfra8p0\\LocalCache\\local-packages\\Python313\\site-packages\\matplotlib\\mpl-data\\fonts\\ttf\\cmss10.ttf', name='cmss10', style='normal', variant='normal', weight=400, stretch='normal', size='scalable')) = 10.05
2025-05-27 10:23:56,396 - DEBUG - findfont: score(FontEntry(fname='C:\\Users\\nandu\\AppData\\Local\\Packages\\PythonSoftwareFoundation.Python.3.13_qbz5n2kfra8p0\\LocalCache\\local-packages\\Python313\\site-packages\\matplotlib\\mpl-data\\fonts\\ttf\\STIXSizThreeSymReg.ttf', name='STIXSizeThreeSym', style='normal', variant='normal', weight=400, stretch='normal', size='scalable')) = 10.05
2025-05-27 10:23:56,399 - DEBUG - findfont: score(FontEntry(fname='C:\\Windows\\Fonts\\ERASBD.TTF', name='Eras Bold ITC', style='normal', variant='normal', weight=400, stretch='normal', size='scalable')) = 10.05
2025-05-27 10:23:56,402 - DEBUG - findfont: score(FontEntry(fname='C:\\Windows\\Fonts\\trebucbi.ttf', name='Trebuchet MS', style='italic', variant='normal', weight=700, stretch='normal', size='scalable')) = 11.335
2025-05-27 10:23:56,405 - DEBUG - findfont: score(FontEntry(fname='C:\\Windows\\Fonts\\BASKVILL.TTF', name='Baskerville Old Face', style='normal', variant='normal', weight=400, stretch='normal', size='scalable')) = 10.05
2025-05-27 10:23:56,408 - DEBUG - findfont: score(FontEntry(fname='C:\\Windows\\Fonts\\LTYPEO.TTF', name='Lucida Sans Typewriter', style='oblique', variant='normal', weight=400, stretch='normal', size='scalable')) = 11.05
2025-05-27 10:23:56,411 - DEBUG - findfont: score(FontEntry(fname='C:\\Windows\\Fonts\\VINERITC.TTF', name='Viner Hand ITC', style='normal', variant='normal', weight=400, stretch='normal', size='scalable')) = 10.05
2025-05-27 10:23:56,415 - DEBUG - findfont: score(FontEntry(fname='C:\\Windows\\Fonts\\ONYX.TTF', name='Onyx', style='normal', variant='normal', weight=400, stretch='normal', size='scalable')) = 10.05
2025-05-27 10:23:56,418 - DEBUG - findfont: score(FontEntry(fname='C:\\Windows\\Fonts\\cambria.ttc', name='Cambria', style='normal', variant='normal', weight=400, stretch='normal', size='scalable')) = 10.05
2025-05-27 10:23:56,421 - DEBUG - findfont: score(FontEntry(fname='C:\\Windows\\Fonts\\constani.ttf', name='Constantia', style='italic', variant='normal', weight=400, stretch='normal', size='scalable')) = 11.05
2025-05-27 10:23:56,425 - DEBUG - findfont: score(FontEntry(fname='C:\\Windows\\Fonts\\COOPBL.TTF', name='Cooper Black', style='normal', variant='normal', weight=400, stretch='normal', size='scalable')) = 10.05
2025-05-27 10:23:56,428 - DEBUG - findfont: score(FontEntry(fname='C:\\Windows\\Fonts\\malgunbd.ttf', name='Malgun Gothic', style='normal', variant='normal', weight=700, stretch='normal', size='scalable')) = 10.335
2025-05-27 10:23:56,432 - DEBUG - findfont: score(FontEntry(fname='C:\\Windows\\Fonts\\MAGNETOB.TTF', name='Magneto', style='normal', variant='normal', weight=700, stretch='normal', size='scalable')) = 10.335
2025-05-27 10:23:56,435 - DEBUG - findfont: score(FontEntry(fname='C:\\Windows\\Fonts\\TCBI____.TTF', name='Tw Cen MT', style='italic', variant='normal', weight=700, stretch='normal', size='scalable')) = 11.335
2025-05-27 10:23:56,439 - DEBUG - findfont: score(FontEntry(fname='C:\\Windows\\Fonts\\msjh.ttc', name='Microsoft JhengHei', style='normal', variant='normal', weight=400, stretch='normal', size='scalable')) = 10.05
2025-05-27 10:23:56,442 - DEBUG - findfont: score(FontEntry(fname='C:\\Windows\\Fonts\\calibrii.ttf', name='Calibri', style='italic', variant='normal', weight=400, stretch='normal', size='scalable')) = 11.05
2025-05-27 10:23:56,446 - DEBUG - findfont: score(FontEntry(fname='C:\\Windows\\Fonts\\DUBAI-BOLD.TTF', name='Dubai', style='normal', variant='normal', weight=700, stretch='normal', size='scalable')) = 10.335
2025-05-27 10:23:56,450 - DEBUG - findfont: score(FontEntry(fname='C:\\Windows\\Fonts\\REFSPCL.TTF', name='MS Reference Specialty', style='normal', variant='normal', weight=400, stretch='normal', size='scalable')) = 10.05
2025-05-27 10:23:56,454 - DEBUG - findfont: score(FontEntry(fname='C:\\Windows\\Fonts\\MOD20.TTF', name='Modern No. 20', style='normal', variant='normal', weight=400, stretch='normal', size='scalable')) = 10.05
2025-05-27 10:23:56,457 - DEBUG - findfont: score(FontEntry(fname='C:\\Windows\\Fonts\\BOD_CI.TTF', name='Bodoni MT', style='italic', variant='normal', weight=400, stretch='condensed', size='scalable')) = 11.25
2025-05-27 10:23:56,461 - DEBUG - findfont: score(FontEntry(fname='C:\\Windows\\Fonts\\courbi.ttf', name='Courier New', style='italic', variant='normal', weight=700, stretch='normal', size='scalable')) = 11.335
2025-05-27 10:23:56,466 - DEBUG - findfont: score(FontEntry(fname='C:\\Windows\\Fonts\\verdanaz.ttf', name='Verdana', style='italic', variant='normal', weight=700, stretch='normal', size='scalable')) = 4.971363636363637
2025-05-27 10:23:56,470 - DEBUG - findfont: score(FontEntry(fname='C:\\Windows\\Fonts\\seguisym.ttf', name='Segoe UI Symbol', style='normal', variant='normal', weight=400, stretch='normal', size='scalable')) = 10.05
2025-05-27 10:23:56,474 - DEBUG - findfont: score(FontEntry(fname='C:\\Windows\\Fonts\\msyhbd.ttc', name='Microsoft YaHei', style='normal', variant='normal', weight=700, stretch='normal', size='scalable')) = 10.335
2025-05-27 10:23:56,478 - DEBUG - findfont: score(FontEntry(fname='C:\\Windows\\Fonts\\BRLNSR.TTF', name='Berlin Sans FB', style='normal', variant='normal', weight=400, stretch='normal', size='scalable')) = 10.05
2025-05-27 10:23:56,483 - DEBUG - findfont: score(FontEntry(fname='C:\\Windows\\Fonts\\MTCORSVA.TTF', name='Monotype Corsiva', style='normal', variant='normal', weight=400, stretch='normal', size='scalable')) = 10.05
2025-05-27 10:23:56,487 - DEBUG - findfont: score(FontEntry(fname='C:\\Windows\\Fonts\\simsun.ttc', name='SimSun', style='normal', variant='normal', weight=400, stretch='normal', size='scalable')) = 10.05
2025-05-27 10:23:56,491 - DEBUG - findfont: score(FontEntry(fname='C:\\Windows\\Fonts\\LTYPEB.TTF', name='Lucida Sans Typewriter', style='normal', variant='normal', weight=600, stretch='normal', size='scalable')) = 10.24
2025-05-27 10:23:56,495 - DEBUG - findfont: score(FontEntry(fname='C:\\Windows\\Fonts\\HTOWERTI.TTF', name='High Tower Text', style='italic', variant='normal', weight=400, stretch='normal', size='scalable')) = 11.05
2025-05-27 10:23:56,500 - DEBUG - findfont: score(FontEntry(fname='C:\\Windows\\Fonts\\GOTHICBI.TTF', name='Century Gothic', style='italic', variant='normal', weight=700, stretch='normal', size='scalable')) = 11.335
2025-05-27 10:23:56,504 - DEBUG - findfont: score(FontEntry(fname='C:\\Windows\\Fonts\\impact.ttf', name='Impact', style='normal', variant='normal', weight=400, stretch='normal', size='scalable')) = 10.05
2025-05-27 10:23:56,508 - DEBUG - findfont: score(FontEntry(fname='C:\\Windows\\Fonts\\GARABD.TTF', name='Garamond', style='normal', variant='normal', weight=700, stretch='normal', size='scalable')) = 10.335
2025-05-27 10:23:56,512 - DEBUG - findfont: score(FontEntry(fname='C:\\Windows\\Fonts\\PER_____.TTF', name='Perpetua', style='normal', variant='normal', weight=400, stretch='normal', size='scalable')) = 10.05
2025-05-27 10:23:56,516 - DEBUG - findfont: score(FontEntry(fname='C:\\Windows\\Fonts\\GILBI___.TTF', name='Gill Sans MT', style='italic', variant='normal', weight=700, stretch='normal', size='scalable')) = 11.335
2025-05-27 10:23:56,521 - DEBUG - findfont: score(FontEntry(fname='C:\\Windows\\Fonts\\cambriaz.ttf', name='Cambria', style='italic', variant='normal', weight=700, stretch='normal', size='scalable')) = 11.335
2025-05-27 10:23:56,525 - DEBUG - findfont: score(FontEntry(fname='C:\\Windows\\Fonts\\GILI____.TTF', name='Gill Sans MT', style='italic', variant='normal', weight=400, stretch='normal', size='scalable')) = 11.05
2025-05-27 10:23:56,530 - DEBUG - findfont: score(FontEntry(fname='C:\\Windows\\Fonts\\SCHLBKI.TTF', name='Century Schoolbook', style='italic', variant='normal', weight=400, stretch='normal', size='scalable')) = 11.05
2025-05-27 10:23:56,535 - DEBUG - findfont: score(FontEntry(fname='C:\\Windows\\Fonts\\corbelli.ttf', name='Corbel', style='italic', variant='normal', weight=300, stretch='normal', size='scalable')) = 11.145
2025-05-27 10:23:56,539 - DEBUG - findfont: score(FontEntry(fname='C:\\Windows\\Fonts\\JUICE___.TTF', name='Juice ITC', style='normal', variant='normal', weight=400, stretch='normal', size='scalable')) = 10.05
2025-05-27 10:23:56,543 - DEBUG - findfont: score(FontEntry(fname='C:\\Windows\\Fonts\\HARLOWSI.TTF', name='Harlow Solid Italic', style='italic', variant='normal', weight=400, stretch='normal', size='scalable')) = 11.05
2025-05-27 10:23:56,548 - DEBUG - findfont: score(FontEntry(fname='C:\\Windows\\Fonts\\ELEPHNTI.TTF', name='Elephant', style='italic', variant='normal', weight=400, stretch='normal', size='scalable')) = 11.05
2025-05-27 10:23:56,553 - DEBUG - findfont: score(FontEntry(fname='C:\\Windows\\Fonts\\GOUDOS.TTF', name='Goudy Old Style', style='normal', variant='normal', weight=400, stretch='normal', size='scalable')) = 10.05
2025-05-27 10:23:56,558 - DEBUG - findfont: score(FontEntry(fname='C:\\Windows\\Fonts\\couri.ttf', name='Courier New', style='italic', variant='normal', weight=400, stretch='normal', size='scalable')) = 11.05
2025-05-27 10:23:56,562 - DEBUG - findfont: score(FontEntry(fname='C:\\Windows\\Fonts\\CALIST.TTF', name='Calisto MT', style='normal', variant='normal', weight=400, stretch='normal', size='scalable')) = 10.05
2025-05-27 10:23:56,568 - DEBUG - findfont: score(FontEntry(fname='C:\\Windows\\Fonts\\Candaraz.ttf', name='Candara', style='italic', variant='normal', weight=700, stretch='normal', size='scalable')) = 11.335
2025-05-27 10:23:56,572 - DEBUG - findfont: score(FontEntry(fname='C:\\Windows\\Fonts\\comicbd.ttf', name='Comic Sans MS', style='normal', variant='normal', weight=700, stretch='normal', size='scalable')) = 10.335
2025-05-27 10:23:56,577 - DEBUG - findfont: score(FontEntry(fname='C:\\Windows\\Fonts\\FORTE.TTF', name='Forte', style='normal', variant='normal', weight=400, stretch='normal', size='scalable')) = 10.05
2025-05-27 10:23:56,582 - DEBUG - findfont: score(FontEntry(fname='C:\\Windows\\Fonts\\FRSCRIPT.TTF', name='French Script MT', style='normal', variant='normal', weight=400, stretch='normal', size='scalable')) = 10.05
2025-05-27 10:23:56,587 - DEBUG - findfont: score(FontEntry(fname='C:\\Windows\\Fonts\\timesbd.ttf', name='Times New Roman', style='normal', variant='normal', weight=700, stretch='normal', size='scalable')) = 10.335
2025-05-27 10:23:56,591 - DEBUG - findfont: score(FontEntry(fname='C:\\Windows\\Fonts\\PLAYBILL.TTF', name='Playbill', style='normal', variant='normal', weight=400, stretch='normal', size='scalable')) = 10.05
2025-05-27 10:23:56,596 - DEBUG - findfont: score(FontEntry(fname='C:\\Windows\\Fonts\\seguili.ttf', name='Segoe UI', style='italic', variant='normal', weight=300, stretch='normal', size='scalable')) = 11.145
2025-05-27 10:23:56,602 - DEBUG - findfont: score(FontEntry(fname='C:\\Windows\\Fonts\\PRISTINA.TTF', name='Pristina', style='normal', variant='normal', weight=400, stretch='normal', size='scalable')) = 10.05
2025-05-27 10:23:56,607 - DEBUG - findfont: score(FontEntry(fname='C:\\Windows\\Fonts\\comicz.ttf', name='Comic Sans MS', style='italic', variant='normal', weight=700, stretch='normal', size='scalable')) = 11.335
2025-05-27 10:23:56,612 - DEBUG - findfont: score(FontEntry(fname='C:\\Windows\\Fonts\\OLDENGL.TTF', name='Old English Text MT', style='normal', variant='normal', weight=400, stretch='normal', size='scalable')) = 10.05
2025-05-27 10:23:56,617 - DEBUG - findfont: score(FontEntry(fname='C:\\Windows\\Fonts\\PERB____.TTF', name='Perpetua', style='normal', variant='normal', weight=700, stretch='normal', size='scalable')) = 10.335
2025-05-27 10:23:56,622 - DEBUG - findfont: score(FontEntry(fname='C:\\Windows\\Fonts\\CURLZ___.TTF', name='Curlz MT', style='normal', variant='normal', weight=400, stretch='normal', size='scalable')) = 10.05
2025-05-27 10:23:56,630 - DEBUG - findfont: score(FontEntry(fname='C:\\Windows\\Fonts\\segoescb.ttf', name='Segoe Script', style='normal', variant='normal', weight=700, stretch='normal', size='scalable')) = 10.335
2025-05-27 10:23:56,636 - DEBUG - findfont: score(FontEntry(fname='C:\\Windows\\Fonts\\ROCCB___.TTF', name='Rockwell Condensed', style='normal', variant='normal', weight=700, stretch='condensed', size='scalable')) = 10.535
2025-05-27 10:23:56,642 - DEBUG - findfont: score(FontEntry(fname='C:\\Windows\\Fonts\\GLSNECB.TTF', name='Gill Sans MT Ext Condensed Bold', style='normal', variant='normal', weight=400, stretch='condensed', size='scalable')) = 10.25
2025-05-27 10:23:56,648 - DEBUG - findfont: score(FontEntry(fname='C:\\Windows\\Fonts\\framd.ttf', name='Franklin Gothic Medium', style='normal', variant='normal', weight=400, stretch='normal', size='scalable')) = 10.05
2025-05-27 10:23:56,653 - DEBUG - findfont: score(FontEntry(fname='C:\\Windows\\Fonts\\verdana.ttf', name='Verdana', style='normal', variant='normal', weight=400, stretch='normal', size='scalable')) = 3.6863636363636365
2025-05-27 10:23:56,659 - DEBUG - findfont: score(FontEntry(fname='C:\\Windows\\Fonts\\YuGothL.ttc', name='Yu Gothic', style='normal', variant='normal', weight=300, stretch='normal', size='scalable')) = 10.145
2025-05-27 10:23:56,664 - DEBUG - findfont: score(FontEntry(fname='C:\\Windows\\Fonts\\calibri.ttf', name='Calibri', style='normal', variant='normal', weight=400, stretch='normal', size='scalable')) = 10.05
2025-05-27 10:23:56,670 - DEBUG - findfont: score(FontEntry(fname='C:\\Windows\\Fonts\\BOD_B.TTF', name='Bodoni MT', style='normal', variant='normal', weight=700, stretch='normal', size='scalable')) = 10.335
2025-05-27 10:23:56,676 - DEBUG - findfont: score(FontEntry(fname='C:\\Windows\\Fonts\\BOD_R.TTF', name='Bodoni MT', style='normal', variant='normal', weight=400, stretch='normal', size='scalable')) = 10.05
2025-05-27 10:23:56,682 - DEBUG - findfont: score(FontEntry(fname='C:\\Windows\\Fonts\\TCCB____.TTF', name='Tw Cen MT Condensed', style='normal', variant='normal', weight=700, stretch='condensed', size='scalable')) = 10.535
2025-05-27 10:23:56,689 - DEBUG - findfont: score(FontEntry(fname='C:\\Windows\\Fonts\\Candarai.ttf', name='Candara', style='italic', variant='normal', weight=400, stretch='normal', size='scalable')) = 11.05
2025-05-27 10:23:56,695 - DEBUG - findfont: score(FontEntry(fname='C:\\Windows\\Fonts\\calibril.ttf', name='Calibri', style='normal', variant='normal', weight=300, stretch='normal', size='scalable')) = 10.145
2025-05-27 10:23:56,701 - DEBUG - findfont: score(FontEntry(fname='C:\\Windows\\Fonts\\ERASMD.TTF', name='Eras Medium ITC', style='normal', variant='normal', weight=400, stretch='normal', size='scalable')) = 10.05
2025-05-27 10:23:56,707 - DEBUG - findfont: score(FontEntry(fname='C:\\Windows\\Fonts\\monbaiti.ttf', name='Mongolian Baiti', style='normal', variant='normal', weight=400, stretch='normal', size='scalable')) = 10.05
2025-05-27 10:23:56,713 - DEBUG - findfont: score(FontEntry(fname='C:\\Windows\\Fonts\\BAUHS93.TTF', name='Bauhaus 93', style='normal', variant='normal', weight=400, stretch='normal', size='scalable')) = 10.05
2025-05-27 10:23:56,720 - DEBUG - findfont: score(FontEntry(fname='C:\\Windows\\Fonts\\Nirmala.ttf', name='Nirmala UI', style='normal', variant='normal', weight=400, stretch='normal', size='scalable')) = 10.05
2025-05-27 10:23:56,726 - DEBUG - findfont: score(FontEntry(fname='C:\\Windows\\Fonts\\LeelaUIb.ttf', name='Leelawadee UI', style='normal', variant='normal', weight=700, stretch='normal', size='scalable')) = 10.335
2025-05-27 10:23:56,733 - DEBUG - findfont: score(FontEntry(fname='C:\\Windows\\Fonts\\taile.ttf', name='Microsoft Tai Le', style='normal', variant='normal', weight=400, stretch='normal', size='scalable')) = 10.05
2025-05-27 10:23:56,739 - DEBUG - findfont: score(FontEntry(fname='C:\\Windows\\Fonts\\palai.ttf', name='Palatino Linotype', style='italic', variant='normal', weight=400, stretch='normal', size='scalable')) = 11.05
2025-05-27 10:23:56,745 - DEBUG - findfont: score(FontEntry(fname='C:\\Windows\\Fonts\\javatext.ttf', name='Javanese Text', style='normal', variant='normal', weight=400, stretch='normal', size='scalable')) = 10.05
2025-05-27 10:23:56,752 - DEBUG - findfont: score(FontEntry(fname='C:\\Windows\\Fonts\\courbd.ttf', name='Courier New', style='normal', variant='normal', weight=700, stretch='normal', size='scalable')) = 10.335
2025-05-27 10:23:56,757 - DEBUG - findfont: score(FontEntry(fname='C:\\Windows\\Fonts\\ROCKI.TTF', name='Rockwell', style='italic', variant='normal', weight=400, stretch='normal', size='scalable')) = 11.05
2025-05-27 10:23:56,764 - DEBUG - findfont: score(FontEntry(fname='C:\\Windows\\Fonts\\msgothic.ttc', name='MS Gothic', style='normal', variant='normal', weight=400, stretch='normal', size='scalable')) = 10.05
2025-05-27 10:23:56,771 - DEBUG - findfont: score(FontEntry(fname='C:\\Windows\\Fonts\\ELEPHNT.TTF', name='Elephant', style='normal', variant='normal', weight=400, stretch='normal', size='scalable')) = 10.05
2025-05-27 10:23:56,777 - DEBUG - findfont: score(FontEntry(fname='C:\\Windows\\Fonts\\georgiab.ttf', name='Georgia', style='normal', variant='normal', weight=700, stretch='normal', size='scalable')) = 10.335
2025-05-27 10:23:56,784 - DEBUG - findfont: score(FontEntry(fname='C:\\Windows\\Fonts\\SHOWG.TTF', name='Showcard Gothic', style='normal', variant='normal', weight=400, stretch='normal', size='scalable')) = 10.05
2025-05-27 10:23:56,790 - DEBUG - findfont: score(FontEntry(fname='C:\\Windows\\Fonts\\TCMI____.TTF', name='Tw Cen MT', style='italic', variant='normal', weight=400, stretch='normal', size='scalable')) = 11.05
2025-05-27 10:23:56,796 - DEBUG - findfont: score(FontEntry(fname='C:\\Windows\\Fonts\\COPRGTL.TTF', name='Copperplate Gothic Light', style='normal', variant='normal', weight=400, stretch='normal', size='scalable')) = 10.05
2025-05-27 10:23:56,803 - DEBUG - findfont: score(FontEntry(fname='C:\\Windows\\Fonts\\seguibl.ttf', name='Segoe UI', style='normal', variant='normal', weight=900, stretch='normal', size='scalable')) = 10.525
2025-05-27 10:23:56,809 - DEBUG - findfont: score(FontEntry(fname='C:\\Windows\\Fonts\\GOTHIC.TTF', name='Century Gothic', style='normal', variant='normal', weight=400, stretch='normal', size='scalable')) = 10.05
2025-05-27 10:23:56,815 - DEBUG - findfont: score(FontEntry(fname='C:\\Windows\\Fonts\\IMPRISHA.TTF', name='Imprint MT Shadow', style='normal', variant='normal', weight=400, stretch='normal', size='scalable')) = 10.05
2025-05-27 10:23:56,823 - DEBUG - findfont: score(FontEntry(fname='C:\\Windows\\Fonts\\AGENCYR.TTF', name='Agency FB', style='normal', variant='normal', weight=400, stretch='normal', size='scalable')) = 10.05
2025-05-27 10:23:56,829 - DEBUG - findfont: score(FontEntry(fname='C:\\Windows\\Fonts\\corbeli.ttf', name='Corbel', style='italic', variant='normal', weight=400, stretch='normal', size='scalable')) = 11.05
2025-05-27 10:23:56,836 - DEBUG - findfont: score(FontEntry(fname='C:\\Windows\\Fonts\\ariblk.ttf', name='Arial', style='normal', variant='normal', weight=900, stretch='normal', size='scalable')) = 6.888636363636364
2025-05-27 10:23:56,843 - DEBUG - findfont: score(FontEntry(fname='C:\\Windows\\Fonts\\BOD_BLAR.TTF', name='Bodoni MT', style='normal', variant='normal', weight=900, stretch='normal', size='scalable')) = 10.525
2025-05-27 10:23:56,849 - DEBUG - findfont: score(FontEntry(fname='C:\\Windows\\Fonts\\ENGR.TTF', name='Engravers MT', style='normal', variant='normal', weight=500, stretch='normal', size='scalable')) = 10.145
2025-05-27 10:23:56,856 - DEBUG - findfont: score(FontEntry(fname='C:\\Windows\\Fonts\\consolai.ttf', name='Consolas', style='italic', variant='normal', weight=400, stretch='normal', size='scalable')) = 11.05
2025-05-27 10:23:56,863 - DEBUG - findfont: score(FontEntry(fname='C:\\Windows\\Fonts\\segoeuisl.ttf', name='Segoe UI', style='normal', variant='normal', weight=350, stretch='normal', size='scalable')) = 10.0975
2025-05-27 10:23:56,871 - DEBUG - findfont: score(FontEntry(fname='C:\\Windows\\Fonts\\seguisli.ttf', name='Segoe UI', style='italic', variant='normal', weight=350, stretch='normal', size='scalable')) = 11.0975
2025-05-27 10:23:56,877 - DEBUG - findfont: score(FontEntry(fname='C:\\Windows\\Fonts\\mmrtextb.ttf', name='Myanmar Text', style='normal', variant='normal', weight=700, stretch='normal', size='scalable')) = 10.335
2025-05-27 10:23:56,887 - DEBUG - findfont: score(FontEntry(fname='C:\\Windows\\Fonts\\GILLUBCD.TTF', name='Gill Sans Ultra Bold Condensed', style='normal', variant='normal', weight=400, stretch='condensed', size='scalable')) = 10.25
2025-05-27 10:23:56,897 - DEBUG - findfont: score(FontEntry(fname='C:\\Windows\\Fonts\\BROADW.TTF', name='Broadway', style='normal', variant='normal', weight=400, stretch='normal', size='scalable')) = 10.05
2025-05-27 10:23:56,906 - DEBUG - findfont: score(FontEntry(fname='C:\\Windows\\Fonts\\simsunb.ttf', name='SimSun-ExtB', style='normal', variant='normal', weight=400, stretch='normal', size='scalable')) = 10.05
2025-05-27 10:23:56,913 - DEBUG - findfont: score(FontEntry(fname='C:\\Windows\\Fonts\\JOKERMAN.TTF', name='Jokerman', style='normal', variant='normal', weight=400, stretch='normal', size='scalable')) = 10.05
2025-05-27 10:23:56,922 - DEBUG - findfont: score(FontEntry(fname='C:\\Windows\\Fonts\\Candaral.ttf', name='Candara', style='normal', variant='normal', weight=400, stretch='normal', size='scalable')) = 10.05
2025-05-27 10:23:56,932 - DEBUG - findfont: score(FontEntry(fname='C:\\Windows\\Fonts\\LFAX.TTF', name='Lucida Fax', style='normal', variant='normal', weight=400, stretch='normal', size='scalable')) = 10.05
2025-05-27 10:23:56,940 - DEBUG - findfont: score(FontEntry(fname='C:\\Windows\\Fonts\\PERI____.TTF', name='Perpetua', style='italic', variant='normal', weight=400, stretch='normal', size='scalable')) = 11.05
2025-05-27 10:23:56,947 - DEBUG - findfont: score(FontEntry(fname='C:\\Windows\\Fonts\\COPRGTB.TTF', name='Copperplate Gothic Bold', style='normal', variant='normal', weight=400, stretch='normal', size='scalable')) = 10.05
2025-05-27 10:23:56,955 - DEBUG - findfont: score(FontEntry(fname='C:\\Windows\\Fonts\\GOUDYSTO.TTF', name='Goudy Stout', style='normal', variant='normal', weight=400, stretch='normal', size='scalable')) = 10.05
2025-05-27 10:23:56,962 - DEBUG - findfont: score(FontEntry(fname='C:\\Windows\\Fonts\\MSUIGHUB.TTF', name='Microsoft Uighur', style='normal', variant='normal', weight=700, stretch='normal', size='scalable')) = 10.335
2025-05-27 10:23:56,970 - DEBUG - findfont: score(FontEntry(fname='C:\\Windows\\Fonts\\msyh.ttc', name='Microsoft YaHei', style='normal', variant='normal', weight=400, stretch='normal', size='scalable')) = 10.05
2025-05-27 10:23:56,978 - DEBUG - findfont: score(FontEntry(fname='C:\\Windows\\Fonts\\CALIFR.TTF', name='Californian FB', style='normal', variant='normal', weight=400, stretch='normal', size='scalable')) = 10.05
2025-05-27 10:23:56,986 - DEBUG - findfont: score(FontEntry(fname='C:\\Windows\\Fonts\\SNAP____.TTF', name='Snap ITC', style='normal', variant='normal', weight=400, stretch='normal', size='scalable')) = 10.05
2025-05-27 10:23:56,994 - DEBUG - findfont: score(FontEntry(fname='C:\\Windows\\Fonts\\TCCEB.TTF', name='Tw Cen MT Condensed Extra Bold', style='normal', variant='normal', weight=400, stretch='condensed', size='scalable')) = 10.25
2025-05-27 10:23:57,002 - DEBUG - findfont: score(FontEntry(fname='C:\\Windows\\Fonts\\timesbi.ttf', name='Times New Roman', style='italic', variant='normal', weight=700, stretch='normal', size='scalable')) = 11.335
2025-05-27 10:23:57,009 - DEBUG - findfont: score(FontEntry(fname='C:\\Windows\\Fonts\\palab.ttf', name='Palatino Linotype', style='normal', variant='normal', weight=700, stretch='normal', size='scalable')) = 10.335
2025-05-27 10:23:57,016 - DEBUG - findfont: score(FontEntry(fname='C:\\Windows\\Fonts\\BRLNSB.TTF', name='Berlin Sans FB', style='normal', variant='normal', weight=700, stretch='normal', size='scalable')) = 10.335
2025-05-27 10:23:57,023 - DEBUG - findfont: score(FontEntry(fname='C:\\Windows\\Fonts\\ANTQUAI.TTF', name='Book Antiqua', style='italic', variant='normal', weight=400, stretch='normal', size='scalable')) = 11.05
2025-05-27 10:23:57,030 - DEBUG - findfont: score(FontEntry(fname='C:\\Windows\\Fonts\\l_10646.ttf', name='Lucida Sans Unicode', style='normal', variant='normal', weight=400, stretch='normal', size='scalable')) = 10.05
2025-05-27 10:23:57,038 - DEBUG - findfont: score(FontEntry(fname='C:\\Windows\\Fonts\\ARLRDBD.TTF', name='Arial Rounded MT Bold', style='normal', variant='normal', weight=400, stretch='normal', size='scalable')) = 10.05
2025-05-27 10:23:57,046 - DEBUG - findfont: score(FontEntry(fname='C:\\Windows\\Fonts\\wingding.ttf', name='Wingdings', style='normal', variant='normal', weight=400, stretch='normal', size='scalable')) = 10.05
2025-05-27 10:23:57,055 - DEBUG - findfont: score(FontEntry(fname='C:\\Windows\\Fonts\\calibrib.ttf', name='Calibri', style='normal', variant='normal', weight=700, stretch='normal', size='scalable')) = 10.335
2025-05-27 10:23:57,063 - DEBUG - findfont: score(FontEntry(fname='C:\\Windows\\Fonts\\segoeui.ttf', name='Segoe UI', style='normal', variant='normal', weight=400, stretch='normal', size='scalable')) = 10.05
2025-05-27 10:23:57,071 - DEBUG - findfont: score(FontEntry(fname='C:\\Windows\\Fonts\\LTYPEBO.TTF', name='Lucida Sans Typewriter', style='oblique', variant='normal', weight=600, stretch='normal', size='scalable')) = 11.24
2025-05-27 10:23:57,079 - DEBUG - findfont: score(FontEntry(fname='C:\\Windows\\Fonts\\PAPYRUS.TTF', name='Papyrus', style='normal', variant='normal', weight=400, stretch='normal', size='scalable')) = 10.05
2025-05-27 10:23:57,087 - DEBUG - findfont: score(FontEntry(fname='C:\\Windows\\Fonts\\ERASLGHT.TTF', name='Eras Light ITC', style='normal', variant='normal', weight=400, stretch='normal', size='scalable')) = 10.05
2025-05-27 10:23:57,095 - DEBUG - findfont: score(FontEntry(fname='C:\\Windows\\Fonts\\ROCKEB.TTF', name='Rockwell Extra Bold', style='normal', variant='normal', weight=800, stretch='normal', size='scalable')) = 10.43
2025-05-27 10:23:57,103 - DEBUG - findfont: score(FontEntry(fname='C:\\Windows\\Fonts\\LEELAWDB.TTF', name='Leelawadee', style='normal', variant='normal', weight=700, stretch='normal', size='scalable')) = 10.335
2025-05-27 10:23:57,111 - DEBUG - findfont: score(FontEntry(fname='C:\\Windows\\Fonts\\verdanab.ttf', name='Verdana', style='normal', variant='normal', weight=700, stretch='normal', size='scalable')) = 3.9713636363636367
2025-05-27 10:23:57,119 - DEBUG - findfont: score(FontEntry(fname='C:\\Windows\\Fonts\\himalaya.ttf', name='Microsoft Himalaya', style='normal', variant='normal', weight=400, stretch='normal', size='scalable')) = 10.05
2025-05-27 10:23:57,127 - DEBUG - findfont: score(FontEntry(fname='C:\\Windows\\Fonts\\HARNGTON.TTF', name='Harrington', style='normal', variant='normal', weight=400, stretch='normal', size='scalable')) = 10.05
2025-05-27 10:23:57,135 - DEBUG - findfont: score(FontEntry(fname='C:\\Windows\\Fonts\\bahnschrift.ttf', name='Bahnschrift', style='normal', variant='normal', weight=400, stretch='normal', size='scalable')) = 10.05
2025-05-27 10:23:57,143 - DEBUG - findfont: score(FontEntry(fname='C:\\Windows\\Fonts\\ITCEDSCR.TTF', name='Edwardian Script ITC', style='normal', variant='normal', weight=400, stretch='normal', size='scalable')) = 10.05
2025-05-27 10:23:57,152 - DEBUG - findfont: score(FontEntry(fname='C:\\Windows\\Fonts\\TCM_____.TTF', name='Tw Cen MT', style='normal', variant='normal', weight=400, stretch='normal', size='scalable')) = 10.05
2025-05-27 10:23:57,160 - DEBUG - findfont: score(FontEntry(fname='C:\\Windows\\Fonts\\webdings.ttf', name='Webdings', style='normal', variant='normal', weight=400, stretch='normal', size='scalable')) = 10.05
2025-05-27 10:23:57,168 - DEBUG - findfont: score(FontEntry(fname='C:\\Windows\\Fonts\\georgiai.ttf', name='Georgia', style='italic', variant='normal', weight=400, stretch='normal', size='scalable')) = 11.05
2025-05-27 10:23:57,176 - DEBUG - findfont: score(FontEntry(fname='C:\\Windows\\Fonts\\BOD_PSTC.TTF', name='Bodoni MT', style='normal', variant='normal', weight=300, stretch='normal', size='scalable')) = 10.145
2025-05-27 10:23:57,185 - DEBUG - findfont: score(FontEntry(fname='C:\\Windows\\Fonts\\PERTILI.TTF', name='Perpetua Titling MT', style='normal', variant='normal', weight=300, stretch='normal', size='scalable')) = 10.145
2025-05-27 10:23:57,193 - DEBUG - findfont: score(FontEntry(fname='C:\\Windows\\Fonts\\georgia.ttf', name='Georgia', style='normal', variant='normal', weight=400, stretch='normal', size='scalable')) = 10.05
2025-05-27 10:23:57,202 - DEBUG - findfont: score(FontEntry(fname='C:\\Windows\\Fonts\\FTLTLT.TTF', name='Footlight MT Light', style='normal', variant='normal', weight=300, stretch='normal', size='scalable')) = 10.145
2025-05-27 10:23:57,214 - DEBUG - findfont: score(FontEntry(fname='C:\\Windows\\Fonts\\ANTQUAB.TTF', name='Book Antiqua', style='normal', variant='normal', weight=700, stretch='normal', size='scalable')) = 10.335
2025-05-27 10:23:57,226 - DEBUG - findfont: score(FontEntry(fname='C:\\Windows\\Fonts\\BRUSHSCI.TTF', name='Brush Script MT', style='italic', variant='normal', weight=400, stretch='normal', size='scalable')) = 11.05
2025-05-27 10:23:57,237 - DEBUG - findfont: score(FontEntry(fname='C:\\Windows\\Fonts\\GIL_____.TTF', name='Gill Sans MT', style='normal', variant='normal', weight=400, stretch='normal', size='scalable')) = 10.05
2025-05-27 10:23:57,246 - DEBUG - findfont: score(FontEntry(fname='C:\\Windows\\Fonts\\KUNSTLER.TTF', name='Kunstler Script', style='normal', variant='normal', weight=400, stretch='normal', size='scalable')) = 10.05
2025-05-27 10:23:57,255 - DEBUG - findfont: score(FontEntry(fname='C:\\Windows\\Fonts\\mingliub.ttc', name='MingLiU-ExtB', style='normal', variant='normal', weight=400, stretch='normal', size='scalable')) = 10.05
2025-05-27 10:23:57,264 - DEBUG - findfont: score(FontEntry(fname='C:\\Windows\\Fonts\\BOOKOSBI.TTF', name='Bookman Old Style', style='italic', variant='normal', weight=600, stretch='normal', size='scalable')) = 11.24
2025-05-27 10:23:57,273 - DEBUG - findfont: score(FontEntry(fname='C:\\Windows\\Fonts\\BOD_I.TTF', name='Bodoni MT', style='italic', variant='normal', weight=400, stretch='normal', size='scalable')) = 11.05
2025-05-27 10:23:57,283 - DEBUG - findfont: score(FontEntry(fname='C:\\Windows\\Fonts\\segoeprb.ttf', name='Segoe Print', style='normal', variant='normal', weight=700, stretch='normal', size='scalable')) = 10.335
2025-05-27 10:23:57,292 - DEBUG - findfont: score(FontEntry(fname='C:\\Windows\\Fonts\\LBRITEDI.TTF', name='Lucida Bright', style='italic', variant='normal', weight=600, stretch='normal', size='scalable')) = 11.24
2025-05-27 10:23:57,301 - DEBUG - findfont: score(FontEntry(fname='C:\\Windows\\Fonts\\VLADIMIR.TTF', name='Vladimir Script', style='normal', variant='normal', weight=400, stretch='normal', size='scalable')) = 10.05
2025-05-27 10:23:57,310 - DEBUG - findfont: score(FontEntry(fname='C:\\Windows\\Fonts\\micross.ttf', name='Microsoft Sans Serif', style='normal', variant='normal', weight=400, stretch='normal', size='scalable')) = 10.05
2025-05-27 10:23:57,319 - DEBUG - findfont: score(FontEntry(fname='C:\\Windows\\Fonts\\BRLNSDB.TTF', name='Berlin Sans FB Demi', style='normal', variant='normal', weight=700, stretch='normal', size='scalable')) = 10.335
2025-05-27 10:23:57,328 - DEBUG - findfont: score(FontEntry(fname='C:\\Windows\\Fonts\\ROCC____.TTF', name='Rockwell Condensed', style='normal', variant='normal', weight=400, stretch='condensed', size='scalable')) = 10.25
2025-05-27 10:23:57,338 - DEBUG - findfont: score(FontEntry(fname='C:\\Windows\\Fonts\\MATURASC.TTF', name='Matura MT Script Capitals', style='normal', variant='normal', weight=400, stretch='normal', size='scalable')) = 10.05
2025-05-27 10:23:57,347 - DEBUG - findfont: score(FontEntry(fname='C:\\Windows\\Fonts\\ARIALNB.TTF', name='Arial', style='normal', variant='normal', weight=700, stretch='condensed', size='scalable')) = 6.8986363636363635
2025-05-27 10:23:57,358 - DEBUG - findfont: score(FontEntry(fname='C:\\Windows\\Fonts\\SCHLBKBI.TTF', name='Century Schoolbook', style='italic', variant='normal', weight=700, stretch='normal', size='scalable')) = 11.335
2025-05-27 10:23:57,368 - DEBUG - findfont: score(FontEntry(fname='C:\\Windows\\Fonts\\ARIALNBI.TTF', name='Arial', style='italic', variant='normal', weight=700, stretch='condensed', size='scalable')) = 7.8986363636363635
2025-05-27 10:23:57,377 - DEBUG - findfont: score(FontEntry(fname='C:\\Windows\\Fonts\\consolaz.ttf', name='Consolas', style='italic', variant='normal', weight=700, stretch='normal', size='scalable')) = 11.335
2025-05-27 10:23:57,387 - DEBUG - findfont: score(FontEntry(fname='C:\\Windows\\Fonts\\segoesc.ttf', name='Segoe Script', style='normal', variant='normal', weight=400, stretch='normal', size='scalable')) = 10.05
2025-05-27 10:23:57,396 - DEBUG - findfont: score(FontEntry(fname='C:\\Windows\\Fonts\\ariali.ttf', name='Arial', style='italic', variant='normal', weight=400, stretch='normal', size='scalable')) = 7.413636363636363
2025-05-27 10:23:57,405 - DEBUG - findfont: score(FontEntry(fname='C:\\Windows\\Fonts\\BSSYM7.TTF', name='Bookshelf Symbol 7', style='normal', variant='normal', weight=400, stretch='normal', size='scalable')) = 10.05
2025-05-27 10:23:57,414 - DEBUG - findfont: score(FontEntry(fname='C:\\Windows\\Fonts\\TCCM____.TTF', name='Tw Cen MT Condensed', style='normal', variant='normal', weight=400, stretch='condensed', size='scalable')) = 10.25
2025-05-27 10:23:57,425 - DEBUG - findfont: score(FontEntry(fname='C:\\Windows\\Fonts\\FRADMCN.TTF', name='Franklin Gothic Demi Cond', style='normal', variant='normal', weight=400, stretch='condensed', size='scalable')) = 10.25
2025-05-27 10:23:57,435 - DEBUG - findfont: score(FontEntry(fname='C:\\Windows\\Fonts\\CALIFI.TTF', name='Californian FB', style='italic', variant='normal', weight=400, stretch='normal', size='scalable')) = 11.05
2025-05-27 10:23:57,444 - DEBUG - findfont: score(FontEntry(fname='C:\\Windows\\Fonts\\CHILLER.TTF', name='Chiller', style='normal', variant='normal', weight=400, stretch='normal', size='scalable')) = 10.05
2025-05-27 10:23:57,454 - DEBUG - findfont: score(FontEntry(fname='C:\\Windows\\Fonts\\ALGER.TTF', name='Algerian', style='normal', variant='normal', weight=400, stretch='normal', size='scalable')) = 10.05
2025-05-27 10:23:57,465 - DEBUG - findfont: score(FontEntry(fname='C:\\Windows\\Fonts\\LEELAWAD.TTF', name='Leelawadee', style='normal', variant='normal', weight=400, stretch='normal', size='scalable')) = 10.05
2025-05-27 10:23:57,475 - DEBUG - findfont: score(FontEntry(fname='C:\\Windows\\Fonts\\segoeuib.ttf', name='Segoe UI', style='normal', variant='normal', weight=700, stretch='normal', size='scalable')) = 10.335
2025-05-27 10:23:57,485 - DEBUG - findfont: score(FontEntry(fname='C:\\Windows\\Fonts\\TCB_____.TTF', name='Tw Cen MT', style='normal', variant='normal', weight=700, stretch='normal', size='scalable')) = 10.335
2025-05-27 10:23:57,494 - DEBUG - findfont: score(FontEntry(fname='C:\\Windows\\Fonts\\DUBAI-REGULAR.TTF', name='Dubai', style='normal', variant='normal', weight=400, stretch='normal', size='scalable')) = 10.05
2025-05-27 10:23:57,505 - DEBUG - findfont: score(FontEntry(fname='C:\\Windows\\Fonts\\LBRITE.TTF', name='Lucida Bright', style='normal', variant='normal', weight=400, stretch='normal', size='scalable')) = 10.05
2025-05-27 10:23:57,517 - DEBUG - findfont: score(FontEntry(fname='C:\\Windows\\Fonts\\GIGI.TTF', name='Gigi', style='normal', variant='normal', weight=400, stretch='normal', size='scalable')) = 10.05
2025-05-27 10:23:57,528 - DEBUG - findfont: score(FontEntry(fname='C:\\Windows\\Fonts\\palabi.ttf', name='Palatino Linotype', style='italic', variant='normal', weight=700, stretch='normal', size='scalable')) = 11.335
2025-05-27 10:23:57,540 - DEBUG - findfont: score(FontEntry(fname='C:\\Windows\\Fonts\\cambriai.ttf', name='Cambria', style='italic', variant='normal', weight=400, stretch='normal', size='scalable')) = 11.05
2025-05-27 10:23:57,550 - DEBUG - findfont: score(FontEntry(fname='C:\\Windows\\Fonts\\NirmalaB.ttf', name='Nirmala UI', style='normal', variant='normal', weight=700, stretch='normal', size='scalable')) = 10.335
2025-05-27 10:23:57,560 - DEBUG - findfont: score(FontEntry(fname='C:\\Windows\\Fonts\\GOTHICI.TTF', name='Century Gothic', style='italic', variant='normal', weight=400, stretch='normal', size='scalable')) = 11.05
2025-05-27 10:23:57,571 - DEBUG - findfont: score(FontEntry(fname='C:\\Windows\\Fonts\\LBRITEI.TTF', name='Lucida Bright', style='italic', variant='normal', weight=400, stretch='normal', size='scalable')) = 11.05
2025-05-27 10:23:57,583 - DEBUG - findfont: score(FontEntry(fname='C:\\Windows\\Fonts\\ANTQUABI.TTF', name='Book Antiqua', style='italic', variant='normal', weight=700, stretch='normal', size='scalable')) = 11.335
2025-05-27 10:23:57,594 - DEBUG - findfont: score(FontEntry(fname='C:\\Windows\\Fonts\\LFAXI.TTF', name='Lucida Fax', style='italic', variant='normal', weight=400, stretch='normal', size='scalable')) = 11.05
2025-05-27 10:23:57,606 - DEBUG - findfont: score(FontEntry(fname='C:\\Windows\\Fonts\\verdanai.ttf', name='Verdana', style='italic', variant='normal', weight=400, stretch='normal', size='scalable')) = 4.6863636363636365
2025-05-27 10:23:57,618 - DEBUG - findfont: score(FontEntry(fname='C:\\Windows\\Fonts\\SansSerifCollection.ttf', name='Sans Serif Collection', style='normal', variant='normal', weight=400, stretch='normal', size='scalable')) = 10.05
2025-05-27 10:23:57,630 - DEBUG - findfont: score(FontEntry(fname='C:\\Windows\\Fonts\\BRADHITC.TTF', name='Bradley Hand ITC', style='normal', variant='normal', weight=400, stretch='normal', size='scalable')) = 10.05
2025-05-27 10:23:57,642 - DEBUG - findfont: score(FontEntry(fname='C:\\Windows\\Fonts\\BOOKOSB.TTF', name='Bookman Old Style', style='normal', variant='normal', weight=600, stretch='normal', size='scalable')) = 10.24
2025-05-27 10:23:57,653 - DEBUG - findfont: score(FontEntry(fname='C:\\Windows\\Fonts\\BELLB.TTF', name='Bell MT', style='normal', variant='normal', weight=700, stretch='normal', size='scalable')) = 10.335
2025-05-27 10:23:57,663 - DEBUG - findfont: score(FontEntry(fname='C:\\Windows\\Fonts\\pala.ttf', name='Palatino Linotype', style='normal', variant='normal', weight=400, stretch='normal', size='scalable')) = 10.05
2025-05-27 10:23:57,674 - DEBUG - findfont: score(FontEntry(fname='C:\\Windows\\Fonts\\times.ttf', name='Times New Roman', style='normal', variant='normal', weight=400, stretch='normal', size='scalable')) = 10.05
2025-05-27 10:23:57,686 - DEBUG - findfont: score(FontEntry(fname='C:\\Windows\\Fonts\\PERTIBD.TTF', name='Perpetua Titling MT', style='normal', variant='normal', weight=700, stretch='normal', size='scalable')) = 10.335
2025-05-27 10:23:57,698 - DEBUG - findfont: score(FontEntry(fname='C:\\Windows\\Fonts\\BELL.TTF', name='Bell MT', style='normal', variant='normal', weight=400, stretch='normal', size='scalable')) = 10.05
2025-05-27 10:23:57,710 - DEBUG - findfont: score(FontEntry(fname='C:\\Windows\\Fonts\\BOD_CR.TTF', name='Bodoni MT', style='normal', variant='normal', weight=400, stretch='condensed', size='scalable')) = 10.25
2025-05-27 10:23:57,723 - DEBUG - findfont: score(FontEntry(fname='C:\\Windows\\Fonts\\CALISTB.TTF', name='Calisto MT', style='normal', variant='normal', weight=700, stretch='normal', size='scalable')) = 10.335
2025-05-27 10:23:57,734 - DEBUG - findfont: score(FontEntry(fname='C:\\Windows\\Fonts\\corbell.ttf', name='Corbel', style='normal', variant='normal', weight=300, stretch='normal', size='scalable')) = 10.145
2025-05-27 10:23:57,744 - DEBUG - findfont: score(FontEntry(fname='C:\\Windows\\Fonts\\REFSAN.TTF', name='MS Reference Sans Serif', style='normal', variant='normal', weight=400, stretch='normal', size='scalable')) = 10.05
2025-05-27 10:23:57,756 - DEBUG - findfont: score(FontEntry(fname='C:\\Windows\\Fonts\\Gabriola.ttf', name='Gabriola', style='normal', variant='normal', weight=400, stretch='normal', size='scalable')) = 10.05
2025-05-27 10:23:57,769 - DEBUG - findfont: score(FontEntry(fname='C:\\Windows\\Fonts\\ntailu.ttf', name='Microsoft New Tai Lue', style='normal', variant='normal', weight=400, stretch='normal', size='scalable')) = 10.05
2025-05-27 10:23:57,779 - DEBUG - findfont: score(FontEntry(fname='C:\\Windows\\Fonts\\BOOKOSI.TTF', name='Bookman Old Style', style='italic', variant='normal', weight=300, stretch='normal', size='scalable')) = 11.145
2025-05-27 10:23:57,790 - DEBUG - findfont: score(FontEntry(fname='C:\\Windows\\Fonts\\Inkfree.ttf', name='Ink Free', style='normal', variant='normal', weight=400, stretch='normal', size='scalable')) = 10.05
2025-05-27 10:23:57,802 - DEBUG - findfont: score(FontEntry(fname='C:\\Windows\\Fonts\\lucon.ttf', name='Lucida Console', style='normal', variant='normal', weight=400, stretch='normal', size='scalable')) = 10.05
2025-05-27 10:23:57,816 - DEBUG - findfont: score(FontEntry(fname='C:\\Windows\\Fonts\\VIVALDII.TTF', name='Vivaldi', style='italic', variant='normal', weight=400, stretch='normal', size='scalable')) = 11.05
2025-05-27 10:23:57,827 - DEBUG - findfont: score(FontEntry(fname='C:\\Windows\\Fonts\\mvboli.ttf', name='MV Boli', style='normal', variant='normal', weight=400, stretch='normal', size='scalable')) = 10.05
2025-05-27 10:23:57,838 - DEBUG - findfont: score(FontEntry(fname='C:\\Windows\\Fonts\\LSANSDI.TTF', name='Lucida Sans', style='italic', variant='normal', weight=600, stretch='normal', size='scalable')) = 11.24
2025-05-27 10:23:57,848 - DEBUG - findfont: score(FontEntry(fname='C:\\Windows\\Fonts\\FELIXTI.TTF', name='Felix Titling', style='normal', variant='normal', weight=400, stretch='normal', size='scalable')) = 10.05
2025-05-27 10:23:57,859 - DEBUG - findfont: score(FontEntry(fname='C:\\Windows\\Fonts\\arialbi.ttf', name='Arial', style='italic', variant='normal', weight=700, stretch='normal', size='scalable')) = 7.698636363636363
2025-05-27 10:23:57,871 - DEBUG - findfont: score(FontEntry(fname='C:\\Windows\\Fonts\\trebucit.ttf', name='Trebuchet MS', style='italic', variant='normal', weight=400, stretch='normal', size='scalable')) = 11.05
2025-05-27 10:23:57,882 - DEBUG - findfont: score(FontEntry(fname='C:\\Windows\\Fonts\\timesi.ttf', name='Times New Roman', style='italic', variant='normal', weight=400, stretch='normal', size='scalable')) = 11.05
2025-05-27 10:23:57,893 - DEBUG - findfont: score(FontEntry(fname='C:\\Windows\\Fonts\\YuGothM.ttc', name='Yu Gothic', style='normal', variant='normal', weight=500, stretch='normal', size='scalable')) = 10.145
2025-05-27 10:23:57,906 - DEBUG - findfont: score(FontEntry(fname='C:\\Windows\\Fonts\\INFROMAN.TTF', name='Informal Roman', style='normal', variant='normal', weight=400, stretch='normal', size='scalable')) = 10.05
2025-05-27 10:23:57,918 - DEBUG - findfont: score(FontEntry(fname='C:\\Windows\\Fonts\\msjhbd.ttc', name='Microsoft JhengHei', style='normal', variant='normal', weight=700, stretch='normal', size='scalable')) = 10.335
2025-05-27 10:23:57,930 - DEBUG - findfont: score(FontEntry(fname='C:\\Windows\\Fonts\\tahomabd.ttf', name='Tahoma', style='normal', variant='normal', weight=700, stretch='normal', size='scalable')) = 10.335
2025-05-27 10:23:57,941 - DEBUG - findfont: score(FontEntry(fname='C:\\Windows\\Fonts\\malgun.ttf', name='Malgun Gothic', style='normal', variant='normal', weight=400, stretch='normal', size='scalable')) = 10.05
2025-05-27 10:23:57,953 - DEBUG - findfont: score(FontEntry(fname='C:\\Windows\\Fonts\\CENSCBK.TTF', name='Century Schoolbook', style='normal', variant='normal', weight=400, stretch='normal', size='scalable')) = 10.05
2025-05-27 10:23:57,965 - DEBUG - findfont: score(FontEntry(fname='C:\\Windows\\Fonts\\comic.ttf', name='Comic Sans MS', style='normal', variant='normal', weight=400, stretch='normal', size='scalable')) = 10.05
2025-05-27 10:23:57,976 - DEBUG - findfont: score(FontEntry(fname='C:\\Windows\\Fonts\\CENTURY.TTF', name='Century', style='normal', variant='normal', weight=400, stretch='normal', size='scalable')) = 10.05
2025-05-27 10:23:57,988 - DEBUG - findfont: score(FontEntry(fname='C:\\Windows\\Fonts\\BOD_CB.TTF', name='Bodoni MT', style='normal', variant='normal', weight=700, stretch='condensed', size='scalable')) = 10.535
2025-05-27 10:23:57,999 - DEBUG - findfont: score(FontEntry(fname='C:\\Windows\\Fonts\\seguihis.ttf', name='Segoe UI Historic', style='normal', variant='normal', weight=400, stretch='normal', size='scalable')) = 10.05
2025-05-27 10:23:58,010 - DEBUG - findfont: score(FontEntry(fname='C:\\Windows\\Fonts\\POORICH.TTF', name='Poor Richard', style='normal', variant='normal', weight=400, stretch='normal', size='scalable')) = 10.05
2025-05-27 10:23:58,022 - DEBUG - findfont: score(FontEntry(fname='C:\\Windows\\Fonts\\LCALLIG.TTF', name='Lucida Calligraphy', style='italic', variant='normal', weight=400, stretch='normal', size='scalable')) = 11.05
2025-05-27 10:23:58,034 - DEBUG - findfont: score(FontEntry(fname='C:\\Windows\\Fonts\\SegoeIcons.ttf', name='Segoe Fluent Icons', style='normal', variant='normal', weight=400, stretch='normal', size='scalable')) = 10.05
2025-05-27 10:23:58,045 - DEBUG - findfont: score(FontEntry(fname='C:\\Windows\\Fonts\\BKANT.TTF', name='Book Antiqua', style='normal', variant='normal', weight=400, stretch='normal', size='scalable')) = 10.05
2025-05-27 10:23:58,057 - DEBUG - findfont: score(FontEntry(fname='C:\\Windows\\Fonts\\STENCIL.TTF', name='Stencil', style='normal', variant='normal', weight=400, stretch='normal', size='scalable')) = 10.05
2025-05-27 10:23:58,070 - DEBUG - findfont: score(FontEntry(fname='C:\\Windows\\Fonts\\GOUDOSI.TTF', name='Goudy Old Style', style='italic', variant='normal', weight=400, stretch='normal', size='scalable')) = 11.05
2025-05-27 10:23:58,081 - DEBUG - findfont: score(FontEntry(fname='C:\\Windows\\Fonts\\HTOWERT.TTF', name='High Tower Text', style='normal', variant='normal', weight=400, stretch='normal', size='scalable')) = 10.05
2025-05-27 10:23:58,093 - DEBUG - findfont: score(FontEntry(fname='C:\\Windows\\Fonts\\SitkaVF-Italic.ttf', name='Sitka', style='italic', variant='normal', weight=400, stretch='normal', size='scalable')) = 11.05
2025-05-27 10:23:58,108 - DEBUG - findfont: score(FontEntry(fname='C:\\Windows\\Fonts\\OUTLOOK.TTF', name='MS Outlook', style='normal', variant='normal', weight=400, stretch='normal', size='scalable')) = 10.05
2025-05-27 10:23:58,121 - DEBUG - findfont: score(FontEntry(fname='C:\\Windows\\Fonts\\Candarab.ttf', name='Candara', style='normal', variant='normal', weight=700, stretch='normal', size='scalable')) = 10.335
2025-05-27 10:23:58,134 - DEBUG - findfont: score(FontEntry(fname='C:\\Windows\\Fonts\\BERNHC.TTF', name='Bernard MT Condensed', style='normal', variant='normal', weight=400, stretch='condensed', size='scalable')) = 10.25
2025-05-27 10:23:58,146 - DEBUG - findfont: score(FontEntry(fname='C:\\Windows\\Fonts\\consolab.ttf', name='Consolas', style='normal', variant='normal', weight=700, stretch='normal', size='scalable')) = 10.335
2025-05-27 10:23:58,158 - DEBUG - findfont: score(FontEntry(fname='C:\\Windows\\Fonts\\ITCBLKAD.TTF', name='Blackadder ITC', style='normal', variant='normal', weight=400, stretch='normal', size='scalable')) = 10.05
2025-05-27 10:23:58,171 - DEBUG - findfont: score(FontEntry(fname='C:\\Windows\\Fonts\\YuGothB.ttc', name='Yu Gothic', style='normal', variant='normal', weight=700, stretch='normal', size='scalable')) = 10.335
2025-05-27 10:23:58,185 - DEBUG - findfont: score(FontEntry(fname='C:\\Windows\\Fonts\\msjhl.ttc', name='Microsoft JhengHei', style='normal', variant='normal', weight=290, stretch='normal', size='scalable')) = 10.1545
2025-05-27 10:23:58,197 - DEBUG - findfont: score(FontEntry(fname='C:\\Windows\\Fonts\\malgunsl.ttf', name='Malgun Gothic', style='normal', variant='normal', weight=300, stretch='normal', size='scalable')) = 10.145
2025-05-27 10:23:58,210 - DEBUG - findfont: score(FontEntry(fname='C:\\Windows\\Fonts\\OCRAEXT.TTF', name='OCR A Extended', style='normal', variant='normal', weight=400, stretch='expanded', size='scalable')) = 10.25
2025-05-27 10:23:58,223 - DEBUG - findfont: score(FontEntry(fname='C:\\Windows\\Fonts\\msyi.ttf', name='Microsoft Yi Baiti', style='normal', variant='normal', weight=400, stretch='normal', size='scalable')) = 10.05
2025-05-27 10:23:58,235 - DEBUG - findfont: score(FontEntry(fname='C:\\Windows\\Fonts\\PARCHM.TTF', name='Parchment', style='normal', variant='normal', weight=400, stretch='normal', size='scalable')) = 10.05
2025-05-27 10:23:58,247 - DEBUG - findfont: score(FontEntry(fname='C:\\Windows\\Fonts\\COLONNA.TTF', name='Colonna MT', style='normal', variant='normal', weight=400, stretch='normal', size='scalable')) = 10.05
2025-05-27 10:23:58,259 - DEBUG - findfont: score(FontEntry(fname='C:\\Windows\\Fonts\\LeelawUI.ttf', name='Leelawadee UI', style='normal', variant='normal', weight=400, stretch='normal', size='scalable')) = 10.05
2025-05-27 10:23:58,272 - DEBUG - findfont: score(FontEntry(fname='C:\\Windows\\Fonts\\PERBI___.TTF', name='Perpetua', style='italic', variant='normal', weight=700, stretch='normal', size='scalable')) = 11.335
2025-05-27 10:23:58,285 - DEBUG - findfont: score(FontEntry(fname='C:\\Windows\\Fonts\\BOD_BLAI.TTF', name='Bodoni MT', style='italic', variant='normal', weight=900, stretch='normal', size='scalable')) = 11.525
2025-05-27 10:23:58,297 - DEBUG - findfont: score(FontEntry(fname='C:\\Windows\\Fonts\\seguisb.ttf', name='Segoe UI', style='normal', variant='normal', weight=600, stretch='normal', size='scalable')) = 10.24
2025-05-27 10:23:58,311 - DEBUG - findfont: score(FontEntry(fname='C:\\Windows\\Fonts\\FRABKIT.TTF', name='Franklin Gothic Book', style='italic', variant='normal', weight=400, stretch='normal', size='scalable')) = 11.05
2025-05-27 10:23:58,324 - DEBUG - findfont: score(FontEntry(fname='C:\\Windows\\Fonts\\LSANSD.TTF', name='Lucida Sans', style='normal', variant='normal', weight=600, stretch='normal', size='scalable')) = 10.24
2025-05-27 10:23:58,337 - DEBUG - findfont: score(FontEntry(fname='C:\\Windows\\Fonts\\GOTHICB.TTF', name='Century Gothic', style='normal', variant='normal', weight=700, stretch='normal', size='scalable')) = 10.335
2025-05-27 10:23:58,350 - DEBUG - findfont: score(FontEntry(fname='C:\\Windows\\Fonts\\calibrili.ttf', name='Calibri', style='italic', variant='normal', weight=300, stretch='normal', size='scalable')) = 11.145
2025-05-27 10:23:58,362 - DEBUG - findfont: score(FontEntry(fname='C:\\Windows\\Fonts\\ebrimabd.ttf', name='Ebrima', style='normal', variant='normal', weight=700, stretch='normal', size='scalable')) = 10.335
2025-05-27 10:23:58,376 - DEBUG - findfont: score(FontEntry(fname='C:\\Windows\\Fonts\\LSANS.TTF', name='Lucida Sans', style='normal', variant='normal', weight=400, stretch='normal', size='scalable')) = 10.05
2025-05-27 10:23:58,390 - DEBUG - findfont: score(FontEntry(fname='C:\\Windows\\Fonts\\ERASDEMI.TTF', name='Eras Demi ITC', style='normal', variant='normal', weight=400, stretch='normal', size='scalable')) = 10.05
2025-05-27 10:23:58,406 - DEBUG - findfont: score(FontEntry(fname='C:\\Windows\\Fonts\\BRITANIC.TTF', name='Britannic Bold', style='normal', variant='normal', weight=400, stretch='normal', size='scalable')) = 10.05
2025-05-27 10:23:58,420 - DEBUG - findfont: score(FontEntry(fname='C:\\Windows\\Fonts\\taileb.ttf', name='Microsoft Tai Le', style='normal', variant='normal', weight=700, stretch='normal', size='scalable')) = 10.335
2025-05-27 10:23:58,433 - DEBUG - findfont: score(FontEntry(fname='C:\\Windows\\Fonts\\segoeuil.ttf', name='Segoe UI', style='normal', variant='normal', weight=300, stretch='normal', size='scalable')) = 10.145
2025-05-27 10:23:58,445 - DEBUG - findfont: score(FontEntry(fname='C:\\Windows\\Fonts\\CENTAUR.TTF', name='Centaur', style='normal', variant='normal', weight=400, stretch='normal', size='scalable')) = 10.05
2025-05-27 10:23:58,460 - DEBUG - findfont: score(FontEntry(fname='C:\\Windows\\Fonts\\seguisbi.ttf', name='Segoe UI', style='italic', variant='normal', weight=600, stretch='normal', size='scalable')) = 11.24
2025-05-27 10:23:58,474 - DEBUG - findfont: score(FontEntry(fname='C:\\Windows\\Fonts\\LSANSI.TTF', name='Lucida Sans', style='italic', variant='normal', weight=400, stretch='normal', size='scalable')) = 11.05
2025-05-27 10:23:58,489 - DEBUG - findfont: score(FontEntry(fname='C:\\Windows\\Fonts\\arial.ttf', name='Arial', style='normal', variant='normal', weight=400, stretch='normal', size='scalable')) = 6.413636363636363
2025-05-27 10:23:58,504 - DEBUG - findfont: score(FontEntry(fname='C:\\Windows\\Fonts\\MAIAN.TTF', name='Maiandra GD', style='normal', variant='normal', weight=400, stretch='normal', size='scalable')) = 10.05
2025-05-27 10:23:58,518 - DEBUG - findfont: score(FontEntry(fname='C:\\Windows\\Fonts\\AGENCYB.TTF', name='Agency FB', style='normal', variant='normal', weight=700, stretch='normal', size='scalable')) = 10.335
2025-05-27 10:23:58,531 - DEBUG - findfont: score(FontEntry(fname='C:\\Windows\\Fonts\\LATINWD.TTF', name='Wide Latin', style='normal', variant='normal', weight=400, stretch='expanded', size='scalable')) = 10.25
2025-05-27 10:23:58,544 - DEBUG - findfont: score(FontEntry(fname='C:\\Windows\\Fonts\\corbelb.ttf', name='Corbel', style='normal', variant='normal', weight=700, stretch='normal', size='scalable')) = 10.335
2025-05-27 10:23:58,557 - DEBUG - findfont: score(FontEntry(fname='C:\\Windows\\Fonts\\BOD_CBI.TTF', name='Bodoni MT', style='italic', variant='normal', weight=700, stretch='condensed', size='scalable')) = 11.535
2025-05-27 10:23:58,570 - DEBUG - findfont: score(FontEntry(fname='C:\\Windows\\Fonts\\SimsunExtG.ttf', name='SimSun-ExtG', style='normal', variant='normal', weight=400, stretch='normal', size='scalable')) = 10.05
2025-05-27 10:23:58,584 - DEBUG - findfont: score(FontEntry(fname='C:\\Windows\\Fonts\\GILB____.TTF', name='Gill Sans MT', style='normal', variant='normal', weight=700, stretch='normal', size='scalable')) = 10.335
2025-05-27 10:23:58,596 - DEBUG - findfont: score(FontEntry(fname='C:\\Windows\\Fonts\\CALISTI.TTF', name='Calisto MT', style='italic', variant='normal', weight=400, stretch='normal', size='scalable')) = 11.05
2025-05-27 10:23:58,611 - DEBUG - findfont: score(FontEntry(fname='C:\\Windows\\Fonts\\WINGDNG2.TTF', name='Wingdings 2', style='normal', variant='normal', weight=400, stretch='normal', size='scalable')) = 10.05
2025-05-27 10:23:58,625 - DEBUG - findfont: score(FontEntry(fname='C:\\Windows\\Fonts\\LFAXD.TTF', name='Lucida Fax', style='normal', variant='normal', weight=600, stretch='normal', size='scalable')) = 10.24
2025-05-27 10:23:58,639 - DEBUG - findfont: score(FontEntry(fname='C:\\Windows\\Fonts\\phagspab.ttf', name='Microsoft PhagsPa', style='normal', variant='normal', weight=700, stretch='normal', size='scalable')) = 10.335
2025-05-27 10:23:58,653 - DEBUG - findfont: score(FontEntry(fname='C:\\Windows\\Fonts\\MISTRAL.TTF', name='Mistral', style='normal', variant='normal', weight=400, stretch='normal', size='scalable')) = 10.05
2025-05-27 10:23:58,667 - DEBUG - findfont: score(FontEntry(fname='C:\\Windows\\Fonts\\tahoma.ttf', name='Tahoma', style='normal', variant='normal', weight=400, stretch='normal', size='scalable')) = 10.05
2025-05-27 10:23:58,685 - DEBUG - findfont: score(FontEntry(fname='C:\\Windows\\Fonts\\MTEXTRA.TTF', name='MT Extra', style='normal', variant='normal', weight=400, stretch='normal', size='scalable')) = 10.05
2025-05-27 10:23:58,706 - DEBUG - findfont: score(FontEntry(fname='C:\\Windows\\Fonts\\PALSCRI.TTF', name='Palace Script MT', style='normal', variant='normal', weight=400, stretch='normal', size='scalable')) = 10.05
2025-05-27 10:23:58,722 - DEBUG - findfont: score(FontEntry(fname='C:\\Windows\\Fonts\\ntailub.ttf', name='Microsoft New Tai Lue', style='normal', variant='normal', weight=700, stretch='normal', size='scalable')) = 10.335
2025-05-27 10:23:58,737 - DEBUG - findfont: score(FontEntry(fname='C:\\Windows\\Fonts\\cambriab.ttf', name='Cambria', style='normal', variant='normal', weight=700, stretch='normal', size='scalable')) = 10.335
2025-05-27 10:23:58,752 - DEBUG - findfont: score(FontEntry(fname='C:\\Windows\\Fonts\\gadugib.ttf', name='Gadugi', style='normal', variant='normal', weight=700, stretch='normal', size='scalable')) = 10.335
2025-05-27 10:23:58,768 - DEBUG - findfont: score(FontEntry(fname='C:\\Windows\\Fonts\\constan.ttf', name='Constantia', style='normal', variant='normal', weight=400, stretch='normal', size='scalable')) = 10.05
2025-05-27 10:23:58,784 - DEBUG - findfont: score(FontEntry(fname='C:\\Windows\\Fonts\\ebrima.ttf', name='Ebrima', style='normal', variant='normal', weight=400, stretch='normal', size='scalable')) = 10.05
2025-05-27 10:23:58,799 - DEBUG - findfont: score(FontEntry(fname='C:\\Windows\\Fonts\\GARAIT.TTF', name='Garamond', style='italic', variant='normal', weight=400, stretch='normal', size='scalable')) = 11.05
2025-05-27 10:23:58,813 - DEBUG - findfont: score(FontEntry(fname='C:\\Windows\\Fonts\\RAGE.TTF', name='Rage Italic', style='italic', variant='normal', weight=400, stretch='normal', size='scalable')) = 11.05
2025-05-27 10:23:58,829 - DEBUG - findfont: score(FontEntry(fname='C:\\Windows\\Fonts\\NirmalaS.ttf', name='Nirmala UI', style='normal', variant='normal', weight=350, stretch='normal', size='scalable')) = 10.0975
2025-05-27 10:23:58,860 - DEBUG - findfont: score(FontEntry(fname='C:\\Windows\\Fonts\\FRABK.TTF', name='Franklin Gothic Book', style='normal', variant='normal', weight=400, stretch='normal', size='scalable')) = 10.05
2025-05-27 10:23:58,896 - DEBUG - findfont: score(FontEntry(fname='C:\\Windows\\Fonts\\HATTEN.TTF', name='Haettenschweiler', style='normal', variant='normal', weight=400, stretch='normal', size='scalable')) = 10.05
2025-05-27 10:23:58,926 - DEBUG - findfont: score(FontEntry(fname='C:\\Windows\\Fonts\\ROCK.TTF', name='Rockwell', style='normal', variant='normal', weight=400, stretch='normal', size='scalable')) = 10.05
2025-05-27 10:23:58,943 - DEBUG - findfont: score(FontEntry(fname='C:\\Windows\\Fonts\\calibriz.ttf', name='Calibri', style='italic', variant='normal', weight=700, stretch='normal', size='scalable')) = 11.335
2025-05-27 10:23:58,959 - DEBUG - findfont: score(FontEntry(fname='C:\\Windows\\Fonts\\CALISTBI.TTF', name='Calisto MT', style='italic', variant='normal', weight=700, stretch='normal', size='scalable')) = 11.335
2025-05-27 10:23:58,975 - DEBUG - findfont: score(FontEntry(fname='C:\\Windows\\Fonts\\constanz.ttf', name='Constantia', style='italic', variant='normal', weight=700, stretch='normal', size='scalable')) = 11.335
2025-05-27 10:23:58,994 - DEBUG - findfont: score(FontEntry(fname='C:\\Windows\\Fonts\\segmdl2.ttf', name='Segoe MDL2 Assets', style='normal', variant='normal', weight=400, stretch='normal', size='scalable')) = 10.05
2025-05-27 10:23:59,014 - DEBUG - findfont: score(FontEntry(fname='C:\\Windows\\Fonts\\DUBAI-LIGHT.TTF', name='Dubai', style='normal', variant='normal', weight=300, stretch='normal', size='scalable')) = 10.145
2025-05-27 10:23:59,029 - DEBUG - findfont: score(FontEntry(fname='C:\\Windows\\Fonts\\GOUDOSB.TTF', name='Goudy Old Style', style='normal', variant='normal', weight=700, stretch='normal', size='scalable')) = 10.335
2025-05-27 10:23:59,044 - DEBUG - findfont: score(FontEntry(fname='C:\\Windows\\Fonts\\FRADMIT.TTF', name='Franklin Gothic Demi', style='italic', variant='normal', weight=400, stretch='normal', size='scalable')) = 11.05
2025-05-27 10:23:59,060 - DEBUG - findfont: score(FontEntry(fname='C:\\Windows\\Fonts\\constanb.ttf', name='Constantia', style='normal', variant='normal', weight=700, stretch='normal', size='scalable')) = 10.335
2025-05-27 10:23:59,074 - DEBUG - findfont: score(FontEntry(fname='C:\\Windows\\Fonts\\segoeuii.ttf', name='Segoe UI', style='italic', variant='normal', weight=400, stretch='normal', size='scalable')) = 11.05
2025-05-27 10:23:59,090 - DEBUG - findfont: score(FontEntry(fname='C:\\Windows\\Fonts\\CALIFB.TTF', name='Californian FB', style='normal', variant='normal', weight=700, stretch='normal', size='scalable')) = 10.335
2025-05-27 10:23:59,105 - DEBUG - findfont: score(FontEntry(fname='C:\\Windows\\Fonts\\YuGothR.ttc', name='Yu Gothic', style='normal', variant='normal', weight=400, stretch='normal', size='scalable')) = 10.05
2025-05-27 10:23:59,121 - DEBUG - findfont: score(FontEntry(fname='C:\\Windows\\Fonts\\corbel.ttf', name='Corbel', style='normal', variant='normal', weight=400, stretch='normal', size='scalable')) = 10.05
2025-05-27 10:23:59,137 - DEBUG - findfont: score(FontEntry(fname='C:\\Windows\\Fonts\\GILC____.TTF', name='Gill Sans MT Condensed', style='normal', variant='normal', weight=400, stretch='condensed', size='scalable')) = 10.25
2025-05-27 10:23:59,152 - DEBUG - findfont: score(FontEntry(fname='C:\\Windows\\Fonts\\arialbd.ttf', name='Arial', style='normal', variant='normal', weight=700, stretch='normal', size='scalable')) = 6.698636363636363
2025-05-27 10:23:59,169 - DEBUG - findfont: score(FontEntry(fname='C:\\Windows\\Fonts\\sylfaen.ttf', name='Sylfaen', style='normal', variant='normal', weight=400, stretch='normal', size='scalable')) = 10.05
2025-05-27 10:23:59,187 - DEBUG - findfont: score(FontEntry(fname='C:\\Windows\\Fonts\\segoepr.ttf', name='Segoe Print', style='normal', variant='normal', weight=400, stretch='normal', size='scalable')) = 10.05
2025-05-27 10:23:59,205 - DEBUG - findfont: score(FontEntry(fname='C:\\Windows\\Fonts\\FRADM.TTF', name='Franklin Gothic Demi', style='normal', variant='normal', weight=400, stretch='normal', size='scalable')) = 10.05
2025-05-27 10:23:59,221 - DEBUG - findfont: score(FontEntry(fname='C:\\Windows\\Fonts\\seguibli.ttf', name='Segoe UI', style='italic', variant='normal', weight=900, stretch='normal', size='scalable')) = 11.525
2025-05-27 10:23:59,236 - DEBUG - findfont: score(FontEntry(fname='C:\\Windows\\Fonts\\comici.ttf', name='Comic Sans MS', style='italic', variant='normal', weight=400, stretch='normal', size='scalable')) = 11.05
2025-05-27 10:23:59,251 - DEBUG - findfont: score(FontEntry(fname='C:\\Windows\\Fonts\\georgiaz.ttf', name='Georgia', style='italic', variant='normal', weight=700, stretch='normal', size='scalable')) = 11.335
2025-05-27 10:23:59,268 - DEBUG - findfont: score(FontEntry(fname='C:\\Windows\\Fonts\\WINGDNG3.TTF', name='Wingdings 3', style='normal', variant='normal', weight=400, stretch='normal', size='scalable')) = 10.05
2025-05-27 10:23:59,287 - DEBUG - findfont: score(FontEntry(fname='C:\\Windows\\Fonts\\SCRIPTBL.TTF', name='Script MT Bold', style='normal', variant='normal', weight=700, stretch='normal', size='scalable')) = 10.335
2025-05-27 10:23:59,304 - DEBUG - findfont: score(FontEntry(fname='C:\\Windows\\Fonts\\ARIALN.TTF', name='Arial', style='normal', variant='normal', weight=400, stretch='condensed', size='scalable')) = 6.613636363636363
2025-05-27 10:23:59,369 - DEBUG - findfont: score(FontEntry(fname='C:\\Windows\\Fonts\\FRAHVIT.TTF', name='Franklin Gothic Heavy', style='italic', variant='normal', weight=400, stretch='normal', size='scalable')) = 11.05
2025-05-27 10:23:59,412 - DEBUG - findfont: score(FontEntry(fname='C:\\Windows\\Fonts\\ARIALNI.TTF', name='Arial', style='italic', variant='normal', weight=400, stretch='condensed', size='scalable')) = 7.613636363636363
2025-05-27 10:23:59,431 - DEBUG - findfont: score(FontEntry(fname='C:\\Windows\\Fonts\\LFAXDI.TTF', name='Lucida Fax', style='italic', variant='normal', weight=600, stretch='normal', size='scalable')) = 11.24
2025-05-27 10:23:59,447 - DEBUG - findfont: score(FontEntry(fname='C:\\Windows\\Fonts\\NIAGENG.TTF', name='Niagara Engraved', style='normal', variant='normal', weight=400, stretch='normal', size='scalable')) = 10.05
2025-05-27 10:23:59,462 - DEBUG - findfont: score(FontEntry(fname='C:\\Windows\\Fonts\\GARA.TTF', name='Garamond', style='normal', variant='normal', weight=400, stretch='normal', size='scalable')) = 10.05
2025-05-27 10:23:59,478 - DEBUG - findfont: score(FontEntry(fname='C:\\Windows\\Fonts\\msyhl.ttc', name='Microsoft YaHei', style='normal', variant='normal', weight=290, stretch='normal', size='scalable')) = 10.1545
2025-05-27 10:23:59,494 - DEBUG - findfont: score(FontEntry(fname='C:\\Windows\\Fonts\\TEMPSITC.TTF', name='Tempus Sans ITC', style='normal', variant='normal', weight=400, stretch='normal', size='scalable')) = 10.05
2025-05-27 10:23:59,510 - DEBUG - findfont: score(FontEntry(fname='C:\\Windows\\Fonts\\framdit.ttf', name='Franklin Gothic Medium', style='italic', variant='normal', weight=400, stretch='normal', size='scalable')) = 11.05
2025-05-27 10:23:59,529 - DEBUG - findfont: score(FontEntry(fname='C:\\Windows\\Fonts\\FREESCPT.TTF', name='Freestyle Script', style='normal', variant='normal', weight=400, stretch='normal', size='scalable')) = 10.05
2025-05-27 10:23:59,545 - DEBUG - findfont: score(FontEntry(fname='C:\\Windows\\Fonts\\SitkaVF.ttf', name='Sitka', style='normal', variant='normal', weight=400, stretch='normal', size='scalable')) = 10.05
2025-05-27 10:23:59,564 - DEBUG - findfont: score(FontEntry(fname='C:\\Windows\\Fonts\\holomdl2.ttf', name='HoloLens MDL2 Assets', style='normal', variant='normal', weight=400, stretch='normal', size='scalable')) = 10.05
2025-05-27 10:23:59,585 - DEBUG - findfont: score(FontEntry(fname='C:\\Windows\\Fonts\\corbelz.ttf', name='Corbel', style='italic', variant='normal', weight=700, stretch='normal', size='scalable')) = 11.335
2025-05-27 10:23:59,603 - DEBUG - findfont: score(FontEntry(fname='C:\\Windows\\Fonts\\DUBAI-MEDIUM.TTF', name='Dubai', style='normal', variant='normal', weight=500, stretch='normal', size='scalable')) = 10.145
2025-05-27 10:23:59,619 - DEBUG - findfont: score(FontEntry(fname='C:\\Windows\\Fonts\\BELLI.TTF', name='Bell MT', style='italic', variant='normal', weight=400, stretch='normal', size='scalable')) = 11.05
2025-05-27 10:23:59,636 - DEBUG - findfont: score(FontEntry(fname='C:\\Windows\\Fonts\\MSUIGHUR.TTF', name='Microsoft Uighur', style='normal', variant='normal', weight=400, stretch='normal', size='scalable')) = 10.05
2025-05-27 10:23:59,652 - DEBUG - findfont: score(FontEntry(fname='C:\\Windows\\Fonts\\GILSANUB.TTF', name='Gill Sans Ultra Bold', style='normal', variant='normal', weight=400, stretch='normal', size='scalable')) = 10.05
2025-05-27 10:23:59,667 - DEBUG - findfont: score(FontEntry(fname='C:\\Windows\\Fonts\\GLECB.TTF', name='Gloucester MT Extra Condensed', style='normal', variant='normal', weight=400, stretch='condensed', size='scalable')) = 10.25
2025-05-27 10:23:59,684 - DEBUG - findfont: score(FontEntry(fname='C:\\Windows\\Fonts\\phagspa.ttf', name='Microsoft PhagsPa', style='normal', variant='normal', weight=400, stretch='normal', size='scalable')) = 10.05
2025-05-27 10:23:59,701 - DEBUG - findfont: score(FontEntry(fname='C:\\Windows\\Fonts\\consola.ttf', name='Consolas', style='normal', variant='normal', weight=400, stretch='normal', size='scalable')) = 10.05
2025-05-27 10:23:59,717 - DEBUG - findfont: score(FontEntry(fname='C:\\Windows\\Fonts\\trebuc.ttf', name='Trebuchet MS', style='normal', variant='normal', weight=400, stretch='normal', size='scalable')) = 10.05
2025-05-27 10:23:59,734 - DEBUG - findfont: score(FontEntry(fname='C:\\Windows\\Fonts\\LBRITED.TTF', name='Lucida Bright', style='normal', variant='normal', weight=600, stretch='normal', size='scalable')) = 10.24
2025-05-27 10:23:59,750 - DEBUG - findfont: score(FontEntry(fname='C:\\Windows\\Fonts\\FRAHV.TTF', name='Franklin Gothic Heavy', style='normal', variant='normal', weight=400, stretch='normal', size='scalable')) = 10.05
2025-05-27 10:23:59,767 - DEBUG - findfont: score(FontEntry(fname='C:\\Windows\\Fonts\\SCHLBKB.TTF', name='Century Schoolbook', style='normal', variant='normal', weight=700, stretch='normal', size='scalable')) = 10.335
2025-05-27 10:23:59,788 - DEBUG - findfont: score(FontEntry(fname='C:\\Windows\\Fonts\\gadugi.ttf', name='Gadugi', style='normal', variant='normal', weight=400, stretch='normal', size='scalable')) = 10.05
2025-05-27 10:23:59,805 - DEBUG - findfont: score(FontEntry(fname='C:\\Windows\\Fonts\\Candarali.ttf', name='Candara', style='italic', variant='normal', weight=400, stretch='normal', size='scalable')) = 11.05
2025-05-27 10:23:59,822 - DEBUG - findfont: score(FontEntry(fname='C:\\Windows\\Fonts\\LeelUIsl.ttf', name='Leelawadee UI', style='normal', variant='normal', weight=350, stretch='normal', size='scalable')) = 10.0975
2025-05-27 10:23:59,839 - DEBUG - findfont: score(FontEntry(fname='C:\\Windows\\Fonts\\LTYPE.TTF', name='Lucida Sans Typewriter', style='normal', variant='normal', weight=400, stretch='normal', size='scalable')) = 10.05
2025-05-27 10:23:59,857 - DEBUG - findfont: score(FontEntry(fname='C:\\Windows\\Fonts\\FRAMDCN.TTF', name='Franklin Gothic Medium Cond', style='normal', variant='normal', weight=400, stretch='condensed', size='scalable')) = 10.25
2025-05-27 10:23:59,877 - DEBUG - findfont: score(FontEntry(fname='C:\\Windows\\Fonts\\BOOKOS.TTF', name='Bookman Old Style', style='normal', variant='normal', weight=300, stretch='normal', size='scalable')) = 10.145
2025-05-27 10:23:59,894 - DEBUG - findfont: score(FontEntry(fname='C:\\Windows\\Fonts\\SegUIVar.ttf', name='Segoe UI Variable', style='normal', variant='normal', weight=400, stretch='normal', size='scalable')) = 10.05
2025-05-27 10:23:59,911 - DEBUG - findfont: score(FontEntry(fname='C:\\Windows\\Fonts\\LHANDW.TTF', name='Lucida Handwriting', style='italic', variant='normal', weight=400, stretch='normal', size='scalable')) = 11.05
2025-05-27 10:23:59,928 - DEBUG - findfont: score(FontEntry(fname='C:\\Windows\\Fonts\\CASTELAR.TTF', name='Castellar', style='normal', variant='normal', weight=400, stretch='normal', size='scalable')) = 10.05
2025-05-27 10:23:59,944 - DEBUG - findfont: score(FontEntry(fname='C:\\Windows\\Fonts\\RAVIE.TTF', name='Ravie', style='normal', variant='normal', weight=400, stretch='normal', size='scalable')) = 10.05
2025-05-27 10:23:59,960 - DEBUG - findfont: score(FontEntry(fname='C:\\Windows\\Fonts\\Candara.ttf', name='Candara', style='normal', variant='normal', weight=400, stretch='normal', size='scalable')) = 10.05
2025-05-27 10:23:59,977 - DEBUG - findfont: score(FontEntry(fname='C:\\Windows\\Fonts\\seguiemj.ttf', name='Segoe UI Emoji', style='normal', variant='normal', weight=400, stretch='normal', size='scalable')) = 10.05
2025-05-27 10:23:59,993 - DEBUG - findfont: score(FontEntry(fname='C:\\Windows\\Fonts\\ROCKB.TTF', name='Rockwell', style='normal', variant='normal', weight=700, stretch='normal', size='scalable')) = 10.335
2025-05-27 10:24:00,010 - DEBUG - findfont: score(FontEntry(fname='C:\\Windows\\Fonts\\BOD_BI.TTF', name='Bodoni MT', style='italic', variant='normal', weight=700, stretch='normal', size='scalable')) = 11.335
2025-05-27 10:24:00,030 - DEBUG - findfont: score(FontEntry(fname='C:\\Windows\\Fonts\\trebucbd.ttf', name='Trebuchet MS', style='normal', variant='normal', weight=700, stretch='normal', size='scalable')) = 10.335
2025-05-27 10:24:00,048 - DEBUG - findfont: score(FontEntry(fname='C:\\Windows\\Fonts\\NIAGSOL.TTF', name='Niagara Solid', style='normal', variant='normal', weight=400, stretch='normal', size='scalable')) = 10.05
2025-05-27 10:24:00,065 - DEBUG - findfont: score(FontEntry(fname='C:\\Windows\\Fonts\\symbol.ttf', name='Symbol', style='normal', variant='normal', weight=400, stretch='normal', size='scalable')) = 10.05
2025-05-27 10:24:00,082 - DEBUG - findfont: score(FontEntry(fname='C:\\Windows\\Fonts\\ITCKRIST.TTF', name='Kristen ITC', style='normal', variant='normal', weight=400, stretch='normal', size='scalable')) = 10.05
2025-05-27 10:24:00,098 - DEBUG - findfont: score(FontEntry(fname='C:\\Windows\\Fonts\\segoeuiz.ttf', name='Segoe UI', style='italic', variant='normal', weight=700, stretch='normal', size='scalable')) = 11.335
2025-05-27 10:24:00,116 - DEBUG - findfont: score(FontEntry(fname='C:\\Windows\\Fonts\\ROCKBI.TTF', name='Rockwell', style='italic', variant='normal', weight=700, stretch='normal', size='scalable')) = 11.335
2025-05-27 10:24:00,134 - DEBUG - findfont: score(FontEntry(fname='C:\\Windows\\Fonts\\mmrtext.ttf', name='Myanmar Text', style='normal', variant='normal', weight=400, stretch='normal', size='scalable')) = 10.05
2025-05-27 10:24:00,153 - DEBUG - findfont: score(FontEntry(fname='C:\\Windows\\Fonts\\cour.ttf', name='Courier New', style='normal', variant='normal', weight=400, stretch='normal', size='scalable')) = 10.05
2025-05-27 10:24:00,170 - DEBUG - findfont: Matching sans\-serif:style=normal:variant=normal:weight=normal:stretch=normal:size=10.0 to DejaVu Sans ('C:\\Users\\nandu\\AppData\\Local\\Packages\\PythonSoftwareFoundation.Python.3.13_qbz5n2kfra8p0\\LocalCache\\local-packages\\Python313\\site-packages\\matplotlib\\mpl-data\\fonts\\ttf\\DejaVuSans.ttf') with score of 0.050000.
2025-05-27 10:24:00,233 - INFO - Loading waveform data done.
2025-05-27 10:27:05,153 - INFO - Loading waveform data started.
2025-05-27 10:27:05,186 - INFO - Loading waveform data done.
2025-05-27 10:28:54,536 - INFO - Loading waveform data started.
2025-05-27 10:29:34,600 - INFO - Loading waveform data started.
2025-05-27 10:29:34,613 - INFO - Loading waveform data done.
2025-05-27 13:53:28,680 - INFO - Loading waveform data started.
2025-05-27 13:53:28,697 - INFO - Loading waveform data done.
2025-05-27 13:56:50,244 - INFO - Loading waveform data started.
2025-05-27 13:56:50,339 - INFO - Loading waveform data done.
2025-05-27 13:58:03,240 - INFO - Loading waveform data started.
2025-05-27 13:58:03,272 - INFO - Loading waveform data done.
2025-05-27 14:05:22,852 - INFO - Loading waveform data started.
2025-05-27 14:05:22,859 - INFO - Loading waveform data done.
2025-05-27 14:10:02,263 - INFO - Loading waveform data started.
2025-05-27 14:10:02,272 - INFO - Loading waveform data done.
2025-05-27 14:10:14,175 - INFO - Outlier search done.
2025-05-27 14:11:54,878 - INFO - Loading waveform data started.
2025-05-27 14:11:54,890 - INFO - Loading waveform data done.
2025-05-27 14:12:44,075 - INFO - Loading waveform data started.
2025-05-27 14:12:44,151 - INFO - Loading waveform data done.
2025-05-27 14:15:42,262 - INFO - Loading waveform data started.
2025-05-27 14:15:42,298 - INFO - Loading waveform data done.
2025-05-27 14:21:16,516 - INFO - Loading waveform data started.
2025-05-27 14:21:16,546 - INFO - Loading waveform data done.
2025-05-27 14:34:15,204 - INFO - Loading waveform data started.
2025-05-27 14:34:15,245 - INFO - Loading waveform data done.
2025-05-27 14:35:18,288 - INFO - Loading waveform data started.
2025-05-27 14:35:18,299 - INFO - Loading waveform data done.
2025-05-27 14:36:07,544 - INFO - Loading waveform data started.
2025-05-27 14:36:07,554 - INFO - Loading waveform data done.
2025-06-23 14:06:14,423 - INFO - Loading waveform data started.
2025-06-23 14:06:14,566 - INFO - Loading waveform data done.
2025-06-23 14:06:17,721 - INFO - Loading waveform data started.
2025-06-23 14:06:17,730 - INFO - Loading waveform data done.
2025-06-23 14:06:18,762 - INFO - Loading waveform data started.
2025-06-23 14:06:18,762 - INFO - Loading waveform data done.
2025-06-23 14:06:20,636 - INFO - Loading waveform data started.
2025-06-23 14:06:20,636 - INFO - Loading waveform data done.
2025-06-23 14:06:22,930 - INFO - Loading waveform data started.
2025-06-23 14:06:22,930 - INFO - Loading waveform data done.
2025-06-23 14:49:32,101 - INFO - Loading waveform data started.
2025-06-23 14:49:32,145 - INFO - Loading waveform data done.
2025-06-23 15:11:25,743 - INFO - Loading waveform data started.
2025-06-23 15:11:25,968 - INFO - Loading waveform data done.
2025-06-23 15:11:29,651 - INFO - Outlier search done.
2025-06-23 15:11:36,785 - INFO - Outlier search done.
2025-06-23 15:12:47,720 - INFO - Loading waveform data started.
2025-06-23 15:12:47,743 - INFO - Loading waveform data done.
2025-06-23 15:12:54,942 - INFO - Outlier search done.
2025-06-23 15:14:48,655 - INFO - Loading waveform data started.
2025-06-23 15:14:48,668 - INFO - Loading waveform data done.
2025-06-23 15:14:57,602 - INFO - Outlier search done.
2025-06-23 15:16:30,485 - INFO - Loading waveform data started.
2025-06-23 15:16:30,498 - INFO - Loading waveform data done.
2025-06-23 15:16:36,811 - INFO - Outlier search done.
2025-06-23 15:17:41,078 - INFO - Loading waveform data started.
2025-06-23 15:17:41,084 - INFO - Loading waveform data done.
2025-06-23 15:17:46,638 - INFO - Outlier search done.
2025-06-23 15:25:58,217 - INFO - Outlier search done.
2025-06-23 15:29:50,964 - INFO - Loading waveform data started.
2025-06-23 15:29:50,984 - INFO - Loading waveform data done.
2025-06-23 15:33:13,501 - INFO - Outlier search done.
2025-06-23 15:33:21,140 - INFO - Outlier search done.
2025-06-23 18:03:06,776 - INFO - Outlier search done.
2025-06-23 18:03:11,044 - INFO - Loading waveform data started.
2025-06-23 18:03:11,044 - INFO - Loading waveform data done.
2025-06-23 18:12:19,698 - INFO - Loading waveform data started.
2025-06-23 18:12:19,755 - INFO - Loading waveform data done.
2025-06-23 18:12:31,065 - INFO - Outlier search done.
2025-06-23 18:22:14,464 - INFO - Loading waveform data started.
2025-06-23 18:22:14,464 - INFO - Loading waveform data done.
2025-06-23 18:22:17,164 - INFO - Loading waveform data started.
2025-06-23 18:22:17,179 - INFO - Loading waveform data done.
2025-06-23 18:22:17,797 - INFO - Loading waveform data started.
2025-06-23 18:22:17,797 - INFO - Loading waveform data done.
2025-06-23 18:22:18,832 - INFO - Loading waveform data started.
2025-06-23 18:22:18,836 - INFO - Loading waveform data done.
2025-06-23 18:22:20,485 - INFO - Loading waveform data started.
2025-06-23 18:22:20,488 - INFO - Loading waveform data done.
2025-06-23 18:22:23,814 - INFO - Loading waveform data started.
2025-06-23 18:22:23,827 - INFO - Loading waveform data done.
2025-06-23 18:22:26,545 - INFO - Loading waveform data started.
2025-06-23 18:22:26,559 - INFO - Loading waveform data done.
2025-06-23 18:42:39,886 - INFO - Loading CSV data started.
2025-06-23 18:42:39,901 - INFO - Reading CSV file: C:/Users/nandu/EDA/DesignAnalyzer/test/finance/sample_monthly_data.csv
2025-06-23 18:42:39,901 - INFO - Data read from C:/Users/nandu/EDA/DesignAnalyzer/test/finance/sample_monthly_data.csv: [(30, 'Jan'), (45, 'Feb'), (25, 'Mar'), (50, 'Apr'), (40, 'May')]
2025-06-23 18:42:39,935 - INFO - Loading waveform data done.
2025-06-23 18:58:56,684 - INFO - Outlier search done.
2025-06-23 18:59:08,663 - INFO - Outlier search done.
2025-06-23 18:59:14,121 - INFO - Outlier search done.
2025-06-23 19:07:24,424 - INFO - Loading CSV data started.
2025-06-23 19:07:24,424 - INFO - Reading CSV file: C:/Users/nandu/EDA/DesignAnalyzer/test/finance/sample_monthly_data.csv
2025-06-23 19:07:24,424 - INFO - Data read from C:/Users/nandu/EDA/DesignAnalyzer/test/finance/sample_monthly_data.csv: [(30, 'Jan'), (45, 'Feb'), (25, 'Mar'), (50, 'Apr'), (40, 'May')]
2025-06-23 19:07:24,448 - INFO - Loading waveform data done.
2025-06-23 19:07:32,333 - INFO - Outlier search done.
2025-06-23 19:10:07,984 - INFO - Loading CSV data started.
2025-06-23 19:10:08,000 - INFO - Reading CSV file: C:/Users/nandu/EDA/DesignAnalyzer/test/finance/sample_monthly_data.csv
2025-06-23 19:10:08,000 - INFO - Data read from C:/Users/nandu/EDA/DesignAnalyzer/test/finance/sample_monthly_data.csv: [(30, 'Jan'), (45, 'Feb'), (25, 'Mar'), (50, 'Apr'), (40, 'May')]
2025-06-23 19:10:08,005 - INFO - Loading waveform data done.
2025-06-23 19:10:14,953 - INFO - Outlier search done.
2025-06-24 10:14:08,043 - INFO - Loading CSV data started.
2025-06-24 10:14:08,057 - INFO - Reading CSV file: C:/Users/nandu/EDA/DesignAnalyzer/test/finance/sample_monthly_data.csv
2025-06-24 10:14:08,057 - INFO - Data read from C:/Users/nandu/EDA/DesignAnalyzer/test/finance/sample_monthly_data.csv: [(30, 'Jan'), (45, 'Feb'), (25, 'Mar'), (50, 'Apr'), (40, 'May')]
2025-06-24 10:14:08,071 - INFO - Loading waveform data done.
2025-06-24 10:15:55,173 - INFO - Loading CSV data started.
2025-06-24 10:15:55,223 - INFO - Reading CSV file: C:/Users/nandu/EDA/DesignAnalyzer/test/finance/sample_monthly_data.csv
2025-06-24 10:15:55,228 - INFO - Data read from C:/Users/nandu/EDA/DesignAnalyzer/test/finance/sample_monthly_data.csv: [(30, 'Jan'), (45, 'Feb'), (25, 'Mar'), (50, 'Apr'), (40, 'May')]
2025-06-24 10:15:55,240 - INFO - Loading waveform data done.
2025-06-24 10:16:42,273 - INFO - Loading CSV data started.
2025-06-24 10:16:42,278 - INFO - Reading CSV file: C:/Users/nandu/EDA/DesignAnalyzer/test/finance/sample_monthly_data.csv
2025-06-24 10:16:42,278 - INFO - Data read from C:/Users/nandu/EDA/DesignAnalyzer/test/finance/sample_monthly_data.csv: [(30, 'Jan'), (45, 'Feb'), (25, 'Mar'), (50, 'Apr'), (40, 'May')]
2025-06-24 10:16:42,282 - INFO - Loading waveform data done.
2025-06-24 10:18:40,889 - INFO - Loading CSV data started.
2025-06-24 10:18:40,889 - INFO - Reading CSV file: C:/Users/nandu/EDA/DesignAnalyzer/test/finance/sample_monthly_data.csv
2025-06-24 10:18:40,889 - INFO - Data read from C:/Users/nandu/EDA/DesignAnalyzer/test/finance/sample_monthly_data.csv: [(30, 'Jan'), (45, 'Feb'), (25, 'Mar'), (50, 'Apr'), (40, 'May')]
2025-06-24 10:18:40,903 - INFO - Loading waveform data done.
2025-06-24 10:18:44,973 - INFO - Prediction search done.
2025-06-24 10:18:55,100 - INFO - Prediction search done.
2025-06-24 10:19:01,973 - INFO - Prediction search done.
2025-06-24 10:19:06,140 - INFO - Prediction search done.
2025-06-24 10:19:50,039 - INFO - Outlier search done.
2025-06-24 10:19:59,673 - INFO - Outlier search done.
2025-06-24 10:30:57,799 - INFO - Loading CSV data started.
2025-06-24 10:30:57,812 - INFO - Reading CSV file: C:/Users/nandu/EDA/DesignAnalyzer/test/finance/sample_monthly_data.csv
2025-06-24 10:30:57,813 - INFO - Data read from C:/Users/nandu/EDA/DesignAnalyzer/test/finance/sample_monthly_data.csv: [(30, 'Jan'), (45, 'Feb'), (25, 'Mar'), (50, 'Apr'), (40, 'May')]
2025-06-24 10:30:57,814 - INFO - Loading waveform data done.
2025-06-24 10:50:30,956 - INFO - Loading CSV data started.
2025-06-24 10:50:30,972 - INFO - Reading CSV file: C:/Users/nandu/EDA/DesignAnalyzer/test/finance/sample_monthly_data.csv
2025-06-24 10:50:30,972 - INFO - Data read from C:/Users/nandu/EDA/DesignAnalyzer/test/finance/sample_monthly_data.csv: [(30, 'Jan'), (45, 'Feb'), (25, 'Mar'), (50, 'Apr'), (40, 'May')]
2025-06-24 10:50:31,005 - INFO - Loading waveform data done.
2025-06-24 10:51:15,634 - INFO - Prediction search done.
2025-06-24 10:51:21,523 - INFO - Prediction search done.
2025-06-24 22:23:18,085 - INFO - Loading CSV data started.
2025-06-24 22:23:18,117 - INFO - Reading CSV file: C:/Users/nandu/EDA/DesignAnalyzer/test/finance/sample_monthly_data.csv
2025-06-24 22:23:18,130 - INFO - Data read from C:/Users/nandu/EDA/DesignAnalyzer/test/finance/sample_monthly_data.csv: [(30, 'Jan'), (45, 'Feb'), (25, 'Mar'), (50, 'Apr'), (40, 'May')]
2025-06-24 22:23:18,136 - INFO - Loading waveform data done.
2025-06-24 22:24:04,116 - INFO - Prediction search done.
2025-06-26 12:15:47,519 - INFO - Outlier search done.
2025-06-26 12:15:54,888 - INFO - Outlier search done.
2025-06-26 12:15:56,005 - INFO - Outlier search done.
2025-06-26 12:16:02,888 - INFO - Outlier search done.
2025-06-26 12:16:23,090 - INFO - Outlier search done.
2025-06-26 12:16:38,233 - INFO - Outlier search done.
2025-06-26 12:19:26,384 - INFO - Outlier search done.
2025-06-30 20:43:58,077 - INFO - Loading CSV data started.
2025-06-30 20:43:58,090 - INFO - Reading CSV file: C:/Users/nandu/EDA/DesignAnalyzer/test/finance/sample_monthly_data.csv
2025-06-30 20:43:58,092 - INFO - Data read from C:/Users/nandu/EDA/DesignAnalyzer/test/finance/sample_monthly_data.csv: [(30, 'Jan'), (45, 'Feb'), (25, 'Mar'), (50, 'Apr'), (40, 'May')]
2025-06-30 20:43:58,100 - INFO - Loading waveform data done.
2025-06-30 20:46:35,828 - INFO - Prediction search done.
2025-06-30 20:46:42,217 - INFO - Prediction search done.
2025-06-30 21:05:02,799 - INFO - Loading CSV data started.
2025-06-30 21:05:02,806 - INFO - Reading CSV file: C:/Users/nandu/EDA/DesignAnalyzer/test/finance/dataset_2025-06-30T14_46_31.332969317Z_DEFAULT_INTEGRATION_IMF.RES_WEO_6.0.0.csv
2025-06-30 21:05:03,028 - INFO - Data read from C:/Users/nandu/EDA/DesignAnalyzer/test/finance/dataset_2025-06-30T14_46_31.332969317Z_DEFAULT_INTEGRATION_IMF.RES_WEO_6.0.0.csv: None
2025-06-30 21:08:51,954 - INFO - Loading CSV data started.
2025-06-30 21:08:51,954 - INFO - Reading CSV file: C:/Users/nandu/EDA/DesignAnalyzer/test/finance/dataset_2025-06-30T14_46_31.332969317Z_DEFAULT_INTEGRATION_IMF.RES_WEO_6.0.0.csv
2025-06-30 21:08:52,158 - INFO - Data read from C:/Users/nandu/EDA/DesignAnalyzer/test/finance/dataset_2025-06-30T14_46_31.332969317Z_DEFAULT_INTEGRATION_IMF.RES_WEO_6.0.0.csv: None
2025-07-01 16:37:41,860 - INFO - Loading CSV data started.
2025-07-01 16:37:41,879 - INFO - Reading CSV file: C:/Users/nandu/Downloads/dataset_2025-06-30T14_46_31.332969317Z_DEFAULT_INTEGRATION_IMF.RES_WEO_6.0.0.csv
2025-07-01 16:38:45,714 - INFO - Loading CSV data started.
2025-07-01 16:38:45,714 - INFO - Reading CSV file: C:/Users/nandu/Downloads/dataset_2025-06-30T14_46_31.332969317Z_DEFAULT_INTEGRATION_IMF.RES_WEO_6.0.0.csv
2025-07-01 16:43:25,263 - INFO - Loading CSV data started.
2025-07-01 16:43:25,263 - INFO - Reading CSV file: C:/Users/nandu/Downloads/dataset_2025-06-30T14_46_31.332969317Z_DEFAULT_INTEGRATION_IMF.RES_WEO_6.0.0.csv
2025-07-01 16:43:41,396 - INFO - Outlier search done.
2025-07-01 16:46:02,131 - INFO - Outlier search done.
2025-07-01 16:47:10,143 - INFO - Loading CSV data started.
2025-07-01 16:47:10,146 - INFO - Reading CSV file: C:/Users/nandu/Downloads/dataset_2025-06-30T14_46_31.332969317Z_DEFAULT_INTEGRATION_IMF.RES_WEO_6.0.0.csv
2025-07-01 16:59:11,056 - INFO - Loading CSV data started.
2025-07-01 16:59:11,056 - INFO - Reading CSV file: C:/Users/nandu/Downloads/dataset_2025-06-30T14_46_31.332969317Z_DEFAULT_INTEGRATION_IMF.RES_WEO_6.0.0.csv
2025-07-01 16:59:37,552 - INFO - Outlier search done.
2025-07-01 17:11:35,046 - INFO - Loading CSV data started.
2025-07-01 17:11:35,046 - INFO - Reading CSV file: C:/Users/nandu/Downloads/dataset_2025-06-30T14_46_31.332969317Z_DEFAULT_INTEGRATION_IMF.RES_WEO_6.0.0.csv
2025-07-01 17:16:12,128 - INFO - Loading CSV data started.
2025-07-01 17:16:12,128 - INFO - Reading CSV file: C:/Users/nandu/Downloads/dataset_2025-06-30T14_46_31.332969317Z_DEFAULT_INTEGRATION_IMF.RES_WEO_6.0.0.csv
2025-07-01 19:18:45,871 - INFO - Loading CSV data started.
2025-07-01 19:18:45,887 - INFO - Reading CSV file: C:/Users/nandu/Downloads/dataset_2025-06-30T14_46_31.332969317Z_DEFAULT_INTEGRATION_IMF.RES_WEO_6.0.0.csv
2025-07-01 19:24:39,911 - INFO - Loading CSV data started.
2025-07-01 19:24:39,911 - INFO - Reading CSV file: C:/Users/nandu/Downloads/dataset_2025-06-30T14_46_31.332969317Z_DEFAULT_INTEGRATION_IMF.RES_WEO_6.0.0.csv
2025-07-01 20:52:53,569 - INFO - Loading CSV data started.
2025-07-01 20:52:53,569 - INFO - Reading CSV file: C:/Users/nandu/Downloads/dataset_2025-06-30T14_46_31.332969317Z_DEFAULT_INTEGRATION_IMF.RES_WEO_6.0.0.csv
2025-07-01 20:52:53,761 - INFO - Reading CSV file: C:/Users/nandu/Downloads/dataset_2025-06-30T14_51_49.033189295Z_DEFAULT_INTEGRATION_IMF.STA_CPI_4.0.0.csv
2025-07-01 22:14:16,442 - INFO - Loading CSV data started.
2025-07-01 22:14:16,457 - INFO - Reading CSV file: C:/Users/nandu/Downloads/dataset_2025-06-30T14_51_49.033189295Z_DEFAULT_INTEGRATION_IMF.STA_CPI_4.0.0.csv
2025-07-02 15:24:36,421 - INFO - Loading CSV data started.
2025-07-02 15:24:36,439 - INFO - Reading CSV file: C:/Users/nandu/Downloads/dataset_2025-06-30T14_46_31.332969317Z_DEFAULT_INTEGRATION_IMF.RES_WEO_6.0.0.csv
2025-07-02 15:26:28,606 - INFO - Loading CSV data started.
2025-07-02 15:26:28,606 - INFO - Reading CSV file: C:/Users/nandu/Downloads/dataset_2025-06-30T14_46_31.332969317Z_DEFAULT_INTEGRATION_IMF.RES_WEO_6.0.0.csv
2025-07-02 15:57:47,615 - INFO - Loading CSV data started.
2025-07-02 15:57:47,615 - INFO - Reading CSV file: C:/Users/nandu/Downloads/dataset_2025-06-30T14_46_31.332969317Z_DEFAULT_INTEGRATION_IMF.RES_WEO_6.0.0.csv
2025-07-02 18:30:53,264 - INFO - Loading CSV data started.
2025-07-02 18:30:53,264 - INFO - Reading CSV file: C:/Users/nandu/Downloads/dataset_2025-06-30T14_46_31.332969317Z_DEFAULT_INTEGRATION_IMF.RES_WEO_6.0.0.csv
2025-07-02 18:32:10,384 - INFO - Loading CSV data started.
2025-07-02 18:32:10,397 - INFO - Reading CSV file: C:/Users/nandu/Downloads/dataset_2025-06-30T14_46_31.332969317Z_DEFAULT_INTEGRATION_IMF.RES_WEO_6.0.0.csv
2025-07-04 18:05:39,136 - INFO - Loading CSV data started.
2025-07-04 18:05:39,144 - INFO - Start reading CSV file: C:/Users/nandu/Downloads/dataset_2025-06-30T14_46_31.332969317Z_DEFAULT_INTEGRATION_IMF.RES_WEO_6.0.0.csv
2025-07-04 18:05:39,367 - INFO - DataFrame shape: (10288, 106)
2025-07-04 18:05:42,326 - INFO - Data loaded into input area.
2025-07-04 18:05:42,326 - INFO - End reading CSV file: C:/Users/nandu/Downloads/dataset_2025-06-30T14_46_31.332969317Z_DEFAULT_INTEGRATION_IMF.RES_WEO_6.0.0.csv
2025-07-04 18:11:07,126 - INFO - Loading CSV data started.
2025-07-04 18:11:07,126 - INFO - Start reading CSV file: C:/Users/nandu/EDA/DesignAnalyzer/test/finance/sample_monthly_data.csv
2025-07-04 18:11:07,144 - INFO - DataFrame shape: (5, 2)
2025-07-04 18:11:07,146 - INFO - Data loaded into input area.
2025-07-04 18:11:07,146 - INFO - End reading CSV file: C:/Users/nandu/EDA/DesignAnalyzer/test/finance/sample_monthly_data.csv
2025-07-04 20:45:03,143 - INFO - Loading CSV data started.
2025-07-04 20:45:03,157 - INFO - Start reading CSV file: C:/Users/nandu/Downloads/dataset_2025-06-30T14_46_31.332969317Z_DEFAULT_INTEGRATION_IMF.RES_WEO_6.0.0.csv
2025-07-04 20:45:03,382 - INFO - DataFrame shape: (10288, 106)
2025-07-04 20:45:06,395 - INFO - Data loaded into input area.
2025-07-04 20:45:06,395 - INFO - End reading CSV file: C:/Users/nandu/Downloads/dataset_2025-06-30T14_46_31.332969317Z_DEFAULT_INTEGRATION_IMF.RES_WEO_6.0.0.csv
2025-07-05 21:45:36,707 - INFO - Loading CSV data started.
2025-07-05 21:45:36,715 - INFO - Start reading CSV file: C:/Users/nandu/Downloads/dataset_2025-06-30T14_46_31.332969317Z_DEFAULT_INTEGRATION_IMF.RES_WEO_6.0.0.csv
2025-07-05 21:45:36,931 - INFO - DataFrame shape: (10288, 106)
2025-07-05 21:59:44,228 - INFO - Loading CSV data started.
2025-07-05 21:59:44,240 - INFO - Start reading CSV file: C:/Users/nandu/Downloads/dataset_2025-06-30T14_46_31.332969317Z_DEFAULT_INTEGRATION_IMF.RES_WEO_6.0.0.csv
2025-07-05 21:59:44,426 - INFO - DataFrame shape: (10288, 106)
2025-07-05 21:59:47,121 - INFO - Data loaded into input area.
2025-07-05 21:59:47,135 - INFO - End reading CSV file: C:/Users/nandu/Downloads/dataset_2025-06-30T14_46_31.332969317Z_DEFAULT_INTEGRATION_IMF.RES_WEO_6.0.0.csv
2025-07-06 19:57:41,580 - INFO - Loading CSV data started.
2025-07-06 19:57:41,580 - INFO - Start reading CSV file: C:/Users/nandu/Downloads/dataset_2025-06-30T14_46_31.332969317Z_DEFAULT_INTEGRATION_IMF.RES_WEO_6.0.0.csv
2025-07-06 19:57:41,800 - INFO - DataFrame shape: (10288, 106)
2025-07-06 20:29:01,317 - INFO - Loading CSV data started.
2025-07-06 20:29:01,334 - INFO - Start reading CSV file: C:/Users/nandu/Downloads/dataset_2025-06-30T14_46_31.332969317Z_DEFAULT_INTEGRATION_IMF.RES_WEO_6.0.0.csv
2025-07-06 20:29:01,556 - INFO - DataFrame shape: (10288, 106)
2025-07-06 20:29:57,615 - INFO - Loading CSV data started.
2025-07-06 20:29:57,630 - INFO - Start reading CSV file: C:/Users/nandu/Downloads/dataset_2025-06-30T14_46_31.332969317Z_DEFAULT_INTEGRATION_IMF.RES_WEO_6.0.0.csv
2025-07-06 20:29:57,849 - INFO - DataFrame shape: (10288, 106)
2025-07-06 20:33:07,545 - INFO - Loading CSV data started.
2025-07-06 20:33:07,545 - INFO - Start reading CSV file: C:/Users/nandu/Downloads/dataset_2025-06-30T14_46_31.332969317Z_DEFAULT_INTEGRATION_IMF.RES_WEO_6.0.0.csv
2025-07-06 20:33:07,751 - INFO - DataFrame shape: (10288, 106)
2025-07-06 20:39:17,869 - INFO - Loading CSV data started.
2025-07-06 20:39:17,885 - INFO - Start reading CSV file: C:/Users/nandu/Downloads/dataset_2025-06-30T14_46_31.332969317Z_DEFAULT_INTEGRATION_IMF.RES_WEO_6.0.0.csv
2025-07-06 20:39:18,090 - INFO - DataFrame shape: (10288, 106)
2025-07-06 20:40:55,074 - INFO - Loading CSV data started.
2025-07-06 20:40:55,090 - INFO - Start reading CSV file: C:/Users/nandu/Downloads/dataset_2025-06-30T14_46_31.332969317Z_DEFAULT_INTEGRATION_IMF.RES_WEO_6.0.0.csv
2025-07-06 20:40:55,305 - INFO - DataFrame shape: (10288, 106)
2025-07-06 20:44:26,278 - INFO - Loading CSV data started.
2025-07-06 20:44:26,278 - INFO - Start reading CSV file: C:/Users/nandu/Downloads/dataset_2025-06-30T14_46_31.332969317Z_DEFAULT_INTEGRATION_IMF.RES_WEO_6.0.0.csv
2025-07-06 20:44:26,500 - INFO - DataFrame shape: (10288, 106)
2025-07-06 20:48:18,486 - INFO - Loading CSV data started.
2025-07-06 20:48:18,498 - INFO - Start reading CSV file: C:/Users/nandu/Downloads/dataset_2025-06-30T14_46_31.332969317Z_DEFAULT_INTEGRATION_IMF.RES_WEO_6.0.0.csv
2025-07-06 20:48:18,700 - INFO - DataFrame shape: (10288, 106)
2025-07-06 20:48:21,818 - INFO - Data loaded into input area.
2025-07-06 20:48:21,821 - INFO - End reading CSV file: C:/Users/nandu/Downloads/dataset_2025-06-30T14_46_31.332969317Z_DEFAULT_INTEGRATION_IMF.RES_WEO_6.0.0.csv
2025-07-06 21:35:06,634 - INFO - Loading CSV data started.
2025-07-06 21:35:06,650 - INFO - Start reading CSV file: C:/Users/nandu/Downloads/dataset_2025-06-30T14_46_31.332969317Z_DEFAULT_INTEGRATION_IMF.RES_WEO_6.0.0.csv
2025-07-06 21:35:06,876 - INFO - DataFrame shape: (10288, 106)
2025-07-06 21:38:48,607 - INFO - Loading CSV data started.
2025-07-06 21:38:48,607 - INFO - Start reading CSV file: C:/Users/nandu/Downloads/dataset_2025-06-30T14_46_31.332969317Z_DEFAULT_INTEGRATION_IMF.RES_WEO_6.0.0.csv
2025-07-06 21:38:48,828 - INFO - DataFrame shape: (10288, 106)
2025-07-06 21:40:29,945 - INFO - Loading CSV data started.
2025-07-06 21:40:29,950 - INFO - Start reading CSV file: C:/Users/nandu/Downloads/dataset_2025-06-30T14_46_31.332969317Z_DEFAULT_INTEGRATION_IMF.RES_WEO_6.0.0.csv
2025-07-06 21:40:30,145 - INFO - DataFrame shape: (10288, 106)
2025-07-06 21:40:30,145 - INFO - Data loaded into input area.
2025-07-06 21:40:30,145 - INFO - End reading CSV file: C:/Users/nandu/Downloads/dataset_2025-06-30T14_46_31.332969317Z_DEFAULT_INTEGRATION_IMF.RES_WEO_6.0.0.csv
2025-07-07 08:31:23,058 - INFO - Loading CSV data started.
2025-07-07 08:31:23,070 - INFO - Start reading CSV file: C:/Users/nandu/Downloads/dataset_2025-06-30T14_46_31.332969317Z_DEFAULT_INTEGRATION_IMF.RES_WEO_6.0.0.csv
2025-07-07 08:31:23,289 - INFO - DataFrame shape: (10288, 106)
2025-07-07 08:32:30,088 - INFO - Loading CSV data started.
2025-07-07 08:32:30,095 - INFO - Start reading CSV file: C:/Users/nandu/Downloads/dataset_2025-06-30T14_46_31.332969317Z_DEFAULT_INTEGRATION_IMF.RES_WEO_6.0.0.csv
2025-07-07 08:32:30,286 - INFO - DataFrame shape: (10288, 106)
2025-07-07 08:32:30,287 - INFO - Data loaded into input area.
2025-07-07 08:32:30,287 - INFO - End reading CSV file: C:/Users/nandu/Downloads/dataset_2025-06-30T14_46_31.332969317Z_DEFAULT_INTEGRATION_IMF.RES_WEO_6.0.0.csv
2025-07-07 09:16:00,820 - INFO - Loading CSV data started.
2025-07-07 09:16:00,820 - INFO - Start reading CSV file: C:/Users/nandu/Downloads/dataset_2025-06-30T14_46_31.332969317Z_DEFAULT_INTEGRATION_IMF.RES_WEO_6.0.0.csv
2025-07-07 09:16:01,043 - INFO - DataFrame shape: (10288, 106)
2025-07-07 09:16:01,043 - INFO - Data loaded into input area.
2025-07-07 09:16:01,043 - INFO - End reading CSV file: C:/Users/nandu/Downloads/dataset_2025-06-30T14_46_31.332969317Z_DEFAULT_INTEGRATION_IMF.RES_WEO_6.0.0.csv
2025-07-07 09:20:53,204 - INFO - Loading CSV data started.
2025-07-07 09:20:53,204 - INFO - Start reading CSV file: C:/Users/nandu/Downloads/dataset_2025-06-30T14_46_31.332969317Z_DEFAULT_INTEGRATION_IMF.RES_WEO_6.0.0.csv
2025-07-07 09:20:53,405 - INFO - DataFrame shape: (10288, 106)
2025-07-07 09:20:53,405 - INFO - Data loaded into input area.
2025-07-07 09:20:53,405 - INFO - End reading CSV file: C:/Users/nandu/Downloads/dataset_2025-06-30T14_46_31.332969317Z_DEFAULT_INTEGRATION_IMF.RES_WEO_6.0.0.csv
2025-07-07 09:23:36,916 - INFO - Loading CSV data started.
2025-07-07 09:23:36,931 - INFO - Start reading CSV file: C:/Users/nandu/Downloads/dataset_2025-06-30T14_46_31.332969317Z_DEFAULT_INTEGRATION_IMF.RES_WEO_6.0.0.csv
2025-07-07 09:23:37,127 - INFO - DataFrame shape: (10288, 106)
2025-07-07 09:23:37,127 - INFO - Data loaded into input area.
2025-07-07 09:23:37,127 - INFO - End reading CSV file: C:/Users/nandu/Downloads/dataset_2025-06-30T14_46_31.332969317Z_DEFAULT_INTEGRATION_IMF.RES_WEO_6.0.0.csv
2025-07-07 09:25:21,225 - INFO - Loading CSV data started.
2025-07-07 09:25:21,225 - INFO - Start reading CSV file: C:/Users/nandu/Downloads/dataset_2025-06-30T14_46_31.332969317Z_DEFAULT_INTEGRATION_IMF.RES_WEO_6.0.0.csv
2025-07-07 09:25:21,410 - INFO - DataFrame shape: (10288, 106)
2025-07-07 09:25:21,410 - INFO - Data loaded into input area.
2025-07-07 09:25:21,410 - INFO - End reading CSV file: C:/Users/nandu/Downloads/dataset_2025-06-30T14_46_31.332969317Z_DEFAULT_INTEGRATION_IMF.RES_WEO_6.0.0.csv
2025-07-07 09:30:10,438 - INFO - Loading CSV data started.
2025-07-07 09:30:10,443 - INFO - Start reading CSV file: C:/Users/nandu/Downloads/dataset_2025-06-30T14_46_31.332969317Z_DEFAULT_INTEGRATION_IMF.RES_WEO_6.0.0.csv
2025-07-07 09:30:10,626 - INFO - DataFrame shape: (10288, 106)
2025-07-07 09:30:10,626 - INFO - Data loaded into input area.
2025-07-07 09:30:10,626 - INFO - End reading CSV file: C:/Users/nandu/Downloads/dataset_2025-06-30T14_46_31.332969317Z_DEFAULT_INTEGRATION_IMF.RES_WEO_6.0.0.csv
2025-07-07 09:36:39,837 - INFO - Loading CSV data started.
2025-07-07 09:36:39,853 - INFO - Start reading CSV file: C:/Users/nandu/Downloads/dataset_2025-06-30T14_46_31.332969317Z_DEFAULT_INTEGRATION_IMF.RES_WEO_6.0.0.csv
2025-07-07 09:36:40,029 - INFO - DataFrame shape: (10288, 106)
2025-07-07 09:36:40,029 - INFO - Data loaded into input area.
2025-07-07 09:36:40,029 - INFO - End reading CSV file: C:/Users/nandu/Downloads/dataset_2025-06-30T14_46_31.332969317Z_DEFAULT_INTEGRATION_IMF.RES_WEO_6.0.0.csv
2025-07-07 09:36:55,788 - INFO - Dummy predicate cannot be run - implement predicates and register from your application.
2025-07-07 11:45:42,313 - INFO - Loading CSV data started.
2025-07-07 11:45:42,313 - INFO - Start reading CSV file: C:/Users/nandu/Downloads/dataset_2025-06-30T14_46_31.332969317Z_DEFAULT_INTEGRATION_IMF.RES_WEO_6.0.0.csv
2025-07-07 11:45:42,559 - INFO - DataFrame shape: (10288, 106)
2025-07-07 11:45:42,559 - INFO - Data loaded into input area.
2025-07-07 11:45:42,559 - INFO - End reading CSV file: C:/Users/nandu/Downloads/dataset_2025-06-30T14_46_31.332969317Z_DEFAULT_INTEGRATION_IMF.RES_WEO_6.0.0.csv
2025-07-07 11:46:28,798 - INFO - Dummy predicate cannot be run - implement predicates and register from your application.
2025-07-07 11:51:19,612 - INFO - Dummy predicate cannot be run - implement predicates and register from your application.
2025-07-07 11:51:44,044 - INFO - Dummy predicate cannot be run - implement predicates and register from your application.
2025-07-07 11:53:13,342 - INFO - Dummy predicate cannot be run - implement predicates and register from your application.
2025-07-07 12:03:41,854 - INFO - Loading CSV data started.
2025-07-07 12:03:41,870 - INFO - Start reading CSV file: C:/Users/nandu/Downloads/dataset_2025-06-30T14_46_31.332969317Z_DEFAULT_INTEGRATION_IMF.RES_WEO_6.0.0.csv
2025-07-07 12:03:42,104 - INFO - DataFrame shape: (10288, 106)
2025-07-07 12:03:42,120 - INFO - Data loaded into input area.
2025-07-07 12:03:42,120 - INFO - End reading CSV file: C:/Users/nandu/Downloads/dataset_2025-06-30T14_46_31.332969317Z_DEFAULT_INTEGRATION_IMF.RES_WEO_6.0.0.csv
2025-07-07 12:06:45,830 - INFO - Loading CSV data started.
2025-07-07 12:06:45,834 - INFO - Start reading CSV file: C:/Users/nandu/EDA/DesignAnalyzer/test/finance/sample_monthly_data.csv
2025-07-07 12:06:45,851 - INFO - DataFrame shape: (5, 2)
2025-07-07 12:06:45,851 - INFO - Data loaded into input area.
2025-07-07 12:06:45,851 - INFO - End reading CSV file: C:/Users/nandu/EDA/DesignAnalyzer/test/finance/sample_monthly_data.csv
2025-07-07 12:07:32,457 - INFO - Dummy predicate cannot be run - implement predicates and register from your application.
2025-07-07 13:49:43,175 - INFO - Loading CSV data started.
2025-07-07 13:49:43,203 - INFO - Start reading CSV file: C:/Users/nandu/EDA/DesignAnalyzer/test/finance/sample_monthly_data.csv
2025-07-07 13:49:43,211 - INFO - DataFrame shape: (5, 2)
2025-07-07 13:49:43,211 - INFO - Data loaded into input area.
2025-07-07 13:49:43,211 - INFO - End reading CSV file: C:/Users/nandu/EDA/DesignAnalyzer/test/finance/sample_monthly_data.csv
2025-07-07 13:52:02,028 - INFO - Loading CSV data started.
2025-07-07 13:52:02,028 - INFO - Start reading CSV file: C:/Users/nandu/EDA/DesignAnalyzer/test/finance/sample_monthly_data.csv
2025-07-07 13:52:02,039 - INFO - DataFrame shape: (5, 2)
2025-07-07 13:52:02,039 - INFO - Data loaded into input area.
2025-07-07 13:52:02,040 - INFO - End reading CSV file: C:/Users/nandu/EDA/DesignAnalyzer/test/finance/sample_monthly_data.csv
2025-07-07 17:04:00,885 - INFO - Loading CSV data started.
2025-07-07 17:04:00,902 - INFO - Start reading CSV file: C:/Users/nandu/EDA/DesignAnalyzer/test/finance/sample_monthly_data.csv
2025-07-07 17:04:00,918 - INFO - DataFrame shape: (5, 2)
2025-07-07 17:04:00,918 - INFO - Data loaded into input area.
2025-07-07 17:04:00,925 - INFO - End reading CSV file: C:/Users/nandu/EDA/DesignAnalyzer/test/finance/sample_monthly_data.csv
2025-07-07 17:36:24,298 - INFO - Loading CSV data started.
2025-07-07 17:36:24,313 - INFO - Start reading CSV file: C:/Users/nandu/EDA/DesignAnalyzer/test/finance/sample_monthly_data.csv
2025-07-07 17:36:24,334 - INFO - DataFrame shape: (5, 2)
2025-07-07 17:36:24,334 - INFO - Data loaded into input area.
2025-07-07 17:36:24,338 - INFO - End reading CSV file: C:/Users/nandu/EDA/DesignAnalyzer/test/finance/sample_monthly_data.csv
2025-07-07 17:37:58,466 - INFO - Loading CSV data started.
2025-07-07 17:37:58,466 - INFO - Start reading CSV file: C:/Users/nandu/EDA/DesignAnalyzer/test/finance/sample_monthly_data.csv
2025-07-07 17:37:58,477 - INFO - DataFrame shape: (5, 2)
2025-07-07 17:37:58,477 - INFO - Data loaded into input area.
2025-07-07 17:37:58,477 - INFO - End reading CSV file: C:/Users/nandu/EDA/DesignAnalyzer/test/finance/sample_monthly_data.csv
2025-07-07 17:40:42,171 - INFO - Loading CSV data started.
2025-07-07 17:40:42,171 - INFO - Start reading CSV file: C:/Users/nandu/EDA/DesignAnalyzer/test/finance/sample_monthly_data.csv
2025-07-07 17:40:42,188 - INFO - DataFrame shape: (5, 2)
2025-07-07 17:40:42,188 - INFO - Data loaded into input area.
2025-07-07 17:40:42,193 - INFO - End reading CSV file: C:/Users/nandu/EDA/DesignAnalyzer/test/finance/sample_monthly_data.csv
2025-07-07 17:42:28,505 - INFO - Loading CSV data started.
2025-07-07 17:42:28,505 - INFO - Start reading CSV file: C:/Users/nandu/EDA/DesignAnalyzer/test/finance/sample_monthly_data.csv
2025-07-07 17:42:28,521 - INFO - DataFrame shape: (5, 2)
2025-07-07 17:42:28,526 - INFO - Data loaded into input area.
2025-07-07 17:42:28,527 - INFO - End reading CSV file: C:/Users/nandu/EDA/DesignAnalyzer/test/finance/sample_monthly_data.csv
2025-07-07 17:51:22,262 - INFO - Loading CSV data started.
2025-07-07 17:51:22,262 - INFO - Start reading CSV file: C:/Users/nandu/EDA/DesignAnalyzer/test/finance/sample_monthly_data.csv
2025-07-07 17:51:22,273 - INFO - DataFrame shape: (5, 2)
2025-07-07 17:51:22,274 - INFO - Data loaded into input area.
2025-07-07 17:51:22,275 - INFO - End reading CSV file: C:/Users/nandu/EDA/DesignAnalyzer/test/finance/sample_monthly_data.csv
2025-07-07 17:51:35,231 - INFO - Prediction search done.
2025-07-07 17:53:09,231 - INFO - Loading CSV data started.
2025-07-07 17:53:09,231 - INFO - Start reading CSV file: C:/Users/nandu/Downloads/dataset_2025-06-30T14_46_31.332969317Z_DEFAULT_INTEGRATION_IMF.RES_WEO_6.0.0.csv
2025-07-07 17:53:09,429 - INFO - DataFrame shape: (10288, 106)
2025-07-07 17:53:09,429 - INFO - Data loaded into input area.
2025-07-07 17:53:09,429 - INFO - End reading CSV file: C:/Users/nandu/Downloads/dataset_2025-06-30T14_46_31.332969317Z_DEFAULT_INTEGRATION_IMF.RES_WEO_6.0.0.csv
2025-07-07 18:22:00,043 - INFO - Loading CSV data started.
2025-07-07 18:22:00,057 - INFO - Start reading CSV file: C:/Users/nandu/EDA/DesignAnalyzer/test/finance/sample_monthly_data.csv
2025-07-07 18:22:00,060 - INFO - DataFrame shape: (5, 2)
2025-07-07 18:22:00,060 - INFO - Data loaded into input area.
2025-07-07 18:22:00,060 - INFO - End reading CSV file: C:/Users/nandu/EDA/DesignAnalyzer/test/finance/sample_monthly_data.csv
2025-07-07 18:24:55,186 - INFO - Loading CSV data started.
2025-07-07 18:24:55,202 - INFO - Start reading CSV file: C:/Users/nandu/EDA/DesignAnalyzer/test/finance/sample_monthly_data.csv
2025-07-07 18:24:55,214 - INFO - DataFrame shape: (5, 2)
2025-07-07 18:24:55,216 - INFO - Data loaded into input area.
2025-07-07 18:24:55,216 - INFO - End reading CSV file: C:/Users/nandu/EDA/DesignAnalyzer/test/finance/sample_monthly_data.csv
2025-07-07 18:27:46,197 - INFO - Loading CSV data started.
2025-07-07 18:27:46,197 - INFO - Start reading CSV file: C:/Users/nandu/EDA/DesignAnalyzer/test/finance/sample_monthly_data.csv
2025-07-07 18:27:46,197 - INFO - DataFrame shape: (5, 2)
2025-07-07 18:27:46,197 - INFO - Data loaded into input area.
2025-07-07 18:27:46,212 - INFO - End reading CSV file: C:/Users/nandu/EDA/DesignAnalyzer/test/finance/sample_monthly_data.csv
2025-07-07 18:28:02,084 - INFO - Outlier search done.
2025-07-07 18:33:14,763 - INFO - Loading CSV data started.
2025-07-07 18:33:14,765 - INFO - Start reading CSV file: C:/Users/nandu/EDA/DesignAnalyzer/test/finance/sample_monthly_data.csv
2025-07-07 18:33:14,765 - INFO - DataFrame shape: (5, 2)
2025-07-07 18:33:14,765 - INFO - Data loaded into input area.
2025-07-07 18:33:14,765 - INFO - End reading CSV file: C:/Users/nandu/EDA/DesignAnalyzer/test/finance/sample_monthly_data.csv
2025-07-07 18:33:29,169 - INFO - Outlier search done.
2025-07-07 18:35:38,913 - INFO - Prediction search done.
2025-07-08 12:38:24,886 - INFO - Loading CSV data started.
2025-07-08 12:38:24,897 - INFO - Start reading CSV file: C:/Users/nandu/Downloads/dataset_2025-06-30T14_46_31.332969317Z_DEFAULT_INTEGRATION_IMF.RES_WEO_6.0.0.csv
2025-07-08 12:38:25,123 - INFO - DataFrame shape: (10288, 106)
2025-07-08 12:38:25,130 - INFO - Data loaded into input area.
2025-07-08 12:38:25,130 - INFO - End reading CSV file: C:/Users/nandu/Downloads/dataset_2025-06-30T14_46_31.332969317Z_DEFAULT_INTEGRATION_IMF.RES_WEO_6.0.0.csv
2025-07-08 12:46:11,729 - INFO - Loading CSV data started.
2025-07-08 12:46:11,738 - INFO - Start reading CSV file: C:/Users/nandu/Downloads/dataset_2025-06-30T14_46_31.332969317Z_DEFAULT_INTEGRATION_IMF.RES_WEO_6.0.0.csv
2025-07-08 12:46:11,954 - INFO - DataFrame shape: (10288, 106)
2025-07-08 12:46:11,954 - INFO - Data loaded into input area.
2025-07-08 12:46:11,954 - INFO - End reading CSV file: C:/Users/nandu/Downloads/dataset_2025-06-30T14_46_31.332969317Z_DEFAULT_INTEGRATION_IMF.RES_WEO_6.0.0.csv
2025-07-08 12:48:02,312 - INFO - Loading CSV data started.
2025-07-08 12:48:02,312 - INFO - Start reading CSV file: C:/Users/nandu/Downloads/dataset_2025-06-30T14_46_31.332969317Z_DEFAULT_INTEGRATION_IMF.RES_WEO_6.0.0.csv
2025-07-08 12:48:02,534 - INFO - DataFrame shape: (10288, 106)
2025-07-08 12:48:02,536 - INFO - Data loaded into input area.
2025-07-08 12:48:02,537 - INFO - End reading CSV file: C:/Users/nandu/Downloads/dataset_2025-06-30T14_46_31.332969317Z_DEFAULT_INTEGRATION_IMF.RES_WEO_6.0.0.csv
2025-07-08 12:49:41,147 - INFO - Loading CSV data started.
2025-07-08 12:49:41,147 - INFO - Start reading CSV file: C:/Users/nandu/Downloads/dataset_2025-06-30T14_46_31.332969317Z_DEFAULT_INTEGRATION_IMF.RES_WEO_6.0.0.csv
2025-07-08 12:49:41,362 - INFO - DataFrame shape: (10288, 106)
2025-07-08 12:49:41,362 - INFO - Data loaded into input area.
2025-07-08 12:49:41,362 - INFO - End reading CSV file: C:/Users/nandu/Downloads/dataset_2025-06-30T14_46_31.332969317Z_DEFAULT_INTEGRATION_IMF.RES_WEO_6.0.0.csv
2025-07-08 17:27:26,876 - INFO - Loading CSV data started.
2025-07-08 17:27:26,888 - INFO - Start reading CSV file: C:/Users/nandu/Downloads/dataset_2025-06-30T14_46_31.332969317Z_DEFAULT_INTEGRATION_IMF.RES_WEO_6.0.0.csv
2025-07-08 17:27:27,147 - INFO - DataFrame shape: (10288, 106)
2025-07-08 17:27:27,147 - INFO - Data loaded into input area.
2025-07-08 17:27:27,147 - INFO - End reading CSV file: C:/Users/nandu/Downloads/dataset_2025-06-30T14_46_31.332969317Z_DEFAULT_INTEGRATION_IMF.RES_WEO_6.0.0.csv
2025-07-09 18:07:13,856 - DEBUG - Request options: {'method': 'post', 'url': '/chat/completions', 'files': None, 'idempotency_key': 'stainless-python-retry-f3cf80f9-6d7b-47ac-bf17-045112bdf9df', 'json_data': {'messages': [{'role': 'system', 'content': 'You are a helpful assistant.'}, {'role': 'user', 'content': 'You are a helpful assistant. Given a list of commands and a user query:\n- Select the best matching command from the list.\n- Extract argument values from the query if any.\n- Respond only in this strict JSON format:\n{\n  "command": "<command>",\n  "args": {\n    "arg1": "value1",\n    "arg2": "value2"\n  }\n}\n\nUser Query:\nbar-chart with x months and y dollars\n\nAvailable Commands:\n1. create bar chart (Args: x_axis, y_axis)\n2. outlier - based on mean/std-dev (Args: column_name, z-value)\n3. predict next months - linear regression (Args: column_name, num-months)\n4. extract data where specified column contains a string or name. (Args: column_name, containing_string)\n'}], 'model': 'gpt-4', 'max_tokens': 300, 'temperature': 0.2}}
2025-07-09 18:07:13,883 - DEBUG - Sending HTTP Request: POST https://api.openai.com/v1/chat/completions
2025-07-09 18:07:13,885 - DEBUG - connect_tcp.started host='api.openai.com' port=443 local_address=None timeout=5.0 socket_options=None
2025-07-09 18:07:13,911 - DEBUG - connect_tcp.complete return_value=<httpcore._backends.sync.SyncStream object at 0x0000022082347F90>
2025-07-09 18:07:13,911 - DEBUG - start_tls.started ssl_context=<ssl.SSLContext object at 0x00000220F99A2180> server_hostname='api.openai.com' timeout=5.0
2025-07-09 18:07:14,009 - DEBUG - start_tls.complete return_value=<httpcore._backends.sync.SyncStream object at 0x00000220FDE612D0>
2025-07-09 18:07:14,010 - DEBUG - send_request_headers.started request=<Request [b'POST']>
2025-07-09 18:07:14,010 - DEBUG - send_request_headers.complete
2025-07-09 18:07:14,010 - DEBUG - send_request_body.started request=<Request [b'POST']>
2025-07-09 18:07:14,018 - DEBUG - send_request_body.complete
2025-07-09 18:07:14,018 - DEBUG - receive_response_headers.started request=<Request [b'POST']>
2025-07-09 18:07:15,212 - DEBUG - receive_response_headers.complete return_value=(b'HTTP/1.1', 404, b'Not Found', [(b'Date', b'Wed, 09 Jul 2025 12:37:15 GMT'), (b'Content-Type', b'application/json; charset=utf-8'), (b'Transfer-Encoding', b'chunked'), (b'Connection', b'keep-alive'), (b'vary', b'Origin'), (b'x-request-id', b'req_1a17a404a508ab059a34ed60505f5445'), (b'strict-transport-security', b'max-age=31536000; includeSubDomains; preload'), (b'cf-cache-status', b'DYNAMIC'), (b'Set-Cookie', b'__cf_bm=hSCCa8VQpYC8880K1WQmKpHnI1S5asEfp8h1DTPPKp8-1752064635-1.0.1.1-hc3uyXL.NXEXkJqnYdnt4NOKGVn8J4qVNFV1CXreoPd8wlX3mcdgpgBxauc6g1qNODMQE4JlYcKGeY_ldayViLJ5gcLIqP4z0.hlU3ut3nA; path=/; expires=Wed, 09-Jul-25 13:07:15 GMT; domain=.api.openai.com; HttpOnly; Secure; SameSite=None'), (b'X-Content-Type-Options', b'nosniff'), (b'Set-Cookie', b'_cfuvid=UNXSGNP6D9ZbUxCEr4Mk8ftghcdcTQcp3DS0t73w8lc-1752064635216-0.0.1.1-604800000; path=/; domain=.api.openai.com; HttpOnly; Secure; SameSite=None'), (b'Server', b'cloudflare'), (b'CF-RAY', b'95c7df1aee0f1b69-DEL'), (b'Content-Encoding', b'gzip'), (b'alt-svc', b'h3=":443"; ma=86400')])
2025-07-09 18:07:15,212 - INFO - HTTP Request: POST https://api.openai.com/v1/chat/completions "HTTP/1.1 404 Not Found"
2025-07-09 18:07:15,225 - DEBUG - receive_response_body.started request=<Request [b'POST']>
2025-07-09 18:07:15,229 - DEBUG - receive_response_body.complete
2025-07-09 18:07:15,229 - DEBUG - response_closed.started
2025-07-09 18:07:15,234 - DEBUG - response_closed.complete
2025-07-09 18:07:15,234 - DEBUG - HTTP Response: POST https://api.openai.com/v1/chat/completions "404 Not Found" Headers([('date', 'Wed, 09 Jul 2025 12:37:15 GMT'), ('content-type', 'application/json; charset=utf-8'), ('transfer-encoding', 'chunked'), ('connection', 'keep-alive'), ('vary', 'Origin'), ('x-request-id', 'req_1a17a404a508ab059a34ed60505f5445'), ('strict-transport-security', 'max-age=31536000; includeSubDomains; preload'), ('cf-cache-status', 'DYNAMIC'), ('set-cookie', '__cf_bm=hSCCa8VQpYC8880K1WQmKpHnI1S5asEfp8h1DTPPKp8-1752064635-1.0.1.1-hc3uyXL.NXEXkJqnYdnt4NOKGVn8J4qVNFV1CXreoPd8wlX3mcdgpgBxauc6g1qNODMQE4JlYcKGeY_ldayViLJ5gcLIqP4z0.hlU3ut3nA; path=/; expires=Wed, 09-Jul-25 13:07:15 GMT; domain=.api.openai.com; HttpOnly; Secure; SameSite=None'), ('x-content-type-options', 'nosniff'), ('set-cookie', '_cfuvid=UNXSGNP6D9ZbUxCEr4Mk8ftghcdcTQcp3DS0t73w8lc-1752064635216-0.0.1.1-604800000; path=/; domain=.api.openai.com; HttpOnly; Secure; SameSite=None'), ('server', 'cloudflare'), ('cf-ray', '95c7df1aee0f1b69-DEL'), ('content-encoding', 'gzip'), ('alt-svc', 'h3=":443"; ma=86400')])
2025-07-09 18:07:15,234 - DEBUG - request_id: req_1a17a404a508ab059a34ed60505f5445
2025-07-09 18:07:15,234 - DEBUG - Encountered httpx.HTTPStatusError
Traceback (most recent call last):
  File "C:\Users\nandu\AppData\Local\Programs\Python\Python311\Lib\site-packages\openai\_base_client.py", line 1017, in request
    response.raise_for_status()
  File "C:\Users\nandu\AppData\Local\Programs\Python\Python311\Lib\site-packages\httpx\_models.py", line 829, in raise_for_status
    raise HTTPStatusError(message, request=request, response=self)
httpx.HTTPStatusError: Client error '404 Not Found' for url 'https://api.openai.com/v1/chat/completions'
For more information check: https://developer.mozilla.org/en-US/docs/Web/HTTP/Status/404
2025-07-09 18:07:15,242 - DEBUG - Not retrying
2025-07-09 18:07:15,245 - DEBUG - Re-raising status error
2025-07-09 18:10:08,431 - DEBUG - Request options: {'method': 'post', 'url': '/chat/completions', 'files': None, 'idempotency_key': 'stainless-python-retry-b0c06ebd-895d-4626-ba34-9d95ce3ac270', 'json_data': {'messages': [{'role': 'system', 'content': 'You are a helpful assistant.'}, {'role': 'user', 'content': 'You are a helpful assistant. Given a list of commands and a user query:\n- Select the best matching command from the list.\n- Extract argument values from the query if any.\n- Respond only in this strict JSON format:\n{\n  "command": "<command>",\n  "args": {\n    "arg1": "value1",\n    "arg2": "value2"\n  }\n}\n\nUser Query:\nbar-chart with x months and y dollars\n\nAvailable Commands:\n1. create bar chart (Args: x_axis, y_axis)\n2. outlier - based on mean/std-dev (Args: column_name, z-value)\n3. predict next months - linear regression (Args: column_name, num-months)\n4. extract data where specified column contains a string or name. (Args: column_name, containing_string)\n'}], 'model': 'gpt-3.5-turbo', 'max_tokens': 300, 'temperature': 0.2}}
2025-07-09 18:10:08,455 - DEBUG - Sending HTTP Request: POST https://api.openai.com/v1/chat/completions
2025-07-09 18:10:08,455 - DEBUG - connect_tcp.started host='api.openai.com' port=443 local_address=None timeout=5.0 socket_options=None
2025-07-09 18:10:08,487 - DEBUG - connect_tcp.complete return_value=<httpcore._backends.sync.SyncStream object at 0x0000015CC3E26A90>
2025-07-09 18:10:08,487 - DEBUG - start_tls.started ssl_context=<ssl.SSLContext object at 0x0000015CC1D32180> server_hostname='api.openai.com' timeout=5.0
2025-07-09 18:10:08,508 - DEBUG - start_tls.complete return_value=<httpcore._backends.sync.SyncStream object at 0x0000015CCA2369D0>
2025-07-09 18:10:08,511 - DEBUG - send_request_headers.started request=<Request [b'POST']>
2025-07-09 18:10:08,511 - DEBUG - send_request_headers.complete
2025-07-09 18:10:08,511 - DEBUG - send_request_body.started request=<Request [b'POST']>
2025-07-09 18:10:08,511 - DEBUG - send_request_body.complete
2025-07-09 18:10:08,511 - DEBUG - receive_response_headers.started request=<Request [b'POST']>
2025-07-09 18:10:12,037 - DEBUG - receive_response_headers.complete return_value=(b'HTTP/1.1', 429, b'Too Many Requests', [(b'Date', b'Wed, 09 Jul 2025 12:40:12 GMT'), (b'Content-Type', b'application/json; charset=utf-8'), (b'Content-Length', b'337'), (b'Connection', b'keep-alive'), (b'vary', b'Origin'), (b'x-request-id', b'req_55770b2ff16f0a9e7fb06936c8842b05'), (b'strict-transport-security', b'max-age=31536000; includeSubDomains; preload'), (b'cf-cache-status', b'DYNAMIC'), (b'Set-Cookie', b'__cf_bm=bdiLqhKae4JKYQlsmfm7jYjMhUQgDfFv8cdvc2nFOus-1752064812-1.0.1.1-dPa1YKWvQL3Ke5OfuOeq5zJc9DZa2TP8gLWV3lgSBKnNPCs7_NBJWxegtLpDULxbrYFIPBkiCEWyklnLjBMQJhpK4fNk30IryRkinP45Q_w; path=/; expires=Wed, 09-Jul-25 13:10:12 GMT; domain=.api.openai.com; HttpOnly; Secure; SameSite=None'), (b'X-Content-Type-Options', b'nosniff'), (b'Set-Cookie', b'_cfuvid=bdeGnn6FvryKwwSOeLm.vDzy452NeFSebBajvckAN1Y-1752064812063-0.0.1.1-604800000; path=/; domain=.api.openai.com; HttpOnly; Secure; SameSite=None'), (b'Server', b'cloudflare'), (b'CF-RAY', b'95c7e35d88d325cd-DEL'), (b'alt-svc', b'h3=":443"; ma=86400')])
2025-07-09 18:10:12,037 - INFO - HTTP Request: POST https://api.openai.com/v1/chat/completions "HTTP/1.1 429 Too Many Requests"
2025-07-09 18:10:12,037 - DEBUG - receive_response_body.started request=<Request [b'POST']>
2025-07-09 18:10:12,043 - DEBUG - receive_response_body.complete
2025-07-09 18:10:12,045 - DEBUG - response_closed.started
2025-07-09 18:10:12,046 - DEBUG - response_closed.complete
2025-07-09 18:10:12,046 - DEBUG - HTTP Response: POST https://api.openai.com/v1/chat/completions "429 Too Many Requests" Headers([('date', 'Wed, 09 Jul 2025 12:40:12 GMT'), ('content-type', 'application/json; charset=utf-8'), ('content-length', '337'), ('connection', 'keep-alive'), ('vary', 'Origin'), ('x-request-id', 'req_55770b2ff16f0a9e7fb06936c8842b05'), ('strict-transport-security', 'max-age=31536000; includeSubDomains; preload'), ('cf-cache-status', 'DYNAMIC'), ('set-cookie', '__cf_bm=bdiLqhKae4JKYQlsmfm7jYjMhUQgDfFv8cdvc2nFOus-1752064812-1.0.1.1-dPa1YKWvQL3Ke5OfuOeq5zJc9DZa2TP8gLWV3lgSBKnNPCs7_NBJWxegtLpDULxbrYFIPBkiCEWyklnLjBMQJhpK4fNk30IryRkinP45Q_w; path=/; expires=Wed, 09-Jul-25 13:10:12 GMT; domain=.api.openai.com; HttpOnly; Secure; SameSite=None'), ('x-content-type-options', 'nosniff'), ('set-cookie', '_cfuvid=bdeGnn6FvryKwwSOeLm.vDzy452NeFSebBajvckAN1Y-1752064812063-0.0.1.1-604800000; path=/; domain=.api.openai.com; HttpOnly; Secure; SameSite=None'), ('server', 'cloudflare'), ('cf-ray', '95c7e35d88d325cd-DEL'), ('alt-svc', 'h3=":443"; ma=86400')])
2025-07-09 18:10:12,046 - DEBUG - request_id: req_55770b2ff16f0a9e7fb06936c8842b05
2025-07-09 18:10:12,051 - DEBUG - Encountered httpx.HTTPStatusError
Traceback (most recent call last):
  File "C:\Users\nandu\AppData\Local\Programs\Python\Python311\Lib\site-packages\openai\_base_client.py", line 1017, in request
    response.raise_for_status()
  File "C:\Users\nandu\AppData\Local\Programs\Python\Python311\Lib\site-packages\httpx\_models.py", line 829, in raise_for_status
    raise HTTPStatusError(message, request=request, response=self)
httpx.HTTPStatusError: Client error '429 Too Many Requests' for url 'https://api.openai.com/v1/chat/completions'
For more information check: https://developer.mozilla.org/en-US/docs/Web/HTTP/Status/429
2025-07-09 18:10:12,053 - DEBUG - Retrying due to status code 429
2025-07-09 18:10:12,053 - DEBUG - 2 retries left
2025-07-09 18:10:12,053 - INFO - Retrying request to /chat/completions in 0.458956 seconds
2025-07-09 18:10:12,520 - DEBUG - Request options: {'method': 'post', 'url': '/chat/completions', 'files': None, 'idempotency_key': 'stainless-python-retry-b0c06ebd-895d-4626-ba34-9d95ce3ac270', 'json_data': {'messages': [{'role': 'system', 'content': 'You are a helpful assistant.'}, {'role': 'user', 'content': 'You are a helpful assistant. Given a list of commands and a user query:\n- Select the best matching command from the list.\n- Extract argument values from the query if any.\n- Respond only in this strict JSON format:\n{\n  "command": "<command>",\n  "args": {\n    "arg1": "value1",\n    "arg2": "value2"\n  }\n}\n\nUser Query:\nbar-chart with x months and y dollars\n\nAvailable Commands:\n1. create bar chart (Args: x_axis, y_axis)\n2. outlier - based on mean/std-dev (Args: column_name, z-value)\n3. predict next months - linear regression (Args: column_name, num-months)\n4. extract data where specified column contains a string or name. (Args: column_name, containing_string)\n'}], 'model': 'gpt-3.5-turbo', 'max_tokens': 300, 'temperature': 0.2}}
2025-07-09 18:10:12,520 - DEBUG - Sending HTTP Request: POST https://api.openai.com/v1/chat/completions
2025-07-09 18:10:12,530 - DEBUG - send_request_headers.started request=<Request [b'POST']>
2025-07-09 18:10:12,531 - DEBUG - send_request_headers.complete
2025-07-09 18:10:12,537 - DEBUG - send_request_body.started request=<Request [b'POST']>
2025-07-09 18:10:12,540 - DEBUG - send_request_body.complete
2025-07-09 18:10:12,544 - DEBUG - receive_response_headers.started request=<Request [b'POST']>
2025-07-09 18:10:13,352 - DEBUG - receive_response_headers.complete return_value=(b'HTTP/1.1', 429, b'Too Many Requests', [(b'Date', b'Wed, 09 Jul 2025 12:40:13 GMT'), (b'Content-Type', b'application/json; charset=utf-8'), (b'Content-Length', b'337'), (b'Connection', b'keep-alive'), (b'vary', b'Origin'), (b'x-request-id', b'req_fe7b723fdc1f79d602ec6ead13746be2'), (b'strict-transport-security', b'max-age=31536000; includeSubDomains; preload'), (b'cf-cache-status', b'DYNAMIC'), (b'X-Content-Type-Options', b'nosniff'), (b'Server', b'cloudflare'), (b'CF-RAY', b'95c7e376a8c225cd-DEL'), (b'alt-svc', b'h3=":443"; ma=86400')])
2025-07-09 18:10:13,368 - INFO - HTTP Request: POST https://api.openai.com/v1/chat/completions "HTTP/1.1 429 Too Many Requests"
2025-07-09 18:10:13,381 - DEBUG - receive_response_body.started request=<Request [b'POST']>
2025-07-09 18:10:13,385 - DEBUG - receive_response_body.complete
2025-07-09 18:10:13,393 - DEBUG - response_closed.started
2025-07-09 18:10:13,396 - DEBUG - response_closed.complete
2025-07-09 18:10:13,400 - DEBUG - HTTP Response: POST https://api.openai.com/v1/chat/completions "429 Too Many Requests" Headers({'date': 'Wed, 09 Jul 2025 12:40:13 GMT', 'content-type': 'application/json; charset=utf-8', 'content-length': '337', 'connection': 'keep-alive', 'vary': 'Origin', 'x-request-id': 'req_fe7b723fdc1f79d602ec6ead13746be2', 'strict-transport-security': 'max-age=31536000; includeSubDomains; preload', 'cf-cache-status': 'DYNAMIC', 'x-content-type-options': 'nosniff', 'server': 'cloudflare', 'cf-ray': '95c7e376a8c225cd-DEL', 'alt-svc': 'h3=":443"; ma=86400'})
2025-07-09 18:10:13,401 - DEBUG - request_id: req_fe7b723fdc1f79d602ec6ead13746be2
2025-07-09 18:10:13,405 - DEBUG - Encountered httpx.HTTPStatusError
Traceback (most recent call last):
  File "C:\Users\nandu\AppData\Local\Programs\Python\Python311\Lib\site-packages\openai\_base_client.py", line 1017, in request
    response.raise_for_status()
  File "C:\Users\nandu\AppData\Local\Programs\Python\Python311\Lib\site-packages\httpx\_models.py", line 829, in raise_for_status
    raise HTTPStatusError(message, request=request, response=self)
httpx.HTTPStatusError: Client error '429 Too Many Requests' for url 'https://api.openai.com/v1/chat/completions'
For more information check: https://developer.mozilla.org/en-US/docs/Web/HTTP/Status/429
2025-07-09 18:10:13,410 - DEBUG - Retrying due to status code 429
2025-07-09 18:10:13,414 - DEBUG - 1 retry left
2025-07-09 18:10:13,415 - INFO - Retrying request to /chat/completions in 0.929161 seconds
2025-07-09 18:10:14,349 - DEBUG - Request options: {'method': 'post', 'url': '/chat/completions', 'files': None, 'idempotency_key': 'stainless-python-retry-b0c06ebd-895d-4626-ba34-9d95ce3ac270', 'json_data': {'messages': [{'role': 'system', 'content': 'You are a helpful assistant.'}, {'role': 'user', 'content': 'You are a helpful assistant. Given a list of commands and a user query:\n- Select the best matching command from the list.\n- Extract argument values from the query if any.\n- Respond only in this strict JSON format:\n{\n  "command": "<command>",\n  "args": {\n    "arg1": "value1",\n    "arg2": "value2"\n  }\n}\n\nUser Query:\nbar-chart with x months and y dollars\n\nAvailable Commands:\n1. create bar chart (Args: x_axis, y_axis)\n2. outlier - based on mean/std-dev (Args: column_name, z-value)\n3. predict next months - linear regression (Args: column_name, num-months)\n4. extract data where specified column contains a string or name. (Args: column_name, containing_string)\n'}], 'model': 'gpt-3.5-turbo', 'max_tokens': 300, 'temperature': 0.2}}
2025-07-09 18:10:14,349 - DEBUG - Sending HTTP Request: POST https://api.openai.com/v1/chat/completions
2025-07-09 18:10:14,361 - DEBUG - send_request_headers.started request=<Request [b'POST']>
2025-07-09 18:10:14,362 - DEBUG - send_request_headers.complete
2025-07-09 18:10:14,369 - DEBUG - send_request_body.started request=<Request [b'POST']>
2025-07-09 18:10:14,373 - DEBUG - send_request_body.complete
2025-07-09 18:10:14,376 - DEBUG - receive_response_headers.started request=<Request [b'POST']>
2025-07-09 18:10:14,707 - DEBUG - receive_response_headers.complete return_value=(b'HTTP/1.1', 429, b'Too Many Requests', [(b'Date', b'Wed, 09 Jul 2025 12:40:14 GMT'), (b'Content-Type', b'application/json; charset=utf-8'), (b'Content-Length', b'337'), (b'Connection', b'keep-alive'), (b'vary', b'Origin'), (b'x-request-id', b'req_13207e4b7376a59e91e339cb7a366c77'), (b'strict-transport-security', b'max-age=31536000; includeSubDomains; preload'), (b'cf-cache-status', b'DYNAMIC'), (b'X-Content-Type-Options', b'nosniff'), (b'Server', b'cloudflare'), (b'CF-RAY', b'95c7e3821a0725cd-DEL'), (b'alt-svc', b'h3=":443"; ma=86400')])
2025-07-09 18:10:14,716 - INFO - HTTP Request: POST https://api.openai.com/v1/chat/completions "HTTP/1.1 429 Too Many Requests"
2025-07-09 18:10:14,724 - DEBUG - receive_response_body.started request=<Request [b'POST']>
2025-07-09 18:10:14,732 - DEBUG - receive_response_body.complete
2025-07-09 18:10:14,732 - DEBUG - response_closed.started
2025-07-09 18:10:14,740 - DEBUG - response_closed.complete
2025-07-09 18:10:14,740 - DEBUG - HTTP Response: POST https://api.openai.com/v1/chat/completions "429 Too Many Requests" Headers({'date': 'Wed, 09 Jul 2025 12:40:14 GMT', 'content-type': 'application/json; charset=utf-8', 'content-length': '337', 'connection': 'keep-alive', 'vary': 'Origin', 'x-request-id': 'req_13207e4b7376a59e91e339cb7a366c77', 'strict-transport-security': 'max-age=31536000; includeSubDomains; preload', 'cf-cache-status': 'DYNAMIC', 'x-content-type-options': 'nosniff', 'server': 'cloudflare', 'cf-ray': '95c7e3821a0725cd-DEL', 'alt-svc': 'h3=":443"; ma=86400'})
2025-07-09 18:10:14,749 - DEBUG - request_id: req_13207e4b7376a59e91e339cb7a366c77
2025-07-09 18:10:14,749 - DEBUG - Encountered httpx.HTTPStatusError
Traceback (most recent call last):
  File "C:\Users\nandu\AppData\Local\Programs\Python\Python311\Lib\site-packages\openai\_base_client.py", line 1017, in request
    response.raise_for_status()
  File "C:\Users\nandu\AppData\Local\Programs\Python\Python311\Lib\site-packages\httpx\_models.py", line 829, in raise_for_status
    raise HTTPStatusError(message, request=request, response=self)
httpx.HTTPStatusError: Client error '429 Too Many Requests' for url 'https://api.openai.com/v1/chat/completions'
For more information check: https://developer.mozilla.org/en-US/docs/Web/HTTP/Status/429
2025-07-09 18:10:14,756 - DEBUG - Re-raising status error
2025-07-10 11:17:53,685 - INFO - Loading CSV data started.
2025-07-10 11:17:53,715 - INFO - Start reading CSV file: C:/Users/nandu/Downloads/dataset_2025-06-30T14_46_31.332969317Z_DEFAULT_INTEGRATION_IMF.RES_WEO_6.0.0.csv
2025-07-10 11:17:53,949 - INFO - DataFrame shape: (10288, 106)
2025-07-10 11:17:53,949 - INFO - Data loaded into input area.
2025-07-10 11:17:53,949 - INFO - End reading CSV file: C:/Users/nandu/Downloads/dataset_2025-06-30T14_46_31.332969317Z_DEFAULT_INTEGRATION_IMF.RES_WEO_6.0.0.csv
2025-07-10 13:53:11,504 - INFO - Loading CSV data started.
2025-07-10 13:53:11,511 - INFO - Start reading CSV file: C:/Users/nandu/EDA/DesignAnalyzer/test/finance/sample_monthly_data.csv
2025-07-10 13:53:11,522 - INFO - DataFrame shape: (5, 2)
2025-07-10 13:53:11,522 - INFO - Data loaded into input area.
2025-07-10 13:53:11,525 - INFO - End reading CSV file: C:/Users/nandu/EDA/DesignAnalyzer/test/finance/sample_monthly_data.csv
2025-07-10 13:59:15,396 - INFO - Loading CSV data started.
2025-07-10 13:59:15,401 - INFO - Start reading CSV file: C:/Users/nandu/EDA/DesignAnalyzer/test/finance/sample_monthly_data.csv
2025-07-10 13:59:15,416 - INFO - DataFrame shape: (5, 2)
2025-07-10 13:59:15,416 - INFO - Data loaded into input area.
2025-07-10 13:59:15,416 - INFO - End reading CSV file: C:/Users/nandu/EDA/DesignAnalyzer/test/finance/sample_monthly_data.csv
2025-07-10 15:04:04,652 - INFO - Loading CSV data started.
2025-07-10 15:04:04,676 - INFO - Start reading CSV file: C:/Users/nandu/EDA/DesignAnalyzer/test/finance/sample_monthly_data.csv
2025-07-10 15:04:04,703 - INFO - DataFrame shape: (5, 2)
2025-07-10 15:04:04,703 - INFO - Data loaded into input area.
2025-07-10 15:04:04,712 - INFO - End reading CSV file: C:/Users/nandu/EDA/DesignAnalyzer/test/finance/sample_monthly_data.csv
2025-07-10 17:39:45,592 - INFO - Loading CSV data started.
2025-07-10 17:39:45,610 - INFO - Start reading CSV file: C:/Users/nandu/EDA/DesignAnalyzer/test/finance/sample_sales_data.csv
2025-07-10 17:39:45,701 - INFO - DataFrame shape: (200, 6)
2025-07-10 17:39:45,702 - INFO - Data loaded into input area.
2025-07-10 17:39:45,702 - INFO - End reading CSV file: C:/Users/nandu/EDA/DesignAnalyzer/test/finance/sample_sales_data.csv
2025-07-10 19:25:00,920 - INFO - Loading CSV data started.
2025-07-10 19:25:00,951 - INFO - Start reading CSV file: C:/Users/nandu/EDA/DesignAnalyzer/test/finance/sample_sales_data.csv
2025-07-10 19:25:00,962 - INFO - DataFrame shape: (200, 6)
2025-07-10 19:25:00,962 - INFO - Data loaded into input area.
2025-07-10 19:25:00,969 - INFO - End reading CSV file: C:/Users/nandu/EDA/DesignAnalyzer/test/finance/sample_sales_data.csv
2025-07-10 19:28:19,922 - INFO - Loading CSV data started.
2025-07-10 19:28:19,934 - INFO - Start reading CSV file: C:/Users/nandu/EDA/DesignAnalyzer/test/finance/sample_sales_data.csv
2025-07-10 19:28:19,939 - INFO - DataFrame shape: (200, 6)
2025-07-10 19:28:19,939 - INFO - Data loaded into input area.
2025-07-10 19:28:19,939 - INFO - End reading CSV file: C:/Users/nandu/EDA/DesignAnalyzer/test/finance/sample_sales_data.csv
2025-07-10 20:01:19,924 - INFO - Loading CSV data started.
2025-07-10 20:01:19,928 - INFO - Start reading CSV file: C:/Users/nandu/EDA/DesignAnalyzer/test/finance/sample_sales_data.csv
2025-07-10 20:01:19,940 - INFO - DataFrame shape: (200, 6)
2025-07-10 20:01:19,940 - INFO - Data loaded into input area.
2025-07-10 20:01:19,940 - INFO - End reading CSV file: C:/Users/nandu/EDA/DesignAnalyzer/test/finance/sample_sales_data.csv
2025-07-10 20:06:00,016 - INFO - Loading CSV data started.
2025-07-10 20:06:00,032 - INFO - Start reading CSV file: C:/Users/nandu/EDA/DesignAnalyzer/test/finance/sample_sales_data.csv
2025-07-10 20:06:00,038 - INFO - DataFrame shape: (200, 6)
2025-07-10 20:06:00,047 - INFO - Data loaded into input area.
2025-07-10 20:06:00,049 - INFO - End reading CSV file: C:/Users/nandu/EDA/DesignAnalyzer/test/finance/sample_sales_data.csv
2025-07-10 20:09:42,763 - INFO - Loading CSV data started.
2025-07-10 20:09:42,763 - INFO - Start reading CSV file: C:/Users/nandu/EDA/DesignAnalyzer/test/finance/sample_sales_data.csv
2025-07-10 20:09:42,780 - INFO - DataFrame shape: (200, 6)
2025-07-10 20:09:42,780 - INFO - Data loaded into input area.
2025-07-10 20:09:42,783 - INFO - End reading CSV file: C:/Users/nandu/EDA/DesignAnalyzer/test/finance/sample_sales_data.csv
2025-07-10 20:12:32,383 - INFO - Loading CSV data started.
2025-07-10 20:12:32,383 - INFO - Start reading CSV file: C:/Users/nandu/EDA/DesignAnalyzer/test/finance/sample_sales_data.csv
2025-07-10 20:12:32,387 - INFO - DataFrame shape: (200, 6)
2025-07-10 20:12:32,387 - INFO - Data loaded into input area.
2025-07-10 20:12:32,387 - INFO - End reading CSV file: C:/Users/nandu/EDA/DesignAnalyzer/test/finance/sample_sales_data.csv
2025-07-11 08:31:30,411 - INFO - Loading CSV data started.
2025-07-11 08:31:30,429 - INFO - Start reading CSV file: C:/Users/nandu/EDA/DesignAnalyzer/test/finance/sample_sales_data.csv
2025-07-11 08:31:30,436 - INFO - DataFrame shape: (200, 6)
2025-07-11 08:31:30,436 - INFO - Data loaded into input area.
2025-07-11 08:31:30,436 - INFO - End reading CSV file: C:/Users/nandu/EDA/DesignAnalyzer/test/finance/sample_sales_data.csv
2025-07-11 08:37:54,470 - INFO - Loading CSV data started.
2025-07-11 08:37:54,478 - INFO - Start reading CSV file: C:/Users/nandu/EDA/DesignAnalyzer/test/finance/sample_sales_data.csv
2025-07-11 08:37:54,486 - INFO - DataFrame shape: (200, 6)
2025-07-11 08:37:54,486 - INFO - Data loaded into input area.
2025-07-11 08:37:54,486 - INFO - End reading CSV file: C:/Users/nandu/EDA/DesignAnalyzer/test/finance/sample_sales_data.csv
2025-07-11 08:46:06,137 - INFO - Loading CSV data started.
2025-07-11 08:46:06,142 - INFO - Start reading CSV file: C:/Users/nandu/EDA/DesignAnalyzer/test/finance/sample_monthly_data.csv
2025-07-11 08:46:06,152 - INFO - DataFrame shape: (5, 2)
2025-07-11 08:46:06,153 - INFO - Data loaded into input area.
2025-07-11 08:46:06,154 - INFO - End reading CSV file: C:/Users/nandu/EDA/DesignAnalyzer/test/finance/sample_monthly_data.csv
2025-07-11 08:49:04,868 - INFO - Loading CSV data started.
2025-07-11 08:49:04,883 - INFO - Start reading CSV file: C:/Users/nandu/EDA/DesignAnalyzer/test/finance/sample_monthly_data.csv
2025-07-11 08:49:04,891 - INFO - DataFrame shape: (5, 2)
2025-07-11 08:49:04,891 - INFO - Data loaded into input area.
2025-07-11 08:49:04,894 - INFO - End reading CSV file: C:/Users/nandu/EDA/DesignAnalyzer/test/finance/sample_monthly_data.csv
2025-07-11 08:53:34,261 - INFO - Loading CSV data started.
2025-07-11 08:53:34,276 - INFO - Start reading CSV file: C:/Users/nandu/EDA/DesignAnalyzer/test/finance/sample_monthly_data.csv
2025-07-11 08:53:34,285 - INFO - DataFrame shape: (5, 2)
2025-07-11 08:53:34,285 - INFO - Data loaded into input area.
2025-07-11 08:53:34,288 - INFO - End reading CSV file: C:/Users/nandu/EDA/DesignAnalyzer/test/finance/sample_monthly_data.csv
2025-07-11 11:34:46,955 - INFO - Loading CSV data started.
2025-07-11 11:34:46,955 - INFO - Start reading CSV file: C:/Users/nandu/EDA/DesignAnalyzer/test/finance/sample_monthly_data.csv
2025-07-11 11:34:46,966 - INFO - DataFrame shape: (5, 2)
2025-07-11 11:34:46,966 - INFO - Data loaded into input area.
2025-07-11 11:34:46,969 - INFO - End reading CSV file: C:/Users/nandu/EDA/DesignAnalyzer/test/finance/sample_monthly_data.csv
2025-07-11 13:01:05,001 - INFO - Loading CSV data started.
2025-07-11 13:01:05,001 - INFO - Start reading CSV file: C:/Users/nandu/EDA/DesignAnalyzer/test/finance/sample_monthly_data.csv
2025-07-11 13:01:05,014 - INFO - DataFrame shape: (5, 2)
2025-07-11 13:01:05,014 - INFO - Data loaded into input area.
2025-07-11 13:01:05,014 - INFO - End reading CSV file: C:/Users/nandu/EDA/DesignAnalyzer/test/finance/sample_monthly_data.csv
2025-07-11 13:11:27,009 - INFO - Loading CSV data started.
2025-07-11 13:11:27,009 - INFO - Start reading CSV file: C:/Users/nandu/EDA/DesignAnalyzer/test/finance/sample_monthly_data.csv
2025-07-11 13:11:27,025 - INFO - DataFrame shape: (5, 2)
2025-07-11 13:11:27,027 - INFO - Data loaded into input area.
2025-07-11 13:11:27,028 - INFO - End reading CSV file: C:/Users/nandu/EDA/DesignAnalyzer/test/finance/sample_monthly_data.csv
2025-07-11 13:26:34,063 - INFO - Loading CSV data started.
2025-07-11 13:26:34,078 - INFO - Start reading CSV file: C:/Users/nandu/EDA/DesignAnalyzer/test/finance/sample_monthly_data.csv
2025-07-11 13:26:34,082 - INFO - DataFrame shape: (5, 2)
2025-07-11 13:26:34,083 - INFO - Data loaded into input area.
2025-07-11 13:26:34,084 - INFO - End reading CSV file: C:/Users/nandu/EDA/DesignAnalyzer/test/finance/sample_monthly_data.csv
2025-07-11 13:31:09,145 - INFO - Loading CSV data started.
2025-07-11 13:31:09,161 - INFO - Start reading CSV file: C:/Users/nandu/EDA/DesignAnalyzer/test/finance/sample_monthly_data.csv
2025-07-11 13:31:09,170 - INFO - DataFrame shape: (5, 2)
2025-07-11 13:31:09,170 - INFO - Data loaded into input area.
2025-07-11 13:31:09,170 - INFO - End reading CSV file: C:/Users/nandu/EDA/DesignAnalyzer/test/finance/sample_monthly_data.csv
2025-07-11 13:37:52,497 - INFO - Loading CSV data started.
2025-07-11 13:37:52,497 - INFO - Start reading CSV file: C:/Users/nandu/EDA/DesignAnalyzer/test/finance/sample_monthly_data.csv
2025-07-11 13:37:52,497 - INFO - DataFrame shape: (5, 2)
2025-07-11 13:37:52,497 - INFO - Data loaded into input area.
2025-07-11 13:37:52,497 - INFO - End reading CSV file: C:/Users/nandu/EDA/DesignAnalyzer/test/finance/sample_monthly_data.csv
2025-07-11 15:42:10,614 - INFO - Loading CSV data started.
2025-07-11 15:42:10,629 - INFO - Start reading CSV file: C:/Users/nandu/EDA/DesignAnalyzer/test/finance/sample_monthly_data.csv
2025-07-11 15:42:10,634 - INFO - DataFrame shape: (5, 2)
2025-07-11 15:42:10,634 - INFO - Data loaded into input area.
2025-07-11 15:42:10,637 - INFO - End reading CSV file: C:/Users/nandu/EDA/DesignAnalyzer/test/finance/sample_monthly_data.csv
2025-07-11 15:56:50,858 - INFO - Loading CSV data started.
2025-07-11 15:56:50,858 - INFO - Start reading CSV file: C:/Users/nandu/EDA/DesignAnalyzer/test/finance/sample_monthly_data.csv
2025-07-11 15:56:50,858 - INFO - DataFrame shape: (5, 2)
2025-07-11 15:56:50,858 - INFO - Data loaded into input area.
2025-07-11 15:56:50,858 - INFO - End reading CSV file: C:/Users/nandu/EDA/DesignAnalyzer/test/finance/sample_monthly_data.csv
2025-07-11 15:59:24,008 - INFO - Loading CSV data started.
2025-07-11 15:59:24,008 - INFO - Start reading CSV file: C:/Users/nandu/EDA/DesignAnalyzer/test/finance/sample_monthly_data.csv
2025-07-11 15:59:24,019 - INFO - DataFrame shape: (5, 2)
2025-07-11 15:59:24,019 - INFO - Data loaded into input area.
2025-07-11 15:59:24,023 - INFO - End reading CSV file: C:/Users/nandu/EDA/DesignAnalyzer/test/finance/sample_monthly_data.csv
2025-07-11 16:03:29,015 - INFO - Loading CSV data started.
2025-07-11 16:03:29,015 - INFO - Start reading CSV file: C:/Users/nandu/EDA/DesignAnalyzer/test/finance/sample_monthly_data.csv
2025-07-11 16:03:29,015 - INFO - DataFrame shape: (5, 2)
2025-07-11 16:03:29,015 - INFO - Data loaded into input area.
2025-07-11 16:03:29,015 - INFO - End reading CSV file: C:/Users/nandu/EDA/DesignAnalyzer/test/finance/sample_monthly_data.csv
2025-07-11 22:34:24,877 - INFO - Loading CSV data started.
2025-07-11 22:34:24,886 - INFO - Start reading CSV file: C:/Users/nandu/EDA/DesignAnalyzer/test/finance/sample_monthly_data.csv
2025-07-11 22:34:24,894 - INFO - DataFrame shape: (5, 2)
2025-07-11 22:34:24,894 - INFO - Data loaded into input area.
2025-07-11 22:34:24,894 - INFO - End reading CSV file: C:/Users/nandu/EDA/DesignAnalyzer/test/finance/sample_monthly_data.csv
2025-07-15 11:10:56,765 - INFO - Loading CSV data started.
2025-07-15 11:10:56,765 - INFO - Start reading CSV file: C:/Users/nandu/EDA/DesignAnalyzer/test/finance/sample_sales_data.csv
2025-07-15 11:10:56,784 - INFO - DataFrame shape: (200, 6)
2025-07-15 11:10:56,784 - INFO - Data loaded into input area.
2025-07-15 11:10:56,784 - INFO - End reading CSV file: C:/Users/nandu/EDA/DesignAnalyzer/test/finance/sample_sales_data.csv
2025-07-15 12:09:12,813 - INFO - Loading CSV data started.
2025-07-15 12:09:12,828 - INFO - Start reading CSV file: C:/Users/nandu/EDA/DesignAnalyzer/test/finance/sample_sales_data.csv
2025-07-15 12:09:12,835 - INFO - DataFrame shape: (200, 6)
2025-07-15 12:09:12,836 - INFO - Data loaded into input area.
2025-07-15 12:09:12,836 - INFO - End reading CSV file: C:/Users/nandu/EDA/DesignAnalyzer/test/finance/sample_sales_data.csv
2025-07-15 12:13:43,102 - INFO - Loading CSV data started.
2025-07-15 12:13:43,102 - INFO - Start reading CSV file: C:/Users/nandu/EDA/DesignAnalyzer/test/finance/sample_sales_data.csv
2025-07-15 12:13:43,118 - INFO - DataFrame shape: (200, 6)
2025-07-15 12:13:43,118 - INFO - Data loaded into input area.
2025-07-15 12:13:43,121 - INFO - End reading CSV file: C:/Users/nandu/EDA/DesignAnalyzer/test/finance/sample_sales_data.csv
2025-07-15 14:08:03,743 - INFO - Loading CSV data started.
2025-07-15 14:08:03,743 - INFO - Start reading CSV file: C:/Users/nandu/EDA/DesignAnalyzer/test/finance/sample_sales_data.csv
2025-07-15 14:08:03,761 - INFO - DataFrame shape: (200, 6)
2025-07-15 14:08:03,762 - INFO - Data loaded into input area.
2025-07-15 14:08:03,763 - INFO - End reading CSV file: C:/Users/nandu/EDA/DesignAnalyzer/test/finance/sample_sales_data.csv
2025-07-15 14:13:24,724 - INFO - Loading CSV data started.
2025-07-15 14:13:24,724 - INFO - Start reading CSV file: C:/Users/nandu/EDA/DesignAnalyzer/test/finance/sample_sales_data.csv
2025-07-15 14:13:24,744 - INFO - DataFrame shape: (200, 6)
2025-07-15 14:13:24,745 - INFO - Data loaded into input area.
2025-07-15 14:13:24,746 - INFO - End reading CSV file: C:/Users/nandu/EDA/DesignAnalyzer/test/finance/sample_sales_data.csv
2025-07-15 14:23:39,823 - INFO - Loading CSV data started.
2025-07-15 14:23:39,844 - INFO - Start reading CSV file: C:/Users/nandu/EDA/DesignAnalyzer/test/finance/sample_sales_data.csv
2025-07-15 14:23:39,849 - INFO - DataFrame shape: (200, 6)
2025-07-15 14:23:39,850 - INFO - Data loaded into input area.
2025-07-15 14:23:39,850 - INFO - End reading CSV file: C:/Users/nandu/EDA/DesignAnalyzer/test/finance/sample_sales_data.csv
2025-07-15 21:17:57,677 - INFO - Loading CSV data started.
2025-07-15 21:17:57,696 - INFO - Start reading CSV file: C:/Users/nandu/EDA/DesignAnalyzer/test/finance/sample_sales_data.csv
2025-07-15 21:17:57,750 - INFO - DataFrame shape: (200, 6)
2025-07-15 21:17:57,750 - INFO - Data loaded into input area.
2025-07-15 21:17:57,750 - INFO - End reading CSV file: C:/Users/nandu/EDA/DesignAnalyzer/test/finance/sample_sales_data.csv
2025-07-16 11:28:44,420 - INFO - Loading CSV data started.
2025-07-16 11:28:44,420 - INFO - Start reading CSV file: C:/Users/nandu/EDA/DesignAnalyzer/test/finance/sample_sales_data.csv
2025-07-16 11:28:44,444 - INFO - DataFrame shape: (200, 6)
2025-07-16 11:28:44,446 - INFO - Data loaded into input area.
2025-07-16 11:28:44,447 - INFO - End reading CSV file: C:/Users/nandu/EDA/DesignAnalyzer/test/finance/sample_sales_data.csv
2025-07-16 11:29:51,006 - DEBUG - Converted retries value: 2 -> Retry(total=2, connect=None, read=None, redirect=None, status=None)
2025-07-16 11:29:51,006 - DEBUG - Converted retries value: 2 -> Retry(total=2, connect=None, read=None, redirect=None, status=None)
2025-07-16 11:31:12,189 - INFO - Loading CSV data started.
2025-07-16 11:31:12,203 - INFO - Start reading CSV file: C:/Users/nandu/EDA/DesignAnalyzer/test/finance/sample_sales_data.csv
2025-07-16 11:31:12,212 - INFO - DataFrame shape: (200, 6)
2025-07-16 11:31:12,214 - INFO - Data loaded into input area.
2025-07-16 11:31:12,215 - INFO - End reading CSV file: C:/Users/nandu/EDA/DesignAnalyzer/test/finance/sample_sales_data.csv
2025-07-16 11:31:20,014 - DEBUG - Converted retries value: 2 -> Retry(total=2, connect=None, read=None, redirect=None, status=None)
2025-07-16 11:31:20,014 - DEBUG - Converted retries value: 2 -> Retry(total=2, connect=None, read=None, redirect=None, status=None)
2025-07-16 11:31:20,053 - DEBUG - Nominatim.geocode: https://nominatim.openstreetmap.org/search?q=South&format=json&limit=1
2025-07-16 11:31:20,053 - DEBUG - Starting new HTTPS connection (1): nominatim.openstreetmap.org:443
2025-07-16 11:31:20,570 - DEBUG - https://nominatim.openstreetmap.org:443 "GET /search?q=South&format=json&limit=1 HTTP/1.1" 200 441
2025-07-16 11:31:20,570 - DEBUG - Nominatim.geocode: https://nominatim.openstreetmap.org/search?q=West&format=json&limit=1
2025-07-16 11:31:21,588 - DEBUG - https://nominatim.openstreetmap.org:443 "GET /search?q=West&format=json&limit=1 HTTP/1.1" 200 448
2025-07-16 11:31:21,588 - DEBUG - Nominatim.geocode: https://nominatim.openstreetmap.org/search?q=East&format=json&limit=1
2025-07-16 11:31:22,587 - DEBUG - https://nominatim.openstreetmap.org:443 "GET /search?q=East&format=json&limit=1 HTTP/1.1" 200 410
2025-07-16 11:31:22,588 - DEBUG - Nominatim.geocode: https://nominatim.openstreetmap.org/search?q=North&format=json&limit=1
2025-07-16 11:31:23,556 - DEBUG - https://nominatim.openstreetmap.org:443 "GET /search?q=North&format=json&limit=1 HTTP/1.1" 200 415
2025-07-16 11:31:23,571 - DEBUG - Nominatim.geocode: https://nominatim.openstreetmap.org/search?q=South&format=json&limit=1
2025-07-16 11:31:24,577 - DEBUG - https://nominatim.openstreetmap.org:443 "GET /search?q=South&format=json&limit=1 HTTP/1.1" 200 441
2025-07-16 11:31:24,579 - DEBUG - Nominatim.geocode: https://nominatim.openstreetmap.org/search?q=West&format=json&limit=1
2025-07-16 11:31:25,572 - DEBUG - https://nominatim.openstreetmap.org:443 "GET /search?q=West&format=json&limit=1 HTTP/1.1" 200 448
2025-07-16 11:31:25,588 - DEBUG - Nominatim.geocode: https://nominatim.openstreetmap.org/search?q=East&format=json&limit=1
2025-07-16 11:31:26,563 - DEBUG - https://nominatim.openstreetmap.org:443 "GET /search?q=East&format=json&limit=1 HTTP/1.1" 200 410
2025-07-16 11:31:26,579 - DEBUG - Nominatim.geocode: https://nominatim.openstreetmap.org/search?q=North&format=json&limit=1
2025-07-16 11:31:27,563 - DEBUG - https://nominatim.openstreetmap.org:443 "GET /search?q=North&format=json&limit=1 HTTP/1.1" 200 415
2025-07-16 11:44:26,092 - INFO - Loading CSV data started.
2025-07-16 11:44:26,092 - INFO - Start reading CSV file: C:/Users/nandu/EDA/DesignAnalyzer/test/finance/sample_sales_data.csv
2025-07-16 11:44:26,129 - INFO - DataFrame shape: (200, 6)
2025-07-16 11:44:26,130 - INFO - Data loaded into input area.
2025-07-16 11:44:26,132 - INFO - End reading CSV file: C:/Users/nandu/EDA/DesignAnalyzer/test/finance/sample_sales_data.csv
2025-07-16 11:44:37,335 - DEBUG - Converted retries value: 2 -> Retry(total=2, connect=None, read=None, redirect=None, status=None)
2025-07-16 11:44:37,335 - DEBUG - Converted retries value: 2 -> Retry(total=2, connect=None, read=None, redirect=None, status=None)
2025-07-16 11:44:37,335 - DEBUG - Nominatim.geocode: https://nominatim.openstreetmap.org/search?q=Tokyo&format=json&limit=1
2025-07-16 11:44:37,348 - DEBUG - Starting new HTTPS connection (1): nominatim.openstreetmap.org:443
2025-07-16 11:44:38,011 - DEBUG - https://nominatim.openstreetmap.org:443 "GET /search?q=Tokyo&format=json&limit=1 HTTP/1.1" 200 422
2025-07-16 11:44:38,011 - DEBUG - Nominatim.geocode: https://nominatim.openstreetmap.org/search?q=Moscow&format=json&limit=1
2025-07-16 11:44:38,929 - DEBUG - https://nominatim.openstreetmap.org:443 "GET /search?q=Moscow&format=json&limit=1 HTTP/1.1" 200 487
2025-07-16 11:44:38,929 - DEBUG - Nominatim.geocode: https://nominatim.openstreetmap.org/search?q=Bangkok&format=json&limit=1
2025-07-16 11:44:39,948 - DEBUG - Incremented Retry for (url='/search?q=Bangkok&format=json&limit=1'): Retry(total=1, connect=None, read=None, redirect=None, status=None)
2025-07-16 11:44:39,948 - WARNING - Retrying (Retry(total=1, connect=None, read=None, redirect=None, status=None)) after connection broken by 'ReadTimeoutError("HTTPSConnectionPool(host='nominatim.openstreetmap.org', port=443): Read timed out. (read timeout=1)")': /search?q=Bangkok&format=json&limit=1
2025-07-16 11:44:39,948 - DEBUG - Starting new HTTPS connection (2): nominatim.openstreetmap.org:443
2025-07-16 11:44:40,953 - DEBUG - https://nominatim.openstreetmap.org:443 "GET /search?q=Bangkok&format=json&limit=1 HTTP/1.1" 200 499
2025-07-16 11:44:40,953 - DEBUG - Nominatim.geocode: https://nominatim.openstreetmap.org/search?q=Mumbai&format=json&limit=1
2025-07-16 11:44:41,980 - DEBUG - Incremented Retry for (url='/search?q=Mumbai&format=json&limit=1'): Retry(total=1, connect=None, read=None, redirect=None, status=None)
2025-07-16 11:44:41,980 - WARNING - Retrying (Retry(total=1, connect=None, read=None, redirect=None, status=None)) after connection broken by 'ReadTimeoutError("HTTPSConnectionPool(host='nominatim.openstreetmap.org', port=443): Read timed out. (read timeout=1)")': /search?q=Mumbai&format=json&limit=1
2025-07-16 11:44:41,989 - DEBUG - Starting new HTTPS connection (3): nominatim.openstreetmap.org:443
2025-07-16 11:44:42,947 - DEBUG - https://nominatim.openstreetmap.org:443 "GET /search?q=Mumbai&format=json&limit=1 HTTP/1.1" 200 442
2025-07-16 11:44:42,951 - DEBUG - Nominatim.geocode: https://nominatim.openstreetmap.org/search?q=Noida&format=json&limit=1
2025-07-16 11:44:43,877 - DEBUG - https://nominatim.openstreetmap.org:443 "GET /search?q=Noida&format=json&limit=1 HTTP/1.1" 200 453
2025-07-16 11:44:43,882 - DEBUG - Nominatim.geocode: https://nominatim.openstreetmap.org/search?q=berlin&format=json&limit=1
2025-07-16 11:44:44,894 - DEBUG - Incremented Retry for (url='/search?q=berlin&format=json&limit=1'): Retry(total=1, connect=None, read=None, redirect=None, status=None)
2025-07-16 11:44:44,899 - WARNING - Retrying (Retry(total=1, connect=None, read=None, redirect=None, status=None)) after connection broken by 'ReadTimeoutError("HTTPSConnectionPool(host='nominatim.openstreetmap.org', port=443): Read timed out. (read timeout=1)")': /search?q=berlin&format=json&limit=1
2025-07-16 11:44:44,906 - DEBUG - Starting new HTTPS connection (4): nominatim.openstreetmap.org:443
2025-07-16 11:44:46,028 - DEBUG - https://nominatim.openstreetmap.org:443 "GET /search?q=berlin&format=json&limit=1 HTTP/1.1" 200 413
2025-07-16 11:44:46,028 - DEBUG - Nominatim.geocode: https://nominatim.openstreetmap.org/search?q=Osaka&format=json&limit=1
2025-07-16 11:44:47,048 - DEBUG - Incremented Retry for (url='/search?q=Osaka&format=json&limit=1'): Retry(total=1, connect=None, read=None, redirect=None, status=None)
2025-07-16 11:44:47,048 - WARNING - Retrying (Retry(total=1, connect=None, read=None, redirect=None, status=None)) after connection broken by 'ReadTimeoutError("HTTPSConnectionPool(host='nominatim.openstreetmap.org', port=443): Read timed out. (read timeout=1)")': /search?q=Osaka&format=json&limit=1
2025-07-16 11:44:47,048 - DEBUG - Starting new HTTPS connection (5): nominatim.openstreetmap.org:443
2025-07-16 11:44:48,216 - DEBUG - https://nominatim.openstreetmap.org:443 "GET /search?q=Osaka&format=json&limit=1 HTTP/1.1" 200 431
2025-07-16 11:44:48,221 - DEBUG - Nominatim.geocode: https://nominatim.openstreetmap.org/search?q=Delhi&format=json&limit=1
2025-07-16 11:44:49,003 - DEBUG - https://nominatim.openstreetmap.org:443 "GET /search?q=Delhi&format=json&limit=1 HTTP/1.1" 200 408
2025-07-16 11:44:49,011 - DEBUG - Nominatim.geocode: https://nominatim.openstreetmap.org/search?q=madrid&format=json&limit=1
2025-07-16 11:44:50,019 - DEBUG - Incremented Retry for (url='/search?q=madrid&format=json&limit=1'): Retry(total=1, connect=None, read=None, redirect=None, status=None)
2025-07-16 11:44:50,023 - WARNING - Retrying (Retry(total=1, connect=None, read=None, redirect=None, status=None)) after connection broken by 'ReadTimeoutError("HTTPSConnectionPool(host='nominatim.openstreetmap.org', port=443): Read timed out. (read timeout=1)")': /search?q=madrid&format=json&limit=1
2025-07-16 11:44:50,027 - DEBUG - Starting new HTTPS connection (6): nominatim.openstreetmap.org:443
2025-07-16 11:44:51,169 - DEBUG - https://nominatim.openstreetmap.org:443 "GET /search?q=madrid&format=json&limit=1 HTTP/1.1" 200 434
2025-07-16 11:44:51,174 - DEBUG - Nominatim.geocode: https://nominatim.openstreetmap.org/search?q=Chennai&format=json&limit=1
2025-07-16 11:44:51,911 - DEBUG - https://nominatim.openstreetmap.org:443 "GET /search?q=Chennai&format=json&limit=1 HTTP/1.1" 200 419
2025-07-16 11:44:51,911 - DEBUG - Nominatim.geocode: https://nominatim.openstreetmap.org/search?q=Kolkata&format=json&limit=1
2025-07-16 11:44:52,862 - DEBUG - https://nominatim.openstreetmap.org:443 "GET /search?q=Kolkata&format=json&limit=1 HTTP/1.1" 200 426
2025-07-16 11:44:52,878 - DEBUG - Nominatim.geocode: https://nominatim.openstreetmap.org/search?q=rome&format=json&limit=1
2025-07-16 11:44:53,893 - DEBUG - Incremented Retry for (url='/search?q=rome&format=json&limit=1'): Retry(total=1, connect=None, read=None, redirect=None, status=None)
2025-07-16 11:44:53,894 - WARNING - Retrying (Retry(total=1, connect=None, read=None, redirect=None, status=None)) after connection broken by 'ReadTimeoutError("HTTPSConnectionPool(host='nominatim.openstreetmap.org', port=443): Read timed out. (read timeout=1)")': /search?q=rome&format=json&limit=1
2025-07-16 11:44:53,906 - DEBUG - Starting new HTTPS connection (7): nominatim.openstreetmap.org:443
2025-07-16 11:44:54,976 - DEBUG - https://nominatim.openstreetmap.org:443 "GET /search?q=rome&format=json&limit=1 HTTP/1.1" 200 427
2025-07-16 11:44:54,993 - DEBUG - Nominatim.geocode: https://nominatim.openstreetmap.org/search?q=New+York&format=json&limit=1
2025-07-16 11:44:56,010 - DEBUG - Incremented Retry for (url='/search?q=New+York&format=json&limit=1'): Retry(total=1, connect=None, read=None, redirect=None, status=None)
2025-07-16 11:44:56,018 - WARNING - Retrying (Retry(total=1, connect=None, read=None, redirect=None, status=None)) after connection broken by 'ReadTimeoutError("HTTPSConnectionPool(host='nominatim.openstreetmap.org', port=443): Read timed out. (read timeout=1)")': /search?q=New+York&format=json&limit=1
2025-07-16 11:44:56,025 - DEBUG - Starting new HTTPS connection (8): nominatim.openstreetmap.org:443
2025-07-16 11:44:57,175 - DEBUG - https://nominatim.openstreetmap.org:443 "GET /search?q=New+York&format=json&limit=1 HTTP/1.1" 200 451
2025-07-16 11:44:57,177 - DEBUG - Nominatim.geocode: https://nominatim.openstreetmap.org/search?q=Beijing&format=json&limit=1
2025-07-16 11:44:58,058 - DEBUG - https://nominatim.openstreetmap.org:443 "GET /search?q=Beijing&format=json&limit=1 HTTP/1.1" 200 420
2025-07-16 11:44:58,058 - DEBUG - Nominatim.geocode: https://nominatim.openstreetmap.org/search?q=Paris&format=json&limit=1
2025-07-16 11:44:59,093 - DEBUG - Incremented Retry for (url='/search?q=Paris&format=json&limit=1'): Retry(total=1, connect=None, read=None, redirect=None, status=None)
2025-07-16 11:44:59,102 - WARNING - Retrying (Retry(total=1, connect=None, read=None, redirect=None, status=None)) after connection broken by 'ReadTimeoutError("HTTPSConnectionPool(host='nominatim.openstreetmap.org', port=443): Read timed out. (read timeout=1)")': /search?q=Paris&format=json&limit=1
2025-07-16 11:44:59,110 - DEBUG - Starting new HTTPS connection (9): nominatim.openstreetmap.org:443
2025-07-16 11:45:00,055 - DEBUG - https://nominatim.openstreetmap.org:443 "GET /search?q=Paris&format=json&limit=1 HTTP/1.1" 200 429
2025-07-16 11:45:00,058 - DEBUG - Nominatim.geocode: https://nominatim.openstreetmap.org/search?q=Bangalore&format=json&limit=1
2025-07-16 11:45:00,878 - DEBUG - https://nominatim.openstreetmap.org:443 "GET /search?q=Bangalore&format=json&limit=1 HTTP/1.1" 200 462
2025-07-16 11:45:00,878 - DEBUG - Nominatim.geocode: https://nominatim.openstreetmap.org/search?q=london&format=json&limit=1
2025-07-16 11:45:01,910 - DEBUG - Incremented Retry for (url='/search?q=london&format=json&limit=1'): Retry(total=1, connect=None, read=None, redirect=None, status=None)
2025-07-16 11:45:01,911 - WARNING - Retrying (Retry(total=1, connect=None, read=None, redirect=None, status=None)) after connection broken by 'ReadTimeoutError("HTTPSConnectionPool(host='nominatim.openstreetmap.org', port=443): Read timed out. (read timeout=1)")': /search?q=london&format=json&limit=1
2025-07-16 11:45:01,923 - DEBUG - Starting new HTTPS connection (10): nominatim.openstreetmap.org:443
2025-07-16 11:45:03,276 - DEBUG - Incremented Retry for (url='/search?q=london&format=json&limit=1'): Retry(total=0, connect=None, read=None, redirect=None, status=None)
2025-07-16 11:45:03,284 - WARNING - Retrying (Retry(total=0, connect=None, read=None, redirect=None, status=None)) after connection broken by 'ReadTimeoutError("HTTPSConnectionPool(host='nominatim.openstreetmap.org', port=443): Read timed out. (read timeout=1)")': /search?q=london&format=json&limit=1
2025-07-16 11:45:03,291 - DEBUG - Starting new HTTPS connection (11): nominatim.openstreetmap.org:443
2025-07-16 11:45:04,227 - DEBUG - https://nominatim.openstreetmap.org:443 "GET /search?q=london&format=json&limit=1 HTTP/1.1" 200 438
2025-07-16 11:45:04,238 - DEBUG - Nominatim.geocode: https://nominatim.openstreetmap.org/search?q=Shanghai&format=json&limit=1
2025-07-16 11:45:05,093 - DEBUG - https://nominatim.openstreetmap.org:443 "GET /search?q=Shanghai&format=json&limit=1 HTTP/1.1" 200 420
2025-07-16 11:45:05,094 - DEBUG - Nominatim.geocode: https://nominatim.openstreetmap.org/search?q=Dallas&format=json&limit=1
2025-07-16 11:45:05,994 - DEBUG - https://nominatim.openstreetmap.org:443 "GET /search?q=Dallas&format=json&limit=1 HTTP/1.1" 200 444
2025-07-16 11:45:05,994 - DEBUG - Nominatim.geocode: https://nominatim.openstreetmap.org/search?q=Tokyo&format=json&limit=1
2025-07-16 11:45:07,025 - DEBUG - Incremented Retry for (url='/search?q=Tokyo&format=json&limit=1'): Retry(total=1, connect=None, read=None, redirect=None, status=None)
2025-07-16 11:45:07,026 - WARNING - Retrying (Retry(total=1, connect=None, read=None, redirect=None, status=None)) after connection broken by 'ReadTimeoutError("HTTPSConnectionPool(host='nominatim.openstreetmap.org', port=443): Read timed out. (read timeout=1)")': /search?q=Tokyo&format=json&limit=1
2025-07-16 11:45:07,034 - DEBUG - Starting new HTTPS connection (12): nominatim.openstreetmap.org:443
2025-07-16 11:45:07,995 - DEBUG - https://nominatim.openstreetmap.org:443 "GET /search?q=Tokyo&format=json&limit=1 HTTP/1.1" 200 422
2025-07-16 11:45:07,995 - DEBUG - Nominatim.geocode: https://nominatim.openstreetmap.org/search?q=Moscow&format=json&limit=1
2025-07-16 11:45:08,959 - DEBUG - https://nominatim.openstreetmap.org:443 "GET /search?q=Moscow&format=json&limit=1 HTTP/1.1" 200 487
2025-07-16 11:45:08,959 - DEBUG - Nominatim.geocode: https://nominatim.openstreetmap.org/search?q=Bangkok&format=json&limit=1
2025-07-16 11:45:09,929 - DEBUG - https://nominatim.openstreetmap.org:443 "GET /search?q=Bangkok&format=json&limit=1 HTTP/1.1" 200 499
2025-07-16 11:45:09,944 - DEBUG - Nominatim.geocode: https://nominatim.openstreetmap.org/search?q=Mumbai&format=json&limit=1
2025-07-16 11:45:10,976 - DEBUG - Incremented Retry for (url='/search?q=Mumbai&format=json&limit=1'): Retry(total=1, connect=None, read=None, redirect=None, status=None)
2025-07-16 11:45:10,978 - WARNING - Retrying (Retry(total=1, connect=None, read=None, redirect=None, status=None)) after connection broken by 'ReadTimeoutError("HTTPSConnectionPool(host='nominatim.openstreetmap.org', port=443): Read timed out. (read timeout=1)")': /search?q=Mumbai&format=json&limit=1
2025-07-16 11:45:10,994 - DEBUG - Starting new HTTPS connection (13): nominatim.openstreetmap.org:443
2025-07-16 11:45:12,061 - DEBUG - https://nominatim.openstreetmap.org:443 "GET /search?q=Mumbai&format=json&limit=1 HTTP/1.1" 200 442
2025-07-16 11:45:12,079 - DEBUG - Nominatim.geocode: https://nominatim.openstreetmap.org/search?q=Noida&format=json&limit=1
2025-07-16 11:45:12,878 - DEBUG - https://nominatim.openstreetmap.org:443 "GET /search?q=Noida&format=json&limit=1 HTTP/1.1" 200 453
2025-07-16 11:45:12,895 - DEBUG - Nominatim.geocode: https://nominatim.openstreetmap.org/search?q=berlin&format=json&limit=1
2025-07-16 11:45:13,926 - DEBUG - Incremented Retry for (url='/search?q=berlin&format=json&limit=1'): Retry(total=1, connect=None, read=None, redirect=None, status=None)
2025-07-16 11:45:13,927 - WARNING - Retrying (Retry(total=1, connect=None, read=None, redirect=None, status=None)) after connection broken by 'ReadTimeoutError("HTTPSConnectionPool(host='nominatim.openstreetmap.org', port=443): Read timed out. (read timeout=1)")': /search?q=berlin&format=json&limit=1
2025-07-16 11:45:13,943 - DEBUG - Starting new HTTPS connection (14): nominatim.openstreetmap.org:443
2025-07-16 11:45:15,063 - DEBUG - https://nominatim.openstreetmap.org:443 "GET /search?q=berlin&format=json&limit=1 HTTP/1.1" 200 413
2025-07-16 11:45:15,076 - DEBUG - Nominatim.geocode: https://nominatim.openstreetmap.org/search?q=Osaka&format=json&limit=1
2025-07-16 11:45:16,093 - DEBUG - Incremented Retry for (url='/search?q=Osaka&format=json&limit=1'): Retry(total=1, connect=None, read=None, redirect=None, status=None)
2025-07-16 11:45:16,094 - WARNING - Retrying (Retry(total=1, connect=None, read=None, redirect=None, status=None)) after connection broken by 'ReadTimeoutError("HTTPSConnectionPool(host='nominatim.openstreetmap.org', port=443): Read timed out. (read timeout=1)")': /search?q=Osaka&format=json&limit=1
2025-07-16 11:45:16,112 - DEBUG - Starting new HTTPS connection (15): nominatim.openstreetmap.org:443
2025-07-16 11:45:17,161 - DEBUG - https://nominatim.openstreetmap.org:443 "GET /search?q=Osaka&format=json&limit=1 HTTP/1.1" 200 431
2025-07-16 11:45:17,169 - DEBUG - Nominatim.geocode: https://nominatim.openstreetmap.org/search?q=Delhi&format=json&limit=1
2025-07-16 11:45:17,994 - DEBUG - https://nominatim.openstreetmap.org:443 "GET /search?q=Delhi&format=json&limit=1 HTTP/1.1" 200 408
2025-07-16 11:45:18,010 - DEBUG - Nominatim.geocode: https://nominatim.openstreetmap.org/search?q=madrid&format=json&limit=1
2025-07-16 11:45:19,026 - DEBUG - Incremented Retry for (url='/search?q=madrid&format=json&limit=1'): Retry(total=1, connect=None, read=None, redirect=None, status=None)
2025-07-16 11:45:19,028 - WARNING - Retrying (Retry(total=1, connect=None, read=None, redirect=None, status=None)) after connection broken by 'ReadTimeoutError("HTTPSConnectionPool(host='nominatim.openstreetmap.org', port=443): Read timed out. (read timeout=1)")': /search?q=madrid&format=json&limit=1
2025-07-16 11:45:19,045 - DEBUG - Starting new HTTPS connection (16): nominatim.openstreetmap.org:443
2025-07-16 11:45:20,101 - DEBUG - https://nominatim.openstreetmap.org:443 "GET /search?q=madrid&format=json&limit=1 HTTP/1.1" 200 434
2025-07-16 11:45:20,107 - DEBUG - Nominatim.geocode: https://nominatim.openstreetmap.org/search?q=Chennai&format=json&limit=1
2025-07-16 11:45:20,944 - DEBUG - https://nominatim.openstreetmap.org:443 "GET /search?q=Chennai&format=json&limit=1 HTTP/1.1" 200 419
2025-07-16 11:45:20,964 - DEBUG - Nominatim.geocode: https://nominatim.openstreetmap.org/search?q=Kolkata&format=json&limit=1
2025-07-16 11:45:21,896 - DEBUG - https://nominatim.openstreetmap.org:443 "GET /search?q=Kolkata&format=json&limit=1 HTTP/1.1" 200 426
2025-07-16 11:45:21,896 - DEBUG - Nominatim.geocode: https://nominatim.openstreetmap.org/search?q=rome&format=json&limit=1
2025-07-16 11:45:22,927 - DEBUG - Incremented Retry for (url='/search?q=rome&format=json&limit=1'): Retry(total=1, connect=None, read=None, redirect=None, status=None)
2025-07-16 11:45:22,928 - WARNING - Retrying (Retry(total=1, connect=None, read=None, redirect=None, status=None)) after connection broken by 'ReadTimeoutError("HTTPSConnectionPool(host='nominatim.openstreetmap.org', port=443): Read timed out. (read timeout=1)")': /search?q=rome&format=json&limit=1
2025-07-16 11:45:22,947 - DEBUG - Starting new HTTPS connection (17): nominatim.openstreetmap.org:443
2025-07-16 11:45:24,015 - DEBUG - https://nominatim.openstreetmap.org:443 "GET /search?q=rome&format=json&limit=1 HTTP/1.1" 200 427
2025-07-16 11:45:24,025 - DEBUG - Nominatim.geocode: https://nominatim.openstreetmap.org/search?q=New+York&format=json&limit=1
2025-07-16 11:45:25,036 - DEBUG - Incremented Retry for (url='/search?q=New+York&format=json&limit=1'): Retry(total=1, connect=None, read=None, redirect=None, status=None)
2025-07-16 11:45:25,036 - WARNING - Retrying (Retry(total=1, connect=None, read=None, redirect=None, status=None)) after connection broken by 'ReadTimeoutError("HTTPSConnectionPool(host='nominatim.openstreetmap.org', port=443): Read timed out. (read timeout=1)")': /search?q=New+York&format=json&limit=1
2025-07-16 11:45:25,057 - DEBUG - Starting new HTTPS connection (18): nominatim.openstreetmap.org:443
2025-07-16 11:45:26,139 - DEBUG - https://nominatim.openstreetmap.org:443 "GET /search?q=New+York&format=json&limit=1 HTTP/1.1" 200 451
2025-07-16 11:45:26,143 - DEBUG - Nominatim.geocode: https://nominatim.openstreetmap.org/search?q=Beijing&format=json&limit=1
2025-07-16 11:45:27,060 - DEBUG - https://nominatim.openstreetmap.org:443 "GET /search?q=Beijing&format=json&limit=1 HTTP/1.1" 200 420
2025-07-16 11:45:27,060 - DEBUG - Nominatim.geocode: https://nominatim.openstreetmap.org/search?q=Paris&format=json&limit=1
2025-07-16 11:45:28,088 - DEBUG - Incremented Retry for (url='/search?q=Paris&format=json&limit=1'): Retry(total=1, connect=None, read=None, redirect=None, status=None)
2025-07-16 11:45:28,094 - WARNING - Retrying (Retry(total=1, connect=None, read=None, redirect=None, status=None)) after connection broken by 'ReadTimeoutError("HTTPSConnectionPool(host='nominatim.openstreetmap.org', port=443): Read timed out. (read timeout=1)")': /search?q=Paris&format=json&limit=1
2025-07-16 11:45:28,113 - DEBUG - Starting new HTTPS connection (19): nominatim.openstreetmap.org:443
2025-07-16 11:45:29,261 - DEBUG - https://nominatim.openstreetmap.org:443 "GET /search?q=Paris&format=json&limit=1 HTTP/1.1" 200 429
2025-07-16 11:45:29,278 - DEBUG - Nominatim.geocode: https://nominatim.openstreetmap.org/search?q=Bangalore&format=json&limit=1
2025-07-16 11:45:29,878 - DEBUG - https://nominatim.openstreetmap.org:443 "GET /search?q=Bangalore&format=json&limit=1 HTTP/1.1" 200 462
2025-07-16 11:45:29,898 - DEBUG - Nominatim.geocode: https://nominatim.openstreetmap.org/search?q=london&format=json&limit=1
2025-07-16 11:45:30,911 - DEBUG - Incremented Retry for (url='/search?q=london&format=json&limit=1'): Retry(total=1, connect=None, read=None, redirect=None, status=None)
2025-07-16 11:45:30,911 - WARNING - Retrying (Retry(total=1, connect=None, read=None, redirect=None, status=None)) after connection broken by 'ReadTimeoutError("HTTPSConnectionPool(host='nominatim.openstreetmap.org', port=443): Read timed out. (read timeout=1)")': /search?q=london&format=json&limit=1
2025-07-16 11:45:30,931 - DEBUG - Starting new HTTPS connection (20): nominatim.openstreetmap.org:443
2025-07-16 11:45:32,078 - DEBUG - https://nominatim.openstreetmap.org:443 "GET /search?q=london&format=json&limit=1 HTTP/1.1" 200 438
2025-07-16 11:45:32,093 - DEBUG - Nominatim.geocode: https://nominatim.openstreetmap.org/search?q=Shanghai&format=json&limit=1
2025-07-16 11:45:32,996 - DEBUG - https://nominatim.openstreetmap.org:443 "GET /search?q=Shanghai&format=json&limit=1 HTTP/1.1" 200 420
2025-07-16 11:45:33,008 - DEBUG - Nominatim.geocode: https://nominatim.openstreetmap.org/search?q=Dallas&format=json&limit=1
2025-07-16 11:45:33,946 - DEBUG - https://nominatim.openstreetmap.org:443 "GET /search?q=Dallas&format=json&limit=1 HTTP/1.1" 200 444
2025-07-16 15:42:24,670 - INFO - Loading CSV data started.
2025-07-16 15:42:24,680 - INFO - Start reading CSV file: C:/Users/nandu/EDA/DesignAnalyzer/test/finance/sample_sales_data.csv
2025-07-16 15:42:24,687 - INFO - DataFrame shape: (200, 6)
2025-07-16 15:42:24,687 - INFO - Data loaded into input area.
2025-07-16 15:42:24,691 - INFO - End reading CSV file: C:/Users/nandu/EDA/DesignAnalyzer/test/finance/sample_sales_data.csv
2025-07-16 15:42:38,305 - DEBUG - Converted retries value: 2 -> Retry(total=2, connect=None, read=None, redirect=None, status=None)
2025-07-16 15:42:38,305 - DEBUG - Converted retries value: 2 -> Retry(total=2, connect=None, read=None, redirect=None, status=None)
2025-07-16 15:42:38,350 - DEBUG - Nominatim.geocode: https://nominatim.openstreetmap.org/search?q=Tokyo&format=json&limit=1
2025-07-16 15:42:38,358 - DEBUG - Starting new HTTPS connection (1): nominatim.openstreetmap.org:443
2025-07-16 15:42:39,094 - DEBUG - https://nominatim.openstreetmap.org:443 "GET /search?q=Tokyo&format=json&limit=1 HTTP/1.1" 200 422
2025-07-16 15:42:39,094 - DEBUG - Nominatim.geocode: https://nominatim.openstreetmap.org/search?q=Moscow&format=json&limit=1
2025-07-16 15:42:40,122 - DEBUG - Incremented Retry for (url='/search?q=Moscow&format=json&limit=1'): Retry(total=1, connect=None, read=None, redirect=None, status=None)
2025-07-16 15:42:40,122 - WARNING - Retrying (Retry(total=1, connect=None, read=None, redirect=None, status=None)) after connection broken by 'ReadTimeoutError("HTTPSConnectionPool(host='nominatim.openstreetmap.org', port=443): Read timed out. (read timeout=1)")': /search?q=Moscow&format=json&limit=1
2025-07-16 15:42:40,122 - DEBUG - Starting new HTTPS connection (2): nominatim.openstreetmap.org:443
2025-07-16 15:42:41,044 - DEBUG - https://nominatim.openstreetmap.org:443 "GET /search?q=Moscow&format=json&limit=1 HTTP/1.1" 200 487
2025-07-16 15:42:41,044 - DEBUG - Nominatim.geocode: https://nominatim.openstreetmap.org/search?q=Bangkok&format=json&limit=1
2025-07-16 15:42:42,053 - DEBUG - https://nominatim.openstreetmap.org:443 "GET /search?q=Bangkok&format=json&limit=1 HTTP/1.1" 200 499
2025-07-16 15:42:42,053 - DEBUG - Nominatim.geocode: https://nominatim.openstreetmap.org/search?q=Mumbai&format=json&limit=1
2025-07-16 15:42:43,042 - DEBUG - https://nominatim.openstreetmap.org:443 "GET /search?q=Mumbai&format=json&limit=1 HTTP/1.1" 200 442
2025-07-16 15:42:43,057 - DEBUG - Nominatim.geocode: https://nominatim.openstreetmap.org/search?q=Noida&format=json&limit=1
2025-07-16 15:42:44,007 - DEBUG - https://nominatim.openstreetmap.org:443 "GET /search?q=Noida&format=json&limit=1 HTTP/1.1" 200 453
2025-07-16 15:42:44,009 - DEBUG - Nominatim.geocode: https://nominatim.openstreetmap.org/search?q=berlin&format=json&limit=1
2025-07-16 15:42:45,030 - DEBUG - Incremented Retry for (url='/search?q=berlin&format=json&limit=1'): Retry(total=1, connect=None, read=None, redirect=None, status=None)
2025-07-16 15:42:45,030 - WARNING - Retrying (Retry(total=1, connect=None, read=None, redirect=None, status=None)) after connection broken by 'ReadTimeoutError("HTTPSConnectionPool(host='nominatim.openstreetmap.org', port=443): Read timed out. (read timeout=1)")': /search?q=berlin&format=json&limit=1
2025-07-16 15:42:45,030 - DEBUG - Starting new HTTPS connection (3): nominatim.openstreetmap.org:443
2025-07-16 15:42:46,275 - DEBUG - https://nominatim.openstreetmap.org:443 "GET /search?q=berlin&format=json&limit=1 HTTP/1.1" 200 413
2025-07-16 15:42:46,277 - DEBUG - Nominatim.geocode: https://nominatim.openstreetmap.org/search?q=Osaka&format=json&limit=1
2025-07-16 15:42:47,196 - DEBUG - https://nominatim.openstreetmap.org:443 "GET /search?q=Osaka&format=json&limit=1 HTTP/1.1" 200 431
2025-07-16 15:42:47,200 - DEBUG - Nominatim.geocode: https://nominatim.openstreetmap.org/search?q=Delhi&format=json&limit=1
2025-07-16 15:42:48,042 - DEBUG - https://nominatim.openstreetmap.org:443 "GET /search?q=Delhi&format=json&limit=1 HTTP/1.1" 200 408
2025-07-16 15:42:48,042 - DEBUG - Nominatim.geocode: https://nominatim.openstreetmap.org/search?q=madrid&format=json&limit=1
2025-07-16 15:42:49,060 - DEBUG - Incremented Retry for (url='/search?q=madrid&format=json&limit=1'): Retry(total=1, connect=None, read=None, redirect=None, status=None)
2025-07-16 15:42:49,064 - WARNING - Retrying (Retry(total=1, connect=None, read=None, redirect=None, status=None)) after connection broken by 'ReadTimeoutError("HTTPSConnectionPool(host='nominatim.openstreetmap.org', port=443): Read timed out. (read timeout=1)")': /search?q=madrid&format=json&limit=1
2025-07-16 15:42:49,075 - DEBUG - Starting new HTTPS connection (4): nominatim.openstreetmap.org:443
2025-07-16 15:42:50,174 - DEBUG - https://nominatim.openstreetmap.org:443 "GET /search?q=madrid&format=json&limit=1 HTTP/1.1" 200 434
2025-07-16 15:42:50,174 - DEBUG - Nominatim.geocode: https://nominatim.openstreetmap.org/search?q=Chennai&format=json&limit=1
2025-07-16 15:42:51,029 - DEBUG - https://nominatim.openstreetmap.org:443 "GET /search?q=Chennai&format=json&limit=1 HTTP/1.1" 200 419
2025-07-16 15:42:51,031 - DEBUG - Nominatim.geocode: https://nominatim.openstreetmap.org/search?q=Kolkata&format=json&limit=1
2025-07-16 15:42:52,040 - DEBUG - Incremented Retry for (url='/search?q=Kolkata&format=json&limit=1'): Retry(total=1, connect=None, read=None, redirect=None, status=None)
2025-07-16 15:42:52,043 - WARNING - Retrying (Retry(total=1, connect=None, read=None, redirect=None, status=None)) after connection broken by 'ReadTimeoutError("HTTPSConnectionPool(host='nominatim.openstreetmap.org', port=443): Read timed out. (read timeout=1)")': /search?q=Kolkata&format=json&limit=1
2025-07-16 15:42:52,049 - DEBUG - Starting new HTTPS connection (5): nominatim.openstreetmap.org:443
2025-07-16 15:42:52,989 - DEBUG - https://nominatim.openstreetmap.org:443 "GET /search?q=Kolkata&format=json&limit=1 HTTP/1.1" 200 426
2025-07-16 15:42:52,994 - DEBUG - Nominatim.geocode: https://nominatim.openstreetmap.org/search?q=rome&format=json&limit=1
2025-07-16 15:42:54,003 - DEBUG - Incremented Retry for (url='/search?q=rome&format=json&limit=1'): Retry(total=1, connect=None, read=None, redirect=None, status=None)
2025-07-16 15:42:54,007 - WARNING - Retrying (Retry(total=1, connect=None, read=None, redirect=None, status=None)) after connection broken by 'ReadTimeoutError("HTTPSConnectionPool(host='nominatim.openstreetmap.org', port=443): Read timed out. (read timeout=1)")': /search?q=rome&format=json&limit=1
2025-07-16 15:42:54,012 - DEBUG - Starting new HTTPS connection (6): nominatim.openstreetmap.org:443
2025-07-16 15:42:55,079 - DEBUG - https://nominatim.openstreetmap.org:443 "GET /search?q=rome&format=json&limit=1 HTTP/1.1" 200 427
2025-07-16 15:42:55,079 - DEBUG - Nominatim.geocode: https://nominatim.openstreetmap.org/search?q=New+York&format=json&limit=1
2025-07-16 15:42:56,089 - DEBUG - Incremented Retry for (url='/search?q=New+York&format=json&limit=1'): Retry(total=1, connect=None, read=None, redirect=None, status=None)
2025-07-16 15:42:56,093 - WARNING - Retrying (Retry(total=1, connect=None, read=None, redirect=None, status=None)) after connection broken by 'ReadTimeoutError("HTTPSConnectionPool(host='nominatim.openstreetmap.org', port=443): Read timed out. (read timeout=1)")': /search?q=New+York&format=json&limit=1
2025-07-16 15:42:56,098 - DEBUG - Starting new HTTPS connection (7): nominatim.openstreetmap.org:443
2025-07-16 15:42:57,327 - DEBUG - https://nominatim.openstreetmap.org:443 "GET /search?q=New+York&format=json&limit=1 HTTP/1.1" 200 451
2025-07-16 15:42:57,337 - DEBUG - Nominatim.geocode: https://nominatim.openstreetmap.org/search?q=Beijing&format=json&limit=1
2025-07-16 15:42:58,151 - DEBUG - https://nominatim.openstreetmap.org:443 "GET /search?q=Beijing&format=json&limit=1 HTTP/1.1" 200 420
2025-07-16 15:42:58,151 - DEBUG - Nominatim.geocode: https://nominatim.openstreetmap.org/search?q=Paris&format=json&limit=1
2025-07-16 15:42:59,171 - DEBUG - Incremented Retry for (url='/search?q=Paris&format=json&limit=1'): Retry(total=1, connect=None, read=None, redirect=None, status=None)
2025-07-16 15:42:59,179 - WARNING - Retrying (Retry(total=1, connect=None, read=None, redirect=None, status=None)) after connection broken by 'ReadTimeoutError("HTTPSConnectionPool(host='nominatim.openstreetmap.org', port=443): Read timed out. (read timeout=1)")': /search?q=Paris&format=json&limit=1
2025-07-16 15:42:59,187 - DEBUG - Starting new HTTPS connection (8): nominatim.openstreetmap.org:443
2025-07-16 15:43:00,296 - DEBUG - https://nominatim.openstreetmap.org:443 "GET /search?q=Paris&format=json&limit=1 HTTP/1.1" 200 429
2025-07-16 15:43:00,296 - DEBUG - Nominatim.geocode: https://nominatim.openstreetmap.org/search?q=Bangalore&format=json&limit=1
2025-07-16 15:43:01,123 - DEBUG - https://nominatim.openstreetmap.org:443 "GET /search?q=Bangalore&format=json&limit=1 HTTP/1.1" 200 462
2025-07-16 15:43:01,126 - DEBUG - Nominatim.geocode: https://nominatim.openstreetmap.org/search?q=london&format=json&limit=1
2025-07-16 15:43:02,136 - DEBUG - Incremented Retry for (url='/search?q=london&format=json&limit=1'): Retry(total=1, connect=None, read=None, redirect=None, status=None)
2025-07-16 15:43:02,139 - WARNING - Retrying (Retry(total=1, connect=None, read=None, redirect=None, status=None)) after connection broken by 'ReadTimeoutError("HTTPSConnectionPool(host='nominatim.openstreetmap.org', port=443): Read timed out. (read timeout=1)")': /search?q=london&format=json&limit=1
2025-07-16 15:43:02,144 - DEBUG - Starting new HTTPS connection (9): nominatim.openstreetmap.org:443
2025-07-16 15:43:03,170 - DEBUG - https://nominatim.openstreetmap.org:443 "GET /search?q=london&format=json&limit=1 HTTP/1.1" 200 429
2025-07-16 15:43:03,176 - DEBUG - Nominatim.geocode: https://nominatim.openstreetmap.org/search?q=Shanghai&format=json&limit=1
2025-07-16 15:43:04,192 - DEBUG - Incremented Retry for (url='/search?q=Shanghai&format=json&limit=1'): Retry(total=1, connect=None, read=None, redirect=None, status=None)
2025-07-16 15:43:04,192 - WARNING - Retrying (Retry(total=1, connect=None, read=None, redirect=None, status=None)) after connection broken by 'ReadTimeoutError("HTTPSConnectionPool(host='nominatim.openstreetmap.org', port=443): Read timed out. (read timeout=1)")': /search?q=Shanghai&format=json&limit=1
2025-07-16 15:43:04,206 - DEBUG - Starting new HTTPS connection (10): nominatim.openstreetmap.org:443
2025-07-16 15:43:05,572 - DEBUG - Incremented Retry for (url='/search?q=Shanghai&format=json&limit=1'): Retry(total=0, connect=None, read=None, redirect=None, status=None)
2025-07-16 15:43:05,572 - WARNING - Retrying (Retry(total=0, connect=None, read=None, redirect=None, status=None)) after connection broken by 'ReadTimeoutError("HTTPSConnectionPool(host='nominatim.openstreetmap.org', port=443): Read timed out. (read timeout=1)")': /search?q=Shanghai&format=json&limit=1
2025-07-16 15:43:05,589 - DEBUG - Starting new HTTPS connection (11): nominatim.openstreetmap.org:443
2025-07-16 15:43:06,357 - DEBUG - https://nominatim.openstreetmap.org:443 "GET /search?q=Shanghai&format=json&limit=1 HTTP/1.1" 200 420
2025-07-16 15:43:06,365 - DEBUG - Nominatim.geocode: https://nominatim.openstreetmap.org/search?q=Dallas&format=json&limit=1
2025-07-16 15:43:07,368 - DEBUG - https://nominatim.openstreetmap.org:443 "GET /search?q=Dallas&format=json&limit=1 HTTP/1.1" 200 444
2025-07-16 15:43:07,376 - DEBUG - Nominatim.geocode: https://nominatim.openstreetmap.org/search?q=Tokyo&format=json&limit=1
2025-07-16 15:43:08,339 - DEBUG - https://nominatim.openstreetmap.org:443 "GET /search?q=Tokyo&format=json&limit=1 HTTP/1.1" 200 422
2025-07-16 15:43:08,357 - DEBUG - Nominatim.geocode: https://nominatim.openstreetmap.org/search?q=Moscow&format=json&limit=1
2025-07-16 15:43:09,282 - DEBUG - https://nominatim.openstreetmap.org:443 "GET /search?q=Moscow&format=json&limit=1 HTTP/1.1" 200 487
2025-07-16 15:43:09,298 - DEBUG - Nominatim.geocode: https://nominatim.openstreetmap.org/search?q=Bangkok&format=json&limit=1
2025-07-16 15:43:10,307 - DEBUG - Incremented Retry for (url='/search?q=Bangkok&format=json&limit=1'): Retry(total=1, connect=None, read=None, redirect=None, status=None)
2025-07-16 15:43:10,307 - WARNING - Retrying (Retry(total=1, connect=None, read=None, redirect=None, status=None)) after connection broken by 'ReadTimeoutError("HTTPSConnectionPool(host='nominatim.openstreetmap.org', port=443): Read timed out. (read timeout=1)")': /search?q=Bangkok&format=json&limit=1
2025-07-16 15:43:10,323 - DEBUG - Starting new HTTPS connection (12): nominatim.openstreetmap.org:443
2025-07-16 15:43:11,294 - DEBUG - https://nominatim.openstreetmap.org:443 "GET /search?q=Bangkok&format=json&limit=1 HTTP/1.1" 200 499
2025-07-16 15:43:11,294 - DEBUG - Nominatim.geocode: https://nominatim.openstreetmap.org/search?q=Mumbai&format=json&limit=1
2025-07-16 15:43:12,315 - DEBUG - Incremented Retry for (url='/search?q=Mumbai&format=json&limit=1'): Retry(total=1, connect=None, read=None, redirect=None, status=None)
2025-07-16 15:43:12,316 - WARNING - Retrying (Retry(total=1, connect=None, read=None, redirect=None, status=None)) after connection broken by 'ReadTimeoutError("HTTPSConnectionPool(host='nominatim.openstreetmap.org', port=443): Read timed out. (read timeout=1)")': /search?q=Mumbai&format=json&limit=1
2025-07-16 15:43:12,316 - DEBUG - Starting new HTTPS connection (13): nominatim.openstreetmap.org:443
2025-07-16 15:43:13,299 - DEBUG - https://nominatim.openstreetmap.org:443 "GET /search?q=Mumbai&format=json&limit=1 HTTP/1.1" 200 442
2025-07-16 15:43:13,316 - DEBUG - Nominatim.geocode: https://nominatim.openstreetmap.org/search?q=Noida&format=json&limit=1
2025-07-16 15:43:14,293 - DEBUG - https://nominatim.openstreetmap.org:443 "GET /search?q=Noida&format=json&limit=1 HTTP/1.1" 200 453
2025-07-16 15:43:14,308 - DEBUG - Nominatim.geocode: https://nominatim.openstreetmap.org/search?q=berlin&format=json&limit=1
2025-07-16 15:43:15,321 - DEBUG - Incremented Retry for (url='/search?q=berlin&format=json&limit=1'): Retry(total=1, connect=None, read=None, redirect=None, status=None)
2025-07-16 15:43:15,321 - WARNING - Retrying (Retry(total=1, connect=None, read=None, redirect=None, status=None)) after connection broken by 'ReadTimeoutError("HTTPSConnectionPool(host='nominatim.openstreetmap.org', port=443): Read timed out. (read timeout=1)")': /search?q=berlin&format=json&limit=1
2025-07-16 15:43:15,345 - DEBUG - Starting new HTTPS connection (14): nominatim.openstreetmap.org:443
2025-07-16 15:43:16,415 - DEBUG - https://nominatim.openstreetmap.org:443 "GET /search?q=berlin&format=json&limit=1 HTTP/1.1" 200 413
2025-07-16 15:43:16,435 - DEBUG - Nominatim.geocode: https://nominatim.openstreetmap.org/search?q=Osaka&format=json&limit=1
2025-07-16 15:43:17,397 - DEBUG - https://nominatim.openstreetmap.org:443 "GET /search?q=Osaka&format=json&limit=1 HTTP/1.1" 200 431
2025-07-16 15:43:17,410 - DEBUG - Nominatim.geocode: https://nominatim.openstreetmap.org/search?q=Delhi&format=json&limit=1
2025-07-16 15:43:18,311 - DEBUG - https://nominatim.openstreetmap.org:443 "GET /search?q=Delhi&format=json&limit=1 HTTP/1.1" 200 408
2025-07-16 15:43:18,327 - DEBUG - Nominatim.geocode: https://nominatim.openstreetmap.org/search?q=madrid&format=json&limit=1
2025-07-16 15:43:19,354 - DEBUG - Incremented Retry for (url='/search?q=madrid&format=json&limit=1'): Retry(total=1, connect=None, read=None, redirect=None, status=None)
2025-07-16 15:43:19,354 - WARNING - Retrying (Retry(total=1, connect=None, read=None, redirect=None, status=None)) after connection broken by 'ReadTimeoutError("HTTPSConnectionPool(host='nominatim.openstreetmap.org', port=443): Read timed out. (read timeout=1)")': /search?q=madrid&format=json&limit=1
2025-07-16 15:43:19,377 - DEBUG - Starting new HTTPS connection (15): nominatim.openstreetmap.org:443
2025-07-16 15:43:20,409 - DEBUG - https://nominatim.openstreetmap.org:443 "GET /search?q=madrid&format=json&limit=1 HTTP/1.1" 200 434
2025-07-16 15:43:20,409 - DEBUG - Nominatim.geocode: https://nominatim.openstreetmap.org/search?q=Chennai&format=json&limit=1
2025-07-16 15:43:21,278 - DEBUG - https://nominatim.openstreetmap.org:443 "GET /search?q=Chennai&format=json&limit=1 HTTP/1.1" 200 419
2025-07-16 15:43:21,284 - DEBUG - Nominatim.geocode: https://nominatim.openstreetmap.org/search?q=Kolkata&format=json&limit=1
2025-07-16 15:43:22,264 - DEBUG - https://nominatim.openstreetmap.org:443 "GET /search?q=Kolkata&format=json&limit=1 HTTP/1.1" 200 426
2025-07-16 15:43:22,264 - DEBUG - Nominatim.geocode: https://nominatim.openstreetmap.org/search?q=rome&format=json&limit=1
2025-07-16 15:43:23,289 - DEBUG - Incremented Retry for (url='/search?q=rome&format=json&limit=1'): Retry(total=1, connect=None, read=None, redirect=None, status=None)
2025-07-16 15:43:23,289 - WARNING - Retrying (Retry(total=1, connect=None, read=None, redirect=None, status=None)) after connection broken by 'ReadTimeoutError("HTTPSConnectionPool(host='nominatim.openstreetmap.org', port=443): Read timed out. (read timeout=1)")': /search?q=rome&format=json&limit=1
2025-07-16 15:43:23,311 - DEBUG - Starting new HTTPS connection (16): nominatim.openstreetmap.org:443
2025-07-16 15:43:24,368 - DEBUG - https://nominatim.openstreetmap.org:443 "GET /search?q=rome&format=json&limit=1 HTTP/1.1" 200 427
2025-07-16 15:43:24,368 - DEBUG - Nominatim.geocode: https://nominatim.openstreetmap.org/search?q=New+York&format=json&limit=1
2025-07-16 15:43:25,398 - DEBUG - Incremented Retry for (url='/search?q=New+York&format=json&limit=1'): Retry(total=1, connect=None, read=None, redirect=None, status=None)
2025-07-16 15:43:25,400 - WARNING - Retrying (Retry(total=1, connect=None, read=None, redirect=None, status=None)) after connection broken by 'ReadTimeoutError("HTTPSConnectionPool(host='nominatim.openstreetmap.org', port=443): Read timed out. (read timeout=1)")': /search?q=New+York&format=json&limit=1
2025-07-16 15:43:25,412 - DEBUG - Starting new HTTPS connection (17): nominatim.openstreetmap.org:443
2025-07-16 15:43:26,505 - DEBUG - https://nominatim.openstreetmap.org:443 "GET /search?q=New+York&format=json&limit=1 HTTP/1.1" 200 451
2025-07-16 15:43:26,523 - DEBUG - Nominatim.geocode: https://nominatim.openstreetmap.org/search?q=Beijing&format=json&limit=1
2025-07-16 15:43:27,434 - DEBUG - https://nominatim.openstreetmap.org:443 "GET /search?q=Beijing&format=json&limit=1 HTTP/1.1" 200 420
2025-07-16 15:43:27,441 - DEBUG - Nominatim.geocode: https://nominatim.openstreetmap.org/search?q=Paris&format=json&limit=1
2025-07-16 15:43:28,465 - DEBUG - Incremented Retry for (url='/search?q=Paris&format=json&limit=1'): Retry(total=1, connect=None, read=None, redirect=None, status=None)
2025-07-16 15:43:28,474 - WARNING - Retrying (Retry(total=1, connect=None, read=None, redirect=None, status=None)) after connection broken by 'ReadTimeoutError("HTTPSConnectionPool(host='nominatim.openstreetmap.org', port=443): Read timed out. (read timeout=1)")': /search?q=Paris&format=json&limit=1
2025-07-16 15:43:28,479 - DEBUG - Starting new HTTPS connection (18): nominatim.openstreetmap.org:443
2025-07-16 15:43:29,588 - DEBUG - https://nominatim.openstreetmap.org:443 "GET /search?q=Paris&format=json&limit=1 HTTP/1.1" 200 429
2025-07-16 15:43:29,588 - DEBUG - Nominatim.geocode: https://nominatim.openstreetmap.org/search?q=Bangalore&format=json&limit=1
2025-07-16 15:43:30,300 - DEBUG - https://nominatim.openstreetmap.org:443 "GET /search?q=Bangalore&format=json&limit=1 HTTP/1.1" 200 462
2025-07-16 15:43:30,317 - DEBUG - Nominatim.geocode: https://nominatim.openstreetmap.org/search?q=london&format=json&limit=1
2025-07-16 15:43:31,326 - DEBUG - Incremented Retry for (url='/search?q=london&format=json&limit=1'): Retry(total=1, connect=None, read=None, redirect=None, status=None)
2025-07-16 15:43:31,336 - WARNING - Retrying (Retry(total=1, connect=None, read=None, redirect=None, status=None)) after connection broken by 'ReadTimeoutError("HTTPSConnectionPool(host='nominatim.openstreetmap.org', port=443): Read timed out. (read timeout=1)")': /search?q=london&format=json&limit=1
2025-07-16 15:43:31,358 - DEBUG - Starting new HTTPS connection (19): nominatim.openstreetmap.org:443
2025-07-16 15:43:32,445 - DEBUG - https://nominatim.openstreetmap.org:443 "GET /search?q=london&format=json&limit=1 HTTP/1.1" 200 429
2025-07-16 15:43:32,461 - DEBUG - Nominatim.geocode: https://nominatim.openstreetmap.org/search?q=Shanghai&format=json&limit=1
2025-07-16 15:43:33,371 - DEBUG - https://nominatim.openstreetmap.org:443 "GET /search?q=Shanghai&format=json&limit=1 HTTP/1.1" 200 420
2025-07-16 15:43:33,378 - DEBUG - Nominatim.geocode: https://nominatim.openstreetmap.org/search?q=Dallas&format=json&limit=1
2025-07-16 15:43:34,336 - DEBUG - https://nominatim.openstreetmap.org:443 "GET /search?q=Dallas&format=json&limit=1 HTTP/1.1" 200 444
2025-07-16 16:22:01,902 - INFO - Loading CSV data started.
2025-07-16 16:22:01,909 - INFO - Start reading CSV file: C:/Users/nandu/EDA/DesignAnalyzer/test/finance/sample_sales_data.csv
2025-07-16 16:22:01,914 - INFO - DataFrame shape: (200, 6)
2025-07-16 16:22:01,916 - INFO - Data loaded into input area.
2025-07-16 16:22:01,916 - INFO - End reading CSV file: C:/Users/nandu/EDA/DesignAnalyzer/test/finance/sample_sales_data.csv
2025-07-16 16:22:15,360 - DEBUG - Converted retries value: 2 -> Retry(total=2, connect=None, read=None, redirect=None, status=None)
2025-07-16 16:22:15,361 - DEBUG - Converted retries value: 2 -> Retry(total=2, connect=None, read=None, redirect=None, status=None)
2025-07-16 16:22:15,391 - DEBUG - Nominatim.geocode: https://nominatim.openstreetmap.org/search?q=Tokyo&format=json&limit=1
2025-07-16 16:22:15,393 - DEBUG - Starting new HTTPS connection (1): nominatim.openstreetmap.org:443
2025-07-16 16:22:16,157 - DEBUG - https://nominatim.openstreetmap.org:443 "GET /search?q=Tokyo&format=json&limit=1 HTTP/1.1" 200 422
2025-07-16 16:22:16,161 - DEBUG - Nominatim.geocode: https://nominatim.openstreetmap.org/search?q=Moscow&format=json&limit=1
2025-07-16 16:22:17,015 - DEBUG - https://nominatim.openstreetmap.org:443 "GET /search?q=Moscow&format=json&limit=1 HTTP/1.1" 200 487
2025-07-16 16:22:17,015 - DEBUG - Nominatim.geocode: https://nominatim.openstreetmap.org/search?q=Bangkok&format=json&limit=1
2025-07-16 16:22:18,031 - DEBUG - Incremented Retry for (url='/search?q=Bangkok&format=json&limit=1'): Retry(total=1, connect=None, read=None, redirect=None, status=None)
2025-07-16 16:22:18,032 - WARNING - Retrying (Retry(total=1, connect=None, read=None, redirect=None, status=None)) after connection broken by 'ReadTimeoutError("HTTPSConnectionPool(host='nominatim.openstreetmap.org', port=443): Read timed out. (read timeout=1)")': /search?q=Bangkok&format=json&limit=1
2025-07-16 16:22:18,033 - DEBUG - Starting new HTTPS connection (2): nominatim.openstreetmap.org:443
2025-07-16 16:22:19,014 - DEBUG - https://nominatim.openstreetmap.org:443 "GET /search?q=Bangkok&format=json&limit=1 HTTP/1.1" 200 499
2025-07-16 16:22:19,032 - DEBUG - Nominatim.geocode: https://nominatim.openstreetmap.org/search?q=Mumbai&format=json&limit=1
2025-07-16 16:22:20,043 - DEBUG - https://nominatim.openstreetmap.org:443 "GET /search?q=Mumbai&format=json&limit=1 HTTP/1.1" 200 442
2025-07-16 16:22:20,046 - DEBUG - Nominatim.geocode: https://nominatim.openstreetmap.org/search?q=Noida&format=json&limit=1
2025-07-16 16:22:20,978 - DEBUG - https://nominatim.openstreetmap.org:443 "GET /search?q=Noida&format=json&limit=1 HTTP/1.1" 200 453
2025-07-16 16:22:20,981 - DEBUG - Nominatim.geocode: https://nominatim.openstreetmap.org/search?q=berlin&format=json&limit=1
2025-07-16 16:22:21,994 - DEBUG - Incremented Retry for (url='/search?q=berlin&format=json&limit=1'): Retry(total=1, connect=None, read=None, redirect=None, status=None)
2025-07-16 16:22:21,996 - WARNING - Retrying (Retry(total=1, connect=None, read=None, redirect=None, status=None)) after connection broken by 'ReadTimeoutError("HTTPSConnectionPool(host='nominatim.openstreetmap.org', port=443): Read timed out. (read timeout=1)")': /search?q=berlin&format=json&limit=1
2025-07-16 16:22:21,998 - DEBUG - Starting new HTTPS connection (3): nominatim.openstreetmap.org:443
2025-07-16 16:22:23,161 - DEBUG - https://nominatim.openstreetmap.org:443 "GET /search?q=berlin&format=json&limit=1 HTTP/1.1" 200 413
2025-07-16 16:22:23,167 - DEBUG - Nominatim.geocode: https://nominatim.openstreetmap.org/search?q=Osaka&format=json&limit=1
2025-07-16 16:22:24,112 - DEBUG - https://nominatim.openstreetmap.org:443 "GET /search?q=Osaka&format=json&limit=1 HTTP/1.1" 200 431
2025-07-16 16:22:24,116 - DEBUG - Nominatim.geocode: https://nominatim.openstreetmap.org/search?q=Delhi&format=json&limit=1
2025-07-16 16:22:25,076 - DEBUG - https://nominatim.openstreetmap.org:443 "GET /search?q=Delhi&format=json&limit=1 HTTP/1.1" 200 408
2025-07-16 16:22:25,081 - DEBUG - Nominatim.geocode: https://nominatim.openstreetmap.org/search?q=madrid&format=json&limit=1
2025-07-16 16:22:26,094 - DEBUG - Incremented Retry for (url='/search?q=madrid&format=json&limit=1'): Retry(total=1, connect=None, read=None, redirect=None, status=None)
2025-07-16 16:22:26,097 - WARNING - Retrying (Retry(total=1, connect=None, read=None, redirect=None, status=None)) after connection broken by 'ReadTimeoutError("HTTPSConnectionPool(host='nominatim.openstreetmap.org', port=443): Read timed out. (read timeout=1)")': /search?q=madrid&format=json&limit=1
2025-07-16 16:22:26,100 - DEBUG - Starting new HTTPS connection (4): nominatim.openstreetmap.org:443
2025-07-16 16:22:27,149 - DEBUG - https://nominatim.openstreetmap.org:443 "GET /search?q=madrid&format=json&limit=1 HTTP/1.1" 200 434
2025-07-16 16:22:27,154 - DEBUG - Nominatim.geocode: https://nominatim.openstreetmap.org/search?q=Chennai&format=json&limit=1
2025-07-16 16:22:28,037 - DEBUG - https://nominatim.openstreetmap.org:443 "GET /search?q=Chennai&format=json&limit=1 HTTP/1.1" 200 419
2025-07-16 16:22:28,040 - DEBUG - Nominatim.geocode: https://nominatim.openstreetmap.org/search?q=Kolkata&format=json&limit=1
2025-07-16 16:22:28,985 - DEBUG - https://nominatim.openstreetmap.org:443 "GET /search?q=Kolkata&format=json&limit=1 HTTP/1.1" 200 426
2025-07-16 16:22:28,990 - DEBUG - Nominatim.geocode: https://nominatim.openstreetmap.org/search?q=rome&format=json&limit=1
2025-07-16 16:22:30,002 - DEBUG - Incremented Retry for (url='/search?q=rome&format=json&limit=1'): Retry(total=1, connect=None, read=None, redirect=None, status=None)
2025-07-16 16:22:30,008 - WARNING - Retrying (Retry(total=1, connect=None, read=None, redirect=None, status=None)) after connection broken by 'ReadTimeoutError("HTTPSConnectionPool(host='nominatim.openstreetmap.org', port=443): Read timed out. (read timeout=1)")': /search?q=rome&format=json&limit=1
2025-07-16 16:22:30,016 - DEBUG - Starting new HTTPS connection (5): nominatim.openstreetmap.org:443
2025-07-16 16:22:31,030 - DEBUG - https://nominatim.openstreetmap.org:443 "GET /search?q=rome&format=json&limit=1 HTTP/1.1" 200 427
2025-07-16 16:22:31,032 - DEBUG - Nominatim.geocode: https://nominatim.openstreetmap.org/search?q=New+York&format=json&limit=1
2025-07-16 16:22:32,046 - DEBUG - Incremented Retry for (url='/search?q=New+York&format=json&limit=1'): Retry(total=1, connect=None, read=None, redirect=None, status=None)
2025-07-16 16:22:32,052 - WARNING - Retrying (Retry(total=1, connect=None, read=None, redirect=None, status=None)) after connection broken by 'ReadTimeoutError("HTTPSConnectionPool(host='nominatim.openstreetmap.org', port=443): Read timed out. (read timeout=1)")': /search?q=New+York&format=json&limit=1
2025-07-16 16:22:32,053 - DEBUG - Starting new HTTPS connection (6): nominatim.openstreetmap.org:443
2025-07-16 16:22:33,250 - DEBUG - https://nominatim.openstreetmap.org:443 "GET /search?q=New+York&format=json&limit=1 HTTP/1.1" 200 451
2025-07-16 16:22:33,256 - DEBUG - Nominatim.geocode: https://nominatim.openstreetmap.org/search?q=Beijing&format=json&limit=1
2025-07-16 16:22:34,140 - DEBUG - https://nominatim.openstreetmap.org:443 "GET /search?q=Beijing&format=json&limit=1 HTTP/1.1" 200 420
2025-07-16 16:22:34,140 - DEBUG - Nominatim.geocode: https://nominatim.openstreetmap.org/search?q=Paris&format=json&limit=1
2025-07-16 16:22:35,162 - DEBUG - Incremented Retry for (url='/search?q=Paris&format=json&limit=1'): Retry(total=1, connect=None, read=None, redirect=None, status=None)
2025-07-16 16:22:35,165 - WARNING - Retrying (Retry(total=1, connect=None, read=None, redirect=None, status=None)) after connection broken by 'ReadTimeoutError("HTTPSConnectionPool(host='nominatim.openstreetmap.org', port=443): Read timed out. (read timeout=1)")': /search?q=Paris&format=json&limit=1
2025-07-16 16:22:35,167 - DEBUG - Starting new HTTPS connection (7): nominatim.openstreetmap.org:443
2025-07-16 16:22:36,290 - DEBUG - https://nominatim.openstreetmap.org:443 "GET /search?q=Paris&format=json&limit=1 HTTP/1.1" 200 444
2025-07-16 16:22:36,297 - DEBUG - Nominatim.geocode: https://nominatim.openstreetmap.org/search?q=Bangalore&format=json&limit=1
2025-07-16 16:22:36,996 - DEBUG - https://nominatim.openstreetmap.org:443 "GET /search?q=Bangalore&format=json&limit=1 HTTP/1.1" 200 462
2025-07-16 16:22:37,003 - DEBUG - Nominatim.geocode: https://nominatim.openstreetmap.org/search?q=london&format=json&limit=1
2025-07-16 16:22:38,028 - DEBUG - Incremented Retry for (url='/search?q=london&format=json&limit=1'): Retry(total=1, connect=None, read=None, redirect=None, status=None)
2025-07-16 16:22:38,031 - WARNING - Retrying (Retry(total=1, connect=None, read=None, redirect=None, status=None)) after connection broken by 'ReadTimeoutError("HTTPSConnectionPool(host='nominatim.openstreetmap.org', port=443): Read timed out. (read timeout=1)")': /search?q=london&format=json&limit=1
2025-07-16 16:22:38,033 - DEBUG - Starting new HTTPS connection (8): nominatim.openstreetmap.org:443
2025-07-16 16:22:39,194 - DEBUG - https://nominatim.openstreetmap.org:443 "GET /search?q=london&format=json&limit=1 HTTP/1.1" 200 429
2025-07-16 16:22:39,198 - DEBUG - Nominatim.geocode: https://nominatim.openstreetmap.org/search?q=Shanghai&format=json&limit=1
2025-07-16 16:22:40,090 - DEBUG - https://nominatim.openstreetmap.org:443 "GET /search?q=Shanghai&format=json&limit=1 HTTP/1.1" 200 420
2025-07-16 16:22:40,097 - DEBUG - Nominatim.geocode: https://nominatim.openstreetmap.org/search?q=Dallas&format=json&limit=1
2025-07-16 16:22:41,103 - DEBUG - Incremented Retry for (url='/search?q=Dallas&format=json&limit=1'): Retry(total=1, connect=None, read=None, redirect=None, status=None)
2025-07-16 16:22:41,110 - WARNING - Retrying (Retry(total=1, connect=None, read=None, redirect=None, status=None)) after connection broken by 'ReadTimeoutError("HTTPSConnectionPool(host='nominatim.openstreetmap.org', port=443): Read timed out. (read timeout=1)")': /search?q=Dallas&format=json&limit=1
2025-07-16 16:22:41,116 - DEBUG - Starting new HTTPS connection (9): nominatim.openstreetmap.org:443
2025-07-16 16:22:42,038 - DEBUG - https://nominatim.openstreetmap.org:443 "GET /search?q=Dallas&format=json&limit=1 HTTP/1.1" 200 444
2025-07-16 16:22:42,047 - DEBUG - Nominatim.geocode: https://nominatim.openstreetmap.org/search?q=Tokyo&format=json&limit=1
2025-07-16 16:22:43,061 - DEBUG - Incremented Retry for (url='/search?q=Tokyo&format=json&limit=1'): Retry(total=1, connect=None, read=None, redirect=None, status=None)
2025-07-16 16:22:43,070 - WARNING - Retrying (Retry(total=1, connect=None, read=None, redirect=None, status=None)) after connection broken by 'ReadTimeoutError("HTTPSConnectionPool(host='nominatim.openstreetmap.org', port=443): Read timed out. (read timeout=1)")': /search?q=Tokyo&format=json&limit=1
2025-07-16 16:22:43,082 - DEBUG - Starting new HTTPS connection (10): nominatim.openstreetmap.org:443
2025-07-16 16:22:44,081 - DEBUG - https://nominatim.openstreetmap.org:443 "GET /search?q=Tokyo&format=json&limit=1 HTTP/1.1" 200 422
2025-07-16 16:22:44,086 - DEBUG - Nominatim.geocode: https://nominatim.openstreetmap.org/search?q=Moscow&format=json&limit=1
2025-07-16 16:22:45,015 - DEBUG - https://nominatim.openstreetmap.org:443 "GET /search?q=Moscow&format=json&limit=1 HTTP/1.1" 200 487
2025-07-16 16:22:45,034 - DEBUG - Nominatim.geocode: https://nominatim.openstreetmap.org/search?q=Bangkok&format=json&limit=1
2025-07-16 16:22:46,046 - DEBUG - Incremented Retry for (url='/search?q=Bangkok&format=json&limit=1'): Retry(total=1, connect=None, read=None, redirect=None, status=None)
2025-07-16 16:22:46,055 - WARNING - Retrying (Retry(total=1, connect=None, read=None, redirect=None, status=None)) after connection broken by 'ReadTimeoutError("HTTPSConnectionPool(host='nominatim.openstreetmap.org', port=443): Read timed out. (read timeout=1)")': /search?q=Bangkok&format=json&limit=1
2025-07-16 16:22:46,061 - DEBUG - Starting new HTTPS connection (11): nominatim.openstreetmap.org:443
2025-07-16 16:22:47,032 - DEBUG - https://nominatim.openstreetmap.org:443 "GET /search?q=Bangkok&format=json&limit=1 HTTP/1.1" 200 499
2025-07-16 16:22:47,041 - DEBUG - Nominatim.geocode: https://nominatim.openstreetmap.org/search?q=Mumbai&format=json&limit=1
2025-07-16 16:22:48,031 - DEBUG - https://nominatim.openstreetmap.org:443 "GET /search?q=Mumbai&format=json&limit=1 HTTP/1.1" 200 442
2025-07-16 16:22:48,041 - DEBUG - Nominatim.geocode: https://nominatim.openstreetmap.org/search?q=Noida&format=json&limit=1
2025-07-16 16:22:49,001 - DEBUG - https://nominatim.openstreetmap.org:443 "GET /search?q=Noida&format=json&limit=1 HTTP/1.1" 200 453
2025-07-16 16:22:49,010 - DEBUG - Nominatim.geocode: https://nominatim.openstreetmap.org/search?q=berlin&format=json&limit=1
2025-07-16 16:22:50,030 - DEBUG - Incremented Retry for (url='/search?q=berlin&format=json&limit=1'): Retry(total=1, connect=None, read=None, redirect=None, status=None)
2025-07-16 16:22:50,040 - WARNING - Retrying (Retry(total=1, connect=None, read=None, redirect=None, status=None)) after connection broken by 'ReadTimeoutError("HTTPSConnectionPool(host='nominatim.openstreetmap.org', port=443): Read timed out. (read timeout=1)")': /search?q=berlin&format=json&limit=1
2025-07-16 16:22:50,053 - DEBUG - Starting new HTTPS connection (12): nominatim.openstreetmap.org:443
2025-07-16 16:22:51,153 - DEBUG - https://nominatim.openstreetmap.org:443 "GET /search?q=berlin&format=json&limit=1 HTTP/1.1" 200 413
2025-07-16 16:22:51,163 - DEBUG - Nominatim.geocode: https://nominatim.openstreetmap.org/search?q=Osaka&format=json&limit=1
2025-07-16 16:22:52,154 - DEBUG - https://nominatim.openstreetmap.org:443 "GET /search?q=Osaka&format=json&limit=1 HTTP/1.1" 200 431
2025-07-16 16:22:52,157 - DEBUG - Nominatim.geocode: https://nominatim.openstreetmap.org/search?q=Delhi&format=json&limit=1
2025-07-16 16:22:53,047 - DEBUG - https://nominatim.openstreetmap.org:443 "GET /search?q=Delhi&format=json&limit=1 HTTP/1.1" 200 408
2025-07-16 16:22:53,056 - DEBUG - Nominatim.geocode: https://nominatim.openstreetmap.org/search?q=madrid&format=json&limit=1
2025-07-16 16:22:54,072 - DEBUG - Incremented Retry for (url='/search?q=madrid&format=json&limit=1'): Retry(total=1, connect=None, read=None, redirect=None, status=None)
2025-07-16 16:22:54,079 - WARNING - Retrying (Retry(total=1, connect=None, read=None, redirect=None, status=None)) after connection broken by 'ReadTimeoutError("HTTPSConnectionPool(host='nominatim.openstreetmap.org', port=443): Read timed out. (read timeout=1)")': /search?q=madrid&format=json&limit=1
2025-07-16 16:22:54,082 - DEBUG - Starting new HTTPS connection (13): nominatim.openstreetmap.org:443
2025-07-16 16:22:55,156 - DEBUG - https://nominatim.openstreetmap.org:443 "GET /search?q=madrid&format=json&limit=1 HTTP/1.1" 200 434
2025-07-16 16:22:55,167 - DEBUG - Nominatim.geocode: https://nominatim.openstreetmap.org/search?q=Chennai&format=json&limit=1
2025-07-16 16:22:56,032 - DEBUG - https://nominatim.openstreetmap.org:443 "GET /search?q=Chennai&format=json&limit=1 HTTP/1.1" 200 419
2025-07-16 16:22:56,040 - DEBUG - Nominatim.geocode: https://nominatim.openstreetmap.org/search?q=Kolkata&format=json&limit=1
2025-07-16 16:22:56,990 - DEBUG - https://nominatim.openstreetmap.org:443 "GET /search?q=Kolkata&format=json&limit=1 HTTP/1.1" 200 426
2025-07-16 16:22:56,995 - DEBUG - Nominatim.geocode: https://nominatim.openstreetmap.org/search?q=rome&format=json&limit=1
2025-07-16 16:22:58,007 - DEBUG - Incremented Retry for (url='/search?q=rome&format=json&limit=1'): Retry(total=1, connect=None, read=None, redirect=None, status=None)
2025-07-16 16:22:58,015 - WARNING - Retrying (Retry(total=1, connect=None, read=None, redirect=None, status=None)) after connection broken by 'ReadTimeoutError("HTTPSConnectionPool(host='nominatim.openstreetmap.org', port=443): Read timed out. (read timeout=1)")': /search?q=rome&format=json&limit=1
2025-07-16 16:22:58,025 - DEBUG - Starting new HTTPS connection (14): nominatim.openstreetmap.org:443
2025-07-16 16:22:59,056 - DEBUG - https://nominatim.openstreetmap.org:443 "GET /search?q=rome&format=json&limit=1 HTTP/1.1" 200 427
2025-07-16 16:22:59,062 - DEBUG - Nominatim.geocode: https://nominatim.openstreetmap.org/search?q=New+York&format=json&limit=1
2025-07-16 16:23:00,077 - DEBUG - Incremented Retry for (url='/search?q=New+York&format=json&limit=1'): Retry(total=1, connect=None, read=None, redirect=None, status=None)
2025-07-16 16:23:00,084 - WARNING - Retrying (Retry(total=1, connect=None, read=None, redirect=None, status=None)) after connection broken by 'ReadTimeoutError("HTTPSConnectionPool(host='nominatim.openstreetmap.org', port=443): Read timed out. (read timeout=1)")': /search?q=New+York&format=json&limit=1
2025-07-16 16:23:00,089 - DEBUG - Starting new HTTPS connection (15): nominatim.openstreetmap.org:443
2025-07-16 16:23:01,461 - DEBUG - Incremented Retry for (url='/search?q=New+York&format=json&limit=1'): Retry(total=0, connect=None, read=None, redirect=None, status=None)
2025-07-16 16:23:01,474 - WARNING - Retrying (Retry(total=0, connect=None, read=None, redirect=None, status=None)) after connection broken by 'ReadTimeoutError("HTTPSConnectionPool(host='nominatim.openstreetmap.org', port=443): Read timed out. (read timeout=1)")': /search?q=New+York&format=json&limit=1
2025-07-16 16:23:01,480 - DEBUG - Starting new HTTPS connection (16): nominatim.openstreetmap.org:443
2025-07-16 16:23:02,294 - DEBUG - https://nominatim.openstreetmap.org:443 "GET /search?q=New+York&format=json&limit=1 HTTP/1.1" 200 451
2025-07-16 16:23:02,305 - DEBUG - Nominatim.geocode: https://nominatim.openstreetmap.org/search?q=Beijing&format=json&limit=1
2025-07-16 16:23:03,195 - DEBUG - https://nominatim.openstreetmap.org:443 "GET /search?q=Beijing&format=json&limit=1 HTTP/1.1" 200 420
2025-07-16 16:23:03,204 - DEBUG - Nominatim.geocode: https://nominatim.openstreetmap.org/search?q=Paris&format=json&limit=1
2025-07-16 16:23:04,231 - DEBUG - Incremented Retry for (url='/search?q=Paris&format=json&limit=1'): Retry(total=1, connect=None, read=None, redirect=None, status=None)
2025-07-16 16:23:04,242 - WARNING - Retrying (Retry(total=1, connect=None, read=None, redirect=None, status=None)) after connection broken by 'ReadTimeoutError("HTTPSConnectionPool(host='nominatim.openstreetmap.org', port=443): Read timed out. (read timeout=1)")': /search?q=Paris&format=json&limit=1
2025-07-16 16:23:04,248 - DEBUG - Starting new HTTPS connection (17): nominatim.openstreetmap.org:443
2025-07-16 16:23:05,336 - DEBUG - https://nominatim.openstreetmap.org:443 "GET /search?q=Paris&format=json&limit=1 HTTP/1.1" 200 444
2025-07-16 16:23:05,345 - DEBUG - Nominatim.geocode: https://nominatim.openstreetmap.org/search?q=Bangalore&format=json&limit=1
2025-07-16 16:23:06,043 - DEBUG - https://nominatim.openstreetmap.org:443 "GET /search?q=Bangalore&format=json&limit=1 HTTP/1.1" 200 462
2025-07-16 16:23:06,053 - DEBUG - Nominatim.geocode: https://nominatim.openstreetmap.org/search?q=london&format=json&limit=1
2025-07-16 16:23:07,071 - DEBUG - Incremented Retry for (url='/search?q=london&format=json&limit=1'): Retry(total=1, connect=None, read=None, redirect=None, status=None)
2025-07-16 16:23:07,078 - WARNING - Retrying (Retry(total=1, connect=None, read=None, redirect=None, status=None)) after connection broken by 'ReadTimeoutError("HTTPSConnectionPool(host='nominatim.openstreetmap.org', port=443): Read timed out. (read timeout=1)")': /search?q=london&format=json&limit=1
2025-07-16 16:23:07,084 - DEBUG - Starting new HTTPS connection (18): nominatim.openstreetmap.org:443
2025-07-16 16:23:08,245 - DEBUG - https://nominatim.openstreetmap.org:443 "GET /search?q=london&format=json&limit=1 HTTP/1.1" 200 429
2025-07-16 16:23:08,250 - DEBUG - Nominatim.geocode: https://nominatim.openstreetmap.org/search?q=Shanghai&format=json&limit=1
2025-07-16 16:23:09,153 - DEBUG - https://nominatim.openstreetmap.org:443 "GET /search?q=Shanghai&format=json&limit=1 HTTP/1.1" 200 420
2025-07-16 16:23:09,163 - DEBUG - Nominatim.geocode: https://nominatim.openstreetmap.org/search?q=Dallas&format=json&limit=1
2025-07-16 16:23:10,095 - DEBUG - https://nominatim.openstreetmap.org:443 "GET /search?q=Dallas&format=json&limit=1 HTTP/1.1" 200 444
2025-07-18 11:36:42,855 - INFO - Loading CSV data started.
2025-07-18 11:36:42,863 - INFO - Start reading CSV file: C:/Users/nandu/EDA/DesignAnalyzer/test/finance/sample_sales_data.csv
2025-07-18 11:36:42,879 - INFO - DataFrame shape: (200, 6)
2025-07-18 11:36:42,879 - INFO - Data loaded into input area.
2025-07-18 11:36:42,879 - INFO - End reading CSV file: C:/Users/nandu/EDA/DesignAnalyzer/test/finance/sample_sales_data.csv
2025-07-18 11:42:18,019 - INFO - Loading CSV data started.
2025-07-18 11:42:18,027 - INFO - Start reading CSV file: C:/Users/nandu/EDA/DesignAnalyzer/test/finance/sample_sales_data.csv
2025-07-18 11:42:18,038 - INFO - DataFrame shape: (200, 6)
2025-07-18 11:42:18,045 - INFO - Data loaded into input area.
2025-07-18 11:42:18,045 - INFO - End reading CSV file: C:/Users/nandu/EDA/DesignAnalyzer/test/finance/sample_sales_data.csv
2025-07-18 11:43:27,488 - INFO - Loading CSV data started.
2025-07-18 11:43:27,496 - INFO - Start reading CSV file: C:/Users/nandu/EDA/DesignAnalyzer/test/finance/sample_sales_data.csv
2025-07-18 11:43:27,496 - INFO - DataFrame shape: (200, 6)
2025-07-18 11:43:27,504 - INFO - Data loaded into input area.
2025-07-18 11:43:27,504 - INFO - End reading CSV file: C:/Users/nandu/EDA/DesignAnalyzer/test/finance/sample_sales_data.csv
2025-07-18 11:45:19,878 - INFO - Loading CSV data started.
2025-07-18 11:45:19,881 - INFO - Start reading CSV file: C:/Users/nandu/EDA/DesignAnalyzer/test/finance/sample_sales_data.csv
2025-07-18 11:45:19,886 - INFO - DataFrame shape: (200, 6)
2025-07-18 11:45:19,889 - INFO - Data loaded into input area.
2025-07-18 11:45:19,889 - INFO - End reading CSV file: C:/Users/nandu/EDA/DesignAnalyzer/test/finance/sample_sales_data.csv
2025-07-18 11:48:01,804 - INFO - Loading CSV data started.
2025-07-18 11:48:01,806 - INFO - Start reading CSV file: C:/Users/nandu/EDA/DesignAnalyzer/test/finance/sample_sales_data.csv
2025-07-18 11:48:01,811 - INFO - DataFrame shape: (200, 6)
2025-07-18 11:48:01,815 - INFO - Data loaded into input area.
2025-07-18 11:48:01,815 - INFO - End reading CSV file: C:/Users/nandu/EDA/DesignAnalyzer/test/finance/sample_sales_data.csv
2025-07-18 11:51:32,955 - INFO - Loading CSV data started.
2025-07-18 11:51:32,961 - INFO - Start reading CSV file: C:/Users/nandu/EDA/DesignAnalyzer/test/finance/sample_sales_data.csv
2025-07-18 11:51:32,961 - INFO - DataFrame shape: (200, 6)
2025-07-18 11:51:32,961 - INFO - Data loaded into input area.
2025-07-18 11:51:32,969 - INFO - End reading CSV file: C:/Users/nandu/EDA/DesignAnalyzer/test/finance/sample_sales_data.csv
2025-07-18 11:53:37,944 - INFO - Loading CSV data started.
2025-07-18 11:53:37,944 - INFO - Start reading CSV file: C:/Users/nandu/EDA/DesignAnalyzer/test/finance/sample_sales_data.csv
2025-07-18 11:53:37,953 - INFO - DataFrame shape: (200, 6)
2025-07-18 11:53:37,953 - INFO - Data loaded into input area.
2025-07-18 11:53:37,953 - INFO - End reading CSV file: C:/Users/nandu/EDA/DesignAnalyzer/test/finance/sample_sales_data.csv
2025-07-18 11:57:40,566 - INFO - Loading CSV data started.
2025-07-18 11:57:40,569 - INFO - Start reading CSV file: C:/Users/nandu/EDA/DesignAnalyzer/test/finance/sample_sales_data.csv
2025-07-18 11:57:40,577 - INFO - DataFrame shape: (200, 6)
2025-07-18 11:57:40,577 - INFO - Data loaded into input area.
2025-07-18 11:57:40,577 - INFO - End reading CSV file: C:/Users/nandu/EDA/DesignAnalyzer/test/finance/sample_sales_data.csv
2025-07-18 12:01:55,920 - INFO - Loading CSV data started.
2025-07-18 12:01:55,920 - INFO - Start reading CSV file: C:/Users/nandu/EDA/DesignAnalyzer/test/finance/sample_sales_data.csv
2025-07-18 12:01:55,928 - INFO - DataFrame shape: (200, 6)
2025-07-18 12:01:55,928 - INFO - Data loaded into input area.
2025-07-18 12:01:55,928 - INFO - End reading CSV file: C:/Users/nandu/EDA/DesignAnalyzer/test/finance/sample_sales_data.csv
2025-07-18 12:03:15,728 - INFO - Loading CSV data started.
2025-07-18 12:03:15,732 - INFO - Start reading CSV file: C:/Users/nandu/EDA/DesignAnalyzer/test/finance/sample_sales_data.csv
2025-07-18 12:03:15,738 - INFO - DataFrame shape: (200, 6)
2025-07-18 12:03:15,740 - INFO - Data loaded into input area.
2025-07-18 12:03:15,741 - INFO - End reading CSV file: C:/Users/nandu/EDA/DesignAnalyzer/test/finance/sample_sales_data.csv
2025-07-18 12:04:02,973 - INFO - Loading CSV data started.
2025-07-18 12:04:02,977 - INFO - Start reading CSV file: C:/Users/nandu/EDA/DesignAnalyzer/test/finance/sample_sales_data.csv
2025-07-18 12:04:02,977 - INFO - DataFrame shape: (200, 6)
2025-07-18 12:04:02,985 - INFO - Data loaded into input area.
2025-07-18 12:04:02,985 - INFO - End reading CSV file: C:/Users/nandu/EDA/DesignAnalyzer/test/finance/sample_sales_data.csv
2025-07-18 12:39:20,699 - INFO - Loading CSV data started.
2025-07-18 12:39:20,707 - INFO - Start reading CSV file: C:/Users/nandu/EDA/DesignAnalyzer/test/finance/sample_sales_data.csv
2025-07-18 12:39:20,715 - INFO - DataFrame shape: (200, 6)
2025-07-18 12:39:20,716 - INFO - Data loaded into input area.
2025-07-18 12:39:20,717 - INFO - End reading CSV file: C:/Users/nandu/EDA/DesignAnalyzer/test/finance/sample_sales_data.csv
2025-07-18 12:40:41,342 - INFO - Loading CSV data started.
2025-07-18 12:40:55,080 - INFO - Loading CSV data started.
2025-07-18 12:40:55,080 - INFO - Start reading CSV file: C:/Users/nandu/EDA/DesignAnalyzer/test/finance/sample_sales_data.csv
2025-07-18 12:40:55,088 - INFO - DataFrame shape: (200, 6)
2025-07-18 12:40:55,088 - INFO - Data loaded into input area.
2025-07-18 12:40:55,088 - INFO - End reading CSV file: C:/Users/nandu/EDA/DesignAnalyzer/test/finance/sample_sales_data.csv
2025-07-18 15:46:22,977 - INFO - Loading CSV data started.
2025-07-18 15:46:22,977 - INFO - Start reading CSV file: C:/Users/nandu/EDA/DesignAnalyzer/test/finance/dataset_2025-06-30T14_46_31.332969317Z_DEFAULT_INTEGRATION_IMF.RES_WEO_6.0.0.csv
2025-07-18 15:46:23,225 - INFO - DataFrame shape: (10288, 106)
2025-07-18 15:46:23,225 - INFO - Data loaded into input area.
2025-07-18 15:46:23,232 - INFO - End reading CSV file: C:/Users/nandu/EDA/DesignAnalyzer/test/finance/dataset_2025-06-30T14_46_31.332969317Z_DEFAULT_INTEGRATION_IMF.RES_WEO_6.0.0.csv
2025-07-18 15:49:42,806 - INFO - Loading CSV data started.
2025-07-18 15:49:42,806 - INFO - Start reading CSV file: C:/Users/nandu/EDA/DesignAnalyzer/test/finance/dataset_2025-06-30T14_46_31.332969317Z_DEFAULT_INTEGRATION_IMF.RES_WEO_6.0.0.csv
2025-07-18 15:49:43,008 - INFO - DataFrame shape: (10288, 106)
2025-07-18 15:49:43,008 - INFO - Data loaded into input area.
2025-07-18 15:49:43,008 - INFO - End reading CSV file: C:/Users/nandu/EDA/DesignAnalyzer/test/finance/dataset_2025-06-30T14_46_31.332969317Z_DEFAULT_INTEGRATION_IMF.RES_WEO_6.0.0.csv
2025-07-18 16:58:18,851 - INFO - Loading CSV data started.
2025-07-18 16:58:18,858 - INFO - Start reading CSV file: C:/Users/nandu/EDA/DesignAnalyzer/test/finance/sample_sales_data.csv
2025-07-18 16:58:18,867 - INFO - DataFrame shape: (200, 6)
2025-07-18 16:58:18,867 - INFO - Data loaded into input area.
2025-07-18 16:58:18,867 - INFO - End reading CSV file: C:/Users/nandu/EDA/DesignAnalyzer/test/finance/sample_sales_data.csv
2025-07-19 08:51:34,486 - INFO - Start reading CSV file: C:/Users/nandu/EDA/DesignAnalyzer/test/finance/sample_sales_data.csv
2025-07-19 08:51:34,517 - INFO - DataFrame shape: (200, 6)
2025-07-19 08:51:34,518 - INFO - Data loaded into input area.
2025-07-19 08:51:34,520 - INFO - End reading CSV file: C:/Users/nandu/EDA/DesignAnalyzer/test/finance/sample_sales_data.csv
2025-07-19 08:55:29,302 - INFO - DataFrame shape: (200, 6)
2025-07-19 08:55:29,302 - INFO - Data loaded into input area.
2025-07-19 08:56:29,991 - INFO - DataFrame shape: (200, 6)
2025-07-19 08:56:29,991 - INFO - Data loaded into input area.
2025-07-19 09:02:45,829 - INFO - DataFrame shape: (200, 6)
2025-07-19 09:02:45,829 - INFO - Data loaded into input area.
2025-07-19 09:12:45,610 - INFO - Start reading CSV file: C:/Users/nandu/EDA/DesignAnalyzer/test/finance/sample_sales_data.csv
2025-07-19 09:12:45,626 - INFO - DataFrame shape: (200, 6)
2025-07-19 09:12:45,630 - INFO - Data loaded into input area.
2025-07-19 09:12:45,631 - INFO - End reading CSV file: C:/Users/nandu/EDA/DesignAnalyzer/test/finance/sample_sales_data.csv
2025-07-19 09:14:08,206 - INFO - Start reading CSV file: C:/Users/nandu/EDA/DesignAnalyzer/test/finance/sample_sales_data.csv
2025-07-19 09:14:08,230 - INFO - DataFrame shape: (200, 6)
2025-07-19 09:14:08,235 - INFO - Data loaded into input area.
2025-07-19 09:14:08,235 - INFO - End reading CSV file: C:/Users/nandu/EDA/DesignAnalyzer/test/finance/sample_sales_data.csv
2025-07-19 09:14:57,371 - INFO - Start reading CSV file: C:/Users/nandu/EDA/DesignAnalyzer/test/finance/sample_sales_data.csv
2025-07-19 09:14:57,390 - INFO - DataFrame shape: (200, 6)
2025-07-19 09:14:57,391 - INFO - Data loaded into input area.
2025-07-19 09:14:57,391 - INFO - End reading CSV file: C:/Users/nandu/EDA/DesignAnalyzer/test/finance/sample_sales_data.csv
2025-07-19 09:17:51,985 - INFO - Start reading CSV file: C:/Users/nandu/EDA/DesignAnalyzer/test/finance/sample_sales_data.csv
2025-07-19 09:17:51,994 - INFO - DataFrame shape: (200, 6)
2025-07-19 09:17:51,994 - INFO - Data loaded into input area.
2025-07-19 09:17:51,998 - INFO - End reading CSV file: C:/Users/nandu/EDA/DesignAnalyzer/test/finance/sample_sales_data.csv
2025-07-19 09:30:15,319 - INFO - Start reading CSV file: C:/Users/nandu/EDA/DesignAnalyzer/test/finance/sample_sales_data.csv
2025-07-19 09:30:15,339 - INFO - DataFrame shape: (200, 6)
2025-07-19 09:30:15,342 - INFO - Data loaded into input area.
2025-07-19 09:30:15,343 - INFO - End reading CSV file: C:/Users/nandu/EDA/DesignAnalyzer/test/finance/sample_sales_data.csv
2025-07-19 09:30:33,331 - INFO - Start reading CSV file: C:/Users/nandu/EDA/DesignAnalyzer/test/finance/sample_sales_data.csv
2025-07-19 09:30:33,343 - INFO - DataFrame shape: (200, 6)
2025-07-19 09:30:33,346 - INFO - Data loaded into input area.
2025-07-19 09:30:33,348 - INFO - End reading CSV file: C:/Users/nandu/EDA/DesignAnalyzer/test/finance/sample_sales_data.csv
2025-07-19 09:33:34,302 - INFO - Start reading CSV file: C:/Users/nandu/EDA/DesignAnalyzer/test/finance/sample_sales_data.csv
2025-07-19 09:33:34,310 - INFO - DataFrame shape: (200, 6)
2025-07-19 09:33:34,310 - INFO - Data loaded into input area.
2025-07-19 09:33:34,310 - INFO - End reading CSV file: C:/Users/nandu/EDA/DesignAnalyzer/test/finance/sample_sales_data.csv
2025-07-19 09:33:46,954 - INFO - Start reading CSV file: C:/Users/nandu/EDA/DesignAnalyzer/test/finance/sample_sales_data.csv
2025-07-19 09:33:46,969 - INFO - DataFrame shape: (200, 6)
2025-07-19 09:33:46,969 - INFO - Data loaded into input area.
2025-07-19 09:33:46,969 - INFO - End reading CSV file: C:/Users/nandu/EDA/DesignAnalyzer/test/finance/sample_sales_data.csv
2025-07-19 09:33:53,736 - INFO - Start reading CSV file: C:/Users/nandu/EDA/DesignAnalyzer/test/finance/sample_sales_data.csv
2025-07-19 09:33:53,747 - INFO - DataFrame shape: (200, 6)
2025-07-19 09:33:53,752 - INFO - Data loaded into input area.
2025-07-19 09:33:53,752 - INFO - End reading CSV file: C:/Users/nandu/EDA/DesignAnalyzer/test/finance/sample_sales_data.csv
2025-07-19 09:52:26,301 - INFO - DataFrame shape: (200, 6)
2025-07-19 09:52:26,302 - INFO - Data loaded into input area.
2025-07-19 09:53:29,661 - INFO - DataFrame shape: (200, 6)
2025-07-19 09:53:29,663 - INFO - Data loaded into input area.
2025-07-19 09:53:50,585 - INFO - DataFrame shape: (200, 6)
2025-07-19 09:53:50,585 - INFO - Data loaded into input area.
2025-07-19 09:56:54,346 - INFO - DataFrame shape: (200, 6)
2025-07-19 09:56:54,346 - INFO - Data loaded into input area.
2025-07-19 09:57:56,647 - INFO - DataFrame shape: (200, 6)
2025-07-19 09:57:56,647 - INFO - Data loaded into input area.
2025-07-19 09:58:35,711 - INFO - DataFrame shape: (200, 6)
2025-07-19 09:58:35,711 - INFO - Data loaded into input area.
2025-07-19 09:59:21,114 - INFO - DataFrame shape: (200, 6)
2025-07-19 09:59:21,131 - INFO - Data loaded into input area.
2025-07-19 10:00:01,102 - INFO - DataFrame shape: (200, 6)
2025-07-19 10:00:01,103 - INFO - Data loaded into input area.
2025-07-19 10:02:00,872 - INFO - DataFrame shape: (200, 6)
2025-07-19 10:02:00,872 - INFO - Data loaded into input area.
2025-07-19 10:02:20,413 - INFO - DataFrame shape: (200, 6)
2025-07-19 10:02:20,413 - INFO - Data loaded into input area.
2025-07-19 10:02:28,605 - INFO - DataFrame shape: (200, 6)
2025-07-19 10:02:28,605 - INFO - Data loaded into input area.
2025-07-19 10:02:29,713 - INFO - DataFrame shape: (200, 6)
2025-07-19 10:02:29,713 - INFO - Data loaded into input area.
2025-07-19 10:02:31,697 - INFO - DataFrame shape: (200, 6)
2025-07-19 10:02:31,697 - INFO - Data loaded into input area.
2025-07-19 10:02:45,105 - INFO - DataFrame shape: (200, 6)
2025-07-19 10:02:45,109 - INFO - Data loaded into input area.
2025-07-19 10:02:48,946 - INFO - DataFrame shape: (200, 6)
2025-07-19 10:02:48,946 - INFO - Data loaded into input area.
2025-07-19 10:03:17,751 - INFO - DataFrame shape: (200, 6)
2025-07-19 10:03:17,751 - INFO - Data loaded into input area.
2025-07-19 10:03:26,251 - INFO - DataFrame shape: (200, 6)
2025-07-19 10:03:26,260 - INFO - Data loaded into input area.
2025-07-19 10:03:27,498 - INFO - DataFrame shape: (200, 6)
2025-07-19 10:03:27,499 - INFO - Data loaded into input area.
2025-07-19 10:03:27,734 - INFO - DataFrame shape: (200, 6)
2025-07-19 10:03:27,734 - INFO - Data loaded into input area.
2025-07-19 10:03:29,338 - INFO - DataFrame shape: (200, 6)
2025-07-19 10:03:29,343 - INFO - Data loaded into input area.
2025-07-19 10:04:16,645 - INFO - DataFrame shape: (200, 6)
2025-07-19 10:04:16,660 - INFO - Data loaded into input area.
2025-07-19 10:04:41,755 - INFO - DataFrame shape: (200, 6)
2025-07-19 10:04:41,755 - INFO - Data loaded into input area.
2025-07-19 10:19:04,097 - INFO - Start reading CSV file: C:/Users/nandu/EDA/DesignAnalyzer/test/finance/sample_sales_data.csv
2025-07-19 10:19:04,129 - INFO - End reading CSV file: C:/Users/nandu/EDA/DesignAnalyzer/test/finance/sample_sales_data.csv
2025-07-19 10:19:24,535 - INFO - Start reading CSV file: C:/Users/nandu/EDA/DesignAnalyzer/test/finance/sample_sales_data.csv
2025-07-19 10:19:24,551 - INFO - End reading CSV file: C:/Users/nandu/EDA/DesignAnalyzer/test/finance/sample_sales_data.csv
2025-07-19 10:24:41,428 - INFO - Start reading CSV file: C:/Users/nandu/EDA/DesignAnalyzer/test/finance/sample_sales_data.csv
2025-07-19 10:24:41,449 - INFO - End reading CSV file: C:/Users/nandu/EDA/DesignAnalyzer/test/finance/sample_sales_data.csv
2025-07-19 11:10:16,541 - INFO - Start reading CSV file: C:/Users/nandu/EDA/DesignAnalyzer/test/finance/sample_sales_data.csv
2025-07-19 11:10:16,560 - INFO - End reading CSV file: C:/Users/nandu/EDA/DesignAnalyzer/test/finance/sample_sales_data.csv
2025-07-19 11:10:29,624 - INFO - Start reading CSV file: C:/Users/nandu/EDA/DesignAnalyzer/test/finance/sample_sales_data.csv
2025-07-19 11:10:29,624 - INFO - End reading CSV file: C:/Users/nandu/EDA/DesignAnalyzer/test/finance/sample_sales_data.csv
2025-07-19 11:10:29,830 - INFO - Start reading CSV file: C:/Users/nandu/EDA/DesignAnalyzer/test/finance/sample_sales_data.csv
2025-07-19 11:10:29,830 - INFO - End reading CSV file: C:/Users/nandu/EDA/DesignAnalyzer/test/finance/sample_sales_data.csv
2025-07-19 11:10:30,145 - INFO - Start reading CSV file: C:/Users/nandu/EDA/DesignAnalyzer/test/finance/sample_sales_data.csv
2025-07-19 11:10:30,158 - INFO - End reading CSV file: C:/Users/nandu/EDA/DesignAnalyzer/test/finance/sample_sales_data.csv
2025-07-19 12:23:12,715 - DEBUG - Request options: {'method': 'post', 'url': '/chat/completions', 'files': None, 'idempotency_key': 'stainless-python-retry-a9bc648a-7e48-4d5c-88d9-06d09fcdd315', 'json_data': {'messages': [{'role': 'user', 'content': '\nYou are a helpful assistant.\n\nBased on the user prompt, classify the request into one of:\n1. An action/command execution from available commands.\n2. A SQL-style analysis based on table columns.\n3. A general query needing a direct LLM response.\n\nInput Table Columns:\n\n\nAvailable Commands and Actions:\n- create bar chart (Args: x_axis, y_axis)\n- find outlier based on mean/std-dev (Args: column_name, z-value)\n- predict next months based on linear regression (Args: column_name, num-months)\n- extract data where specified column contains a string or name (Args: column_name, containing_string)\n- create world map (Args: column_name)\n\nUser Prompt:\n"get bar chart"\n\n\nReturn a JSON object in exactly **one** of the following forms:\n1. If the prompt matches a command:\n{\n  "ResultMode": "COMMAND_OR_ACTION_RUN",\n  "output": {\n    "command_name": "<command>",\n    "args": { "arg1": "value1", "arg2": "value2" }\n  }\n}\n\n2. If the prompt asks for SQL analysis:\n{\n  "ResultMode": "SQL_COLUMN_ANALYSIS",\n  "output": {\n    "sql_query": "SELECT ... FROM table WHERE ..."\n  }\n}\n\n3. If the LLM gives its own answer:\n{\n  "ResultMode": "LLM_OWN_RESPONSE",\n  "output": {\n    "llm_own_answer": "Your answer here"\n  }\n}\n\nRespond ONLY with the appropriate JSON.\n'}], 'model': 'gpt-4', 'n': 1, 'stream': True, 'temperature': 0.3}}
2025-07-19 12:23:12,739 - DEBUG - Sending HTTP Request: POST https://api.openai.com/v1/chat/completions
2025-07-19 12:23:12,740 - DEBUG - connect_tcp.started host='api.openai.com' port=443 local_address=None timeout=None socket_options=None
2025-07-19 12:23:12,816 - DEBUG - connect_tcp.complete return_value=<httpcore._backends.sync.SyncStream object at 0x0000023A13EC3C90>
2025-07-19 12:23:12,817 - DEBUG - start_tls.started ssl_context=<ssl.SSLContext object at 0x0000023A112090A0> server_hostname='api.openai.com' timeout=None
2025-07-19 12:23:12,866 - DEBUG - start_tls.complete return_value=<httpcore._backends.sync.SyncStream object at 0x0000023A160DF1D0>
2025-07-19 12:23:12,866 - DEBUG - send_request_headers.started request=<Request [b'POST']>
2025-07-19 12:23:12,866 - DEBUG - send_request_headers.complete
2025-07-19 12:23:12,866 - DEBUG - send_request_body.started request=<Request [b'POST']>
2025-07-19 12:23:12,875 - DEBUG - send_request_body.complete
2025-07-19 12:23:12,876 - DEBUG - receive_response_headers.started request=<Request [b'POST']>
2025-07-19 12:23:13,358 - DEBUG - receive_response_headers.complete return_value=(b'HTTP/1.1', 404, b'Not Found', [(b'Date', b'Sat, 19 Jul 2025 06:53:12 GMT'), (b'Content-Type', b'application/json; charset=utf-8'), (b'Transfer-Encoding', b'chunked'), (b'Connection', b'keep-alive'), (b'vary', b'Origin'), (b'x-request-id', b'req_76a0ae0eb89ecb44daee7f51ce1f596b'), (b'strict-transport-security', b'max-age=31536000; includeSubDomains; preload'), (b'cf-cache-status', b'DYNAMIC'), (b'Set-Cookie', b'__cf_bm=2hsBMU5cKS6hoIUkYcDAIvwFQ6CYS6gvdsRxXKz3B0k-1752907992-1.0.1.1-lbNDRneXdK4pwwnN7HE9tPPXu9VfW5BKrq66x8skG5pc8Pi56A51tB5zGozdxNihfoFjuJ1Nx25CanFdWF_5W6.Cuirt6Pp5nE49CMoJius; path=/; expires=Sat, 19-Jul-25 07:23:12 GMT; domain=.api.openai.com; HttpOnly; Secure; SameSite=None'), (b'X-Content-Type-Options', b'nosniff'), (b'Set-Cookie', b'_cfuvid=B86.1EAHzdG7Ra3KQFlLEjEmGdREB2RcgLzpRYuQxpE-1752907992489-0.0.1.1-604800000; path=/; domain=.api.openai.com; HttpOnly; Secure; SameSite=None'), (b'Server', b'cloudflare'), (b'CF-RAY', b'96184ce61adf54ec-DEL'), (b'Content-Encoding', b'gzip'), (b'alt-svc', b'h3=":443"; ma=86400')])
2025-07-19 12:23:13,358 - INFO - HTTP Request: POST https://api.openai.com/v1/chat/completions "HTTP/1.1 404 Not Found"
2025-07-19 12:23:13,375 - DEBUG - HTTP Response: POST https://api.openai.com/v1/chat/completions "404 Not Found" Headers([('date', 'Sat, 19 Jul 2025 06:53:12 GMT'), ('content-type', 'application/json; charset=utf-8'), ('transfer-encoding', 'chunked'), ('connection', 'keep-alive'), ('vary', 'Origin'), ('x-request-id', 'req_76a0ae0eb89ecb44daee7f51ce1f596b'), ('strict-transport-security', 'max-age=31536000; includeSubDomains; preload'), ('cf-cache-status', 'DYNAMIC'), ('set-cookie', '__cf_bm=2hsBMU5cKS6hoIUkYcDAIvwFQ6CYS6gvdsRxXKz3B0k-1752907992-1.0.1.1-lbNDRneXdK4pwwnN7HE9tPPXu9VfW5BKrq66x8skG5pc8Pi56A51tB5zGozdxNihfoFjuJ1Nx25CanFdWF_5W6.Cuirt6Pp5nE49CMoJius; path=/; expires=Sat, 19-Jul-25 07:23:12 GMT; domain=.api.openai.com; HttpOnly; Secure; SameSite=None'), ('x-content-type-options', 'nosniff'), ('set-cookie', '_cfuvid=B86.1EAHzdG7Ra3KQFlLEjEmGdREB2RcgLzpRYuQxpE-1752907992489-0.0.1.1-604800000; path=/; domain=.api.openai.com; HttpOnly; Secure; SameSite=None'), ('server', 'cloudflare'), ('cf-ray', '96184ce61adf54ec-DEL'), ('content-encoding', 'gzip'), ('alt-svc', 'h3=":443"; ma=86400')])
2025-07-19 12:23:13,377 - DEBUG - request_id: req_76a0ae0eb89ecb44daee7f51ce1f596b
2025-07-19 12:23:13,380 - DEBUG - Encountered httpx.HTTPStatusError
Traceback (most recent call last):
  File "C:\Users\nandu\AppData\Local\Programs\Python\Python311\Lib\site-packages\openai\_base_client.py", line 1017, in request
    response.raise_for_status()
  File "C:\Users\nandu\AppData\Local\Programs\Python\Python311\Lib\site-packages\httpx\_models.py", line 829, in raise_for_status
    raise HTTPStatusError(message, request=request, response=self)
httpx.HTTPStatusError: Client error '404 Not Found' for url 'https://api.openai.com/v1/chat/completions'
For more information check: https://developer.mozilla.org/en-US/docs/Web/HTTP/Status/404
2025-07-19 12:23:13,432 - DEBUG - Not retrying
2025-07-19 12:23:13,432 - DEBUG - receive_response_body.started request=<Request [b'POST']>
2025-07-19 12:23:13,432 - DEBUG - receive_response_body.complete
2025-07-19 12:23:13,437 - DEBUG - response_closed.started
2025-07-19 12:23:13,439 - DEBUG - response_closed.complete
2025-07-19 12:23:13,441 - DEBUG - Re-raising status error
2025-07-19 20:10:31,726 - INFO - Start reading CSV file: C:/Users/nandu/EDA/DesignAnalyzer/test/finance/sample_sales_data.csv
2025-07-19 20:10:31,746 - INFO - End reading CSV file: C:/Users/nandu/EDA/DesignAnalyzer/test/finance/sample_sales_data.csv
2025-07-19 20:13:56,071 - INFO - Start reading CSV file: C:/Users/nandu/EDA/DesignAnalyzer/test/finance/sample_sales_data.csv
2025-07-19 20:13:56,108 - INFO - End reading CSV file: C:/Users/nandu/EDA/DesignAnalyzer/test/finance/sample_sales_data.csv
2025-07-19 20:19:23,847 - INFO - Start reading CSV file: C:/Users/nandu/EDA/DesignAnalyzer/test/finance/sample_sales_data.csv
2025-07-19 20:19:23,874 - INFO - End reading CSV file: C:/Users/nandu/EDA/DesignAnalyzer/test/finance/sample_sales_data.csv
2025-07-19 20:29:33,016 - INFO - Start reading CSV file: C:/Users/nandu/EDA/DesignAnalyzer/test/finance/sample_sales_data.csv
2025-07-19 20:29:33,048 - INFO - End reading CSV file: C:/Users/nandu/EDA/DesignAnalyzer/test/finance/sample_sales_data.csv
2025-07-19 20:36:13,065 - INFO - Start reading CSV file: C:/Users/nandu/EDA/DesignAnalyzer/test/finance/sample_sales_data.csv
2025-07-19 20:36:13,097 - INFO - End reading CSV file: C:/Users/nandu/EDA/DesignAnalyzer/test/finance/sample_sales_data.csv
2025-07-19 22:26:55,868 - DEBUG - Converted retries value: 2 -> Retry(total=2, connect=None, read=None, redirect=None, status=None)
2025-07-19 22:26:55,868 - DEBUG - Converted retries value: 2 -> Retry(total=2, connect=None, read=None, redirect=None, status=None)
2025-07-19 22:26:56,643 - DEBUG - Nominatim.geocode: https://nominatim.openstreetmap.org/search?q=Tokyo&format=json&limit=1
2025-07-19 22:26:56,656 - DEBUG - Starting new HTTPS connection (1): nominatim.openstreetmap.org:443
2025-07-19 22:26:57,596 - DEBUG - https://nominatim.openstreetmap.org:443 "GET /search?q=Tokyo&format=json&limit=1 HTTP/1.1" 200 422
2025-07-19 22:26:57,596 - DEBUG - Nominatim.geocode: https://nominatim.openstreetmap.org/search?q=Moscow&format=json&limit=1
2025-07-19 22:26:58,576 - DEBUG - https://nominatim.openstreetmap.org:443 "GET /search?q=Moscow&format=json&limit=1 HTTP/1.1" 200 487
2025-07-19 22:26:58,576 - DEBUG - Nominatim.geocode: https://nominatim.openstreetmap.org/search?q=Bangkok&format=json&limit=1
2025-07-19 22:26:59,587 - DEBUG - Incremented Retry for (url='/search?q=Bangkok&format=json&limit=1'): Retry(total=1, connect=None, read=None, redirect=None, status=None)
2025-07-19 22:26:59,601 - WARNING - Retrying (Retry(total=1, connect=None, read=None, redirect=None, status=None)) after connection broken by 'ReadTimeoutError("HTTPSConnectionPool(host='nominatim.openstreetmap.org', port=443): Read timed out. (read timeout=1)")': /search?q=Bangkok&format=json&limit=1
2025-07-19 22:26:59,603 - DEBUG - Starting new HTTPS connection (2): nominatim.openstreetmap.org:443
2025-07-19 22:27:00,551 - DEBUG - https://nominatim.openstreetmap.org:443 "GET /search?q=Bangkok&format=json&limit=1 HTTP/1.1" 200 499
2025-07-19 22:27:00,551 - DEBUG - Nominatim.geocode: https://nominatim.openstreetmap.org/search?q=Mumbai&format=json&limit=1
2025-07-19 22:27:01,554 - DEBUG - Incremented Retry for (url='/search?q=Mumbai&format=json&limit=1'): Retry(total=1, connect=None, read=None, redirect=None, status=None)
2025-07-19 22:27:01,557 - WARNING - Retrying (Retry(total=1, connect=None, read=None, redirect=None, status=None)) after connection broken by 'ReadTimeoutError("HTTPSConnectionPool(host='nominatim.openstreetmap.org', port=443): Read timed out. (read timeout=1)")': /search?q=Mumbai&format=json&limit=1
2025-07-19 22:27:01,562 - DEBUG - Starting new HTTPS connection (3): nominatim.openstreetmap.org:443
2025-07-19 22:27:02,553 - DEBUG - https://nominatim.openstreetmap.org:443 "GET /search?q=Mumbai&format=json&limit=1 HTTP/1.1" 200 442
2025-07-19 22:27:02,553 - DEBUG - Nominatim.geocode: https://nominatim.openstreetmap.org/search?q=Noida&format=json&limit=1
2025-07-19 22:27:03,483 - DEBUG - https://nominatim.openstreetmap.org:443 "GET /search?q=Noida&format=json&limit=1 HTTP/1.1" 200 453
2025-07-19 22:27:03,483 - DEBUG - Nominatim.geocode: https://nominatim.openstreetmap.org/search?q=berlin&format=json&limit=1
2025-07-19 22:27:04,506 - DEBUG - Incremented Retry for (url='/search?q=berlin&format=json&limit=1'): Retry(total=1, connect=None, read=None, redirect=None, status=None)
2025-07-19 22:27:04,507 - WARNING - Retrying (Retry(total=1, connect=None, read=None, redirect=None, status=None)) after connection broken by 'ReadTimeoutError("HTTPSConnectionPool(host='nominatim.openstreetmap.org', port=443): Read timed out. (read timeout=1)")': /search?q=berlin&format=json&limit=1
2025-07-19 22:27:04,509 - DEBUG - Starting new HTTPS connection (4): nominatim.openstreetmap.org:443
2025-07-19 22:27:05,640 - DEBUG - https://nominatim.openstreetmap.org:443 "GET /search?q=berlin&format=json&limit=1 HTTP/1.1" 200 413
2025-07-19 22:27:05,640 - DEBUG - Nominatim.geocode: https://nominatim.openstreetmap.org/search?q=Osaka&format=json&limit=1
2025-07-19 22:27:06,659 - DEBUG - Incremented Retry for (url='/search?q=Osaka&format=json&limit=1'): Retry(total=1, connect=None, read=None, redirect=None, status=None)
2025-07-19 22:27:06,662 - WARNING - Retrying (Retry(total=1, connect=None, read=None, redirect=None, status=None)) after connection broken by 'ReadTimeoutError("HTTPSConnectionPool(host='nominatim.openstreetmap.org', port=443): Read timed out. (read timeout=1)")': /search?q=Osaka&format=json&limit=1
2025-07-19 22:27:06,667 - DEBUG - Starting new HTTPS connection (5): nominatim.openstreetmap.org:443
2025-07-19 22:27:07,689 - DEBUG - https://nominatim.openstreetmap.org:443 "GET /search?q=Osaka&format=json&limit=1 HTTP/1.1" 200 431
2025-07-19 22:27:07,689 - DEBUG - Nominatim.geocode: https://nominatim.openstreetmap.org/search?q=Delhi&format=json&limit=1
2025-07-19 22:27:08,599 - DEBUG - https://nominatim.openstreetmap.org:443 "GET /search?q=Delhi&format=json&limit=1 HTTP/1.1" 200 408
2025-07-19 22:27:08,615 - DEBUG - Nominatim.geocode: https://nominatim.openstreetmap.org/search?q=madrid&format=json&limit=1
2025-07-19 22:27:09,635 - DEBUG - Incremented Retry for (url='/search?q=madrid&format=json&limit=1'): Retry(total=1, connect=None, read=None, redirect=None, status=None)
2025-07-19 22:27:09,637 - WARNING - Retrying (Retry(total=1, connect=None, read=None, redirect=None, status=None)) after connection broken by 'ReadTimeoutError("HTTPSConnectionPool(host='nominatim.openstreetmap.org', port=443): Read timed out. (read timeout=1)")': /search?q=madrid&format=json&limit=1
2025-07-19 22:27:09,637 - DEBUG - Starting new HTTPS connection (6): nominatim.openstreetmap.org:443
2025-07-19 22:27:10,671 - DEBUG - https://nominatim.openstreetmap.org:443 "GET /search?q=madrid&format=json&limit=1 HTTP/1.1" 200 434
2025-07-19 22:27:10,674 - DEBUG - Nominatim.geocode: https://nominatim.openstreetmap.org/search?q=Chennai&format=json&limit=1
2025-07-19 22:27:11,539 - DEBUG - https://nominatim.openstreetmap.org:443 "GET /search?q=Chennai&format=json&limit=1 HTTP/1.1" 200 419
2025-07-19 22:27:11,545 - DEBUG - Nominatim.geocode: https://nominatim.openstreetmap.org/search?q=Kolkata&format=json&limit=1
2025-07-19 22:27:12,501 - DEBUG - https://nominatim.openstreetmap.org:443 "GET /search?q=Kolkata&format=json&limit=1 HTTP/1.1" 200 426
2025-07-19 22:27:12,508 - DEBUG - Nominatim.geocode: https://nominatim.openstreetmap.org/search?q=rome&format=json&limit=1
2025-07-19 22:27:13,515 - DEBUG - Incremented Retry for (url='/search?q=rome&format=json&limit=1'): Retry(total=1, connect=None, read=None, redirect=None, status=None)
2025-07-19 22:27:13,517 - WARNING - Retrying (Retry(total=1, connect=None, read=None, redirect=None, status=None)) after connection broken by 'ReadTimeoutError("HTTPSConnectionPool(host='nominatim.openstreetmap.org', port=443): Read timed out. (read timeout=1)")': /search?q=rome&format=json&limit=1
2025-07-19 22:27:13,517 - DEBUG - Starting new HTTPS connection (7): nominatim.openstreetmap.org:443
2025-07-19 22:27:14,650 - DEBUG - https://nominatim.openstreetmap.org:443 "GET /search?q=rome&format=json&limit=1 HTTP/1.1" 200 427
2025-07-19 22:27:14,655 - DEBUG - Nominatim.geocode: https://nominatim.openstreetmap.org/search?q=New+York&format=json&limit=1
2025-07-19 22:27:15,663 - DEBUG - Incremented Retry for (url='/search?q=New+York&format=json&limit=1'): Retry(total=1, connect=None, read=None, redirect=None, status=None)
2025-07-19 22:27:15,663 - WARNING - Retrying (Retry(total=1, connect=None, read=None, redirect=None, status=None)) after connection broken by 'ReadTimeoutError("HTTPSConnectionPool(host='nominatim.openstreetmap.org', port=443): Read timed out. (read timeout=1)")': /search?q=New+York&format=json&limit=1
2025-07-19 22:27:15,663 - DEBUG - Starting new HTTPS connection (8): nominatim.openstreetmap.org:443
2025-07-19 22:27:16,796 - DEBUG - https://nominatim.openstreetmap.org:443 "GET /search?q=New+York&format=json&limit=1 HTTP/1.1" 200 451
2025-07-19 22:27:16,812 - DEBUG - Nominatim.geocode: https://nominatim.openstreetmap.org/search?q=Beijing&format=json&limit=1
2025-07-19 22:27:17,614 - DEBUG - https://nominatim.openstreetmap.org:443 "GET /search?q=Beijing&format=json&limit=1 HTTP/1.1" 200 420
2025-07-19 22:27:17,629 - DEBUG - Nominatim.geocode: https://nominatim.openstreetmap.org/search?q=Paris&format=json&limit=1
2025-07-19 22:27:18,638 - DEBUG - Incremented Retry for (url='/search?q=Paris&format=json&limit=1'): Retry(total=1, connect=None, read=None, redirect=None, status=None)
2025-07-19 22:27:18,646 - WARNING - Retrying (Retry(total=1, connect=None, read=None, redirect=None, status=None)) after connection broken by 'ReadTimeoutError("HTTPSConnectionPool(host='nominatim.openstreetmap.org', port=443): Read timed out. (read timeout=1)")': /search?q=Paris&format=json&limit=1
2025-07-19 22:27:18,647 - DEBUG - Starting new HTTPS connection (9): nominatim.openstreetmap.org:443
2025-07-19 22:27:19,774 - DEBUG - https://nominatim.openstreetmap.org:443 "GET /search?q=Paris&format=json&limit=1 HTTP/1.1" 200 444
2025-07-19 22:27:19,790 - DEBUG - Nominatim.geocode: https://nominatim.openstreetmap.org/search?q=Bangalore&format=json&limit=1
2025-07-19 22:27:20,549 - DEBUG - https://nominatim.openstreetmap.org:443 "GET /search?q=Bangalore&format=json&limit=1 HTTP/1.1" 200 470
2025-07-19 22:27:20,549 - DEBUG - Nominatim.geocode: https://nominatim.openstreetmap.org/search?q=london&format=json&limit=1
2025-07-19 22:27:21,568 - DEBUG - Incremented Retry for (url='/search?q=london&format=json&limit=1'): Retry(total=1, connect=None, read=None, redirect=None, status=None)
2025-07-19 22:27:21,568 - WARNING - Retrying (Retry(total=1, connect=None, read=None, redirect=None, status=None)) after connection broken by 'ReadTimeoutError("HTTPSConnectionPool(host='nominatim.openstreetmap.org', port=443): Read timed out. (read timeout=1)")': /search?q=london&format=json&limit=1
2025-07-19 22:27:21,568 - DEBUG - Starting new HTTPS connection (10): nominatim.openstreetmap.org:443
2025-07-19 22:27:22,740 - DEBUG - https://nominatim.openstreetmap.org:443 "GET /search?q=london&format=json&limit=1 HTTP/1.1" 200 429
2025-07-19 22:27:22,752 - DEBUG - Nominatim.geocode: https://nominatim.openstreetmap.org/search?q=Shanghai&format=json&limit=1
2025-07-19 22:27:23,665 - DEBUG - https://nominatim.openstreetmap.org:443 "GET /search?q=Shanghai&format=json&limit=1 HTTP/1.1" 200 420
2025-07-19 22:27:23,665 - DEBUG - Nominatim.geocode: https://nominatim.openstreetmap.org/search?q=Dallas&format=json&limit=1
2025-07-19 22:27:24,502 - DEBUG - https://nominatim.openstreetmap.org:443 "GET /search?q=Dallas&format=json&limit=1 HTTP/1.1" 200 444
2025-07-19 22:27:24,519 - DEBUG - Nominatim.geocode: https://nominatim.openstreetmap.org/search?q=Tokyo&format=json&limit=1
2025-07-19 22:27:25,519 - DEBUG - Incremented Retry for (url='/search?q=Tokyo&format=json&limit=1'): Retry(total=1, connect=None, read=None, redirect=None, status=None)
2025-07-19 22:27:25,522 - WARNING - Retrying (Retry(total=1, connect=None, read=None, redirect=None, status=None)) after connection broken by 'ReadTimeoutError("HTTPSConnectionPool(host='nominatim.openstreetmap.org', port=443): Read timed out. (read timeout=1)")': /search?q=Tokyo&format=json&limit=1
2025-07-19 22:27:25,529 - DEBUG - Starting new HTTPS connection (11): nominatim.openstreetmap.org:443
2025-07-19 22:27:26,628 - DEBUG - https://nominatim.openstreetmap.org:443 "GET /search?q=Tokyo&format=json&limit=1 HTTP/1.1" 200 422
2025-07-19 22:27:26,628 - DEBUG - Nominatim.geocode: https://nominatim.openstreetmap.org/search?q=Moscow&format=json&limit=1
2025-07-19 22:27:27,545 - DEBUG - https://nominatim.openstreetmap.org:443 "GET /search?q=Moscow&format=json&limit=1 HTTP/1.1" 200 487
2025-07-19 22:27:27,561 - DEBUG - Nominatim.geocode: https://nominatim.openstreetmap.org/search?q=Bangkok&format=json&limit=1
2025-07-19 22:27:28,541 - DEBUG - https://nominatim.openstreetmap.org:443 "GET /search?q=Bangkok&format=json&limit=1 HTTP/1.1" 200 499
2025-07-19 22:27:28,541 - DEBUG - Nominatim.geocode: https://nominatim.openstreetmap.org/search?q=Mumbai&format=json&limit=1
2025-07-19 22:27:29,535 - DEBUG - https://nominatim.openstreetmap.org:443 "GET /search?q=Mumbai&format=json&limit=1 HTTP/1.1" 200 442
2025-07-19 22:27:29,535 - DEBUG - Nominatim.geocode: https://nominatim.openstreetmap.org/search?q=Noida&format=json&limit=1
2025-07-19 22:27:30,516 - DEBUG - https://nominatim.openstreetmap.org:443 "GET /search?q=Noida&format=json&limit=1 HTTP/1.1" 200 453
2025-07-19 22:27:30,532 - DEBUG - Nominatim.geocode: https://nominatim.openstreetmap.org/search?q=berlin&format=json&limit=1
2025-07-19 22:27:31,546 - DEBUG - Incremented Retry for (url='/search?q=berlin&format=json&limit=1'): Retry(total=1, connect=None, read=None, redirect=None, status=None)
2025-07-19 22:27:31,547 - WARNING - Retrying (Retry(total=1, connect=None, read=None, redirect=None, status=None)) after connection broken by 'ReadTimeoutError("HTTPSConnectionPool(host='nominatim.openstreetmap.org', port=443): Read timed out. (read timeout=1)")': /search?q=berlin&format=json&limit=1
2025-07-19 22:27:31,562 - DEBUG - Starting new HTTPS connection (12): nominatim.openstreetmap.org:443
2025-07-19 22:27:32,670 - DEBUG - https://nominatim.openstreetmap.org:443 "GET /search?q=berlin&format=json&limit=1 HTTP/1.1" 200 413
2025-07-19 22:27:32,685 - DEBUG - Nominatim.geocode: https://nominatim.openstreetmap.org/search?q=Osaka&format=json&limit=1
2025-07-19 22:27:33,604 - DEBUG - https://nominatim.openstreetmap.org:443 "GET /search?q=Osaka&format=json&limit=1 HTTP/1.1" 200 431
2025-07-19 22:27:33,604 - DEBUG - Nominatim.geocode: https://nominatim.openstreetmap.org/search?q=Delhi&format=json&limit=1
2025-07-19 22:27:34,616 - DEBUG - https://nominatim.openstreetmap.org:443 "GET /search?q=Delhi&format=json&limit=1 HTTP/1.1" 200 408
2025-07-19 22:27:34,627 - DEBUG - Nominatim.geocode: https://nominatim.openstreetmap.org/search?q=madrid&format=json&limit=1
2025-07-19 22:27:35,635 - DEBUG - Incremented Retry for (url='/search?q=madrid&format=json&limit=1'): Retry(total=1, connect=None, read=None, redirect=None, status=None)
2025-07-19 22:27:35,637 - WARNING - Retrying (Retry(total=1, connect=None, read=None, redirect=None, status=None)) after connection broken by 'ReadTimeoutError("HTTPSConnectionPool(host='nominatim.openstreetmap.org', port=443): Read timed out. (read timeout=1)")': /search?q=madrid&format=json&limit=1
2025-07-19 22:27:35,642 - DEBUG - Starting new HTTPS connection (13): nominatim.openstreetmap.org:443
2025-07-19 22:27:36,769 - DEBUG - https://nominatim.openstreetmap.org:443 "GET /search?q=madrid&format=json&limit=1 HTTP/1.1" 200 434
2025-07-19 22:27:36,769 - DEBUG - Nominatim.geocode: https://nominatim.openstreetmap.org/search?q=Chennai&format=json&limit=1
2025-07-19 22:27:37,497 - DEBUG - https://nominatim.openstreetmap.org:443 "GET /search?q=Chennai&format=json&limit=1 HTTP/1.1" 200 419
2025-07-19 22:27:37,514 - DEBUG - Nominatim.geocode: https://nominatim.openstreetmap.org/search?q=Kolkata&format=json&limit=1
2025-07-19 22:27:38,458 - DEBUG - https://nominatim.openstreetmap.org:443 "GET /search?q=Kolkata&format=json&limit=1 HTTP/1.1" 200 426
2025-07-19 22:27:38,473 - DEBUG - Nominatim.geocode: https://nominatim.openstreetmap.org/search?q=rome&format=json&limit=1
2025-07-19 22:27:39,497 - DEBUG - Incremented Retry for (url='/search?q=rome&format=json&limit=1'): Retry(total=1, connect=None, read=None, redirect=None, status=None)
2025-07-19 22:27:39,497 - WARNING - Retrying (Retry(total=1, connect=None, read=None, redirect=None, status=None)) after connection broken by 'ReadTimeoutError("HTTPSConnectionPool(host='nominatim.openstreetmap.org', port=443): Read timed out. (read timeout=1)")': /search?q=rome&format=json&limit=1
2025-07-19 22:27:39,514 - DEBUG - Starting new HTTPS connection (14): nominatim.openstreetmap.org:443
2025-07-19 22:27:40,570 - DEBUG - https://nominatim.openstreetmap.org:443 "GET /search?q=rome&format=json&limit=1 HTTP/1.1" 200 427
2025-07-19 22:27:40,576 - DEBUG - Nominatim.geocode: https://nominatim.openstreetmap.org/search?q=New+York&format=json&limit=1
2025-07-19 22:27:41,594 - DEBUG - Incremented Retry for (url='/search?q=New+York&format=json&limit=1'): Retry(total=1, connect=None, read=None, redirect=None, status=None)
2025-07-19 22:27:41,605 - WARNING - Retrying (Retry(total=1, connect=None, read=None, redirect=None, status=None)) after connection broken by 'ReadTimeoutError("HTTPSConnectionPool(host='nominatim.openstreetmap.org', port=443): Read timed out. (read timeout=1)")': /search?q=New+York&format=json&limit=1
2025-07-19 22:27:41,609 - DEBUG - Starting new HTTPS connection (15): nominatim.openstreetmap.org:443
2025-07-19 22:27:42,807 - DEBUG - https://nominatim.openstreetmap.org:443 "GET /search?q=New+York&format=json&limit=1 HTTP/1.1" 200 451
2025-07-19 22:27:42,822 - DEBUG - Nominatim.geocode: https://nominatim.openstreetmap.org/search?q=Beijing&format=json&limit=1
2025-07-19 22:27:43,630 - DEBUG - https://nominatim.openstreetmap.org:443 "GET /search?q=Beijing&format=json&limit=1 HTTP/1.1" 200 420
2025-07-19 22:27:43,630 - DEBUG - Nominatim.geocode: https://nominatim.openstreetmap.org/search?q=Paris&format=json&limit=1
2025-07-19 22:27:44,643 - DEBUG - Incremented Retry for (url='/search?q=Paris&format=json&limit=1'): Retry(total=1, connect=None, read=None, redirect=None, status=None)
2025-07-19 22:27:44,648 - WARNING - Retrying (Retry(total=1, connect=None, read=None, redirect=None, status=None)) after connection broken by 'ReadTimeoutError("HTTPSConnectionPool(host='nominatim.openstreetmap.org', port=443): Read timed out. (read timeout=1)")': /search?q=Paris&format=json&limit=1
2025-07-19 22:27:44,660 - DEBUG - Starting new HTTPS connection (16): nominatim.openstreetmap.org:443
2025-07-19 22:27:45,798 - DEBUG - https://nominatim.openstreetmap.org:443 "GET /search?q=Paris&format=json&limit=1 HTTP/1.1" 200 444
2025-07-19 22:27:45,813 - DEBUG - Nominatim.geocode: https://nominatim.openstreetmap.org/search?q=Bangalore&format=json&limit=1
2025-07-19 22:27:46,495 - DEBUG - https://nominatim.openstreetmap.org:443 "GET /search?q=Bangalore&format=json&limit=1 HTTP/1.1" 200 470
2025-07-19 22:27:46,514 - DEBUG - Nominatim.geocode: https://nominatim.openstreetmap.org/search?q=london&format=json&limit=1
2025-07-19 22:27:47,535 - DEBUG - Incremented Retry for (url='/search?q=london&format=json&limit=1'): Retry(total=1, connect=None, read=None, redirect=None, status=None)
2025-07-19 22:27:47,545 - WARNING - Retrying (Retry(total=1, connect=None, read=None, redirect=None, status=None)) after connection broken by 'ReadTimeoutError("HTTPSConnectionPool(host='nominatim.openstreetmap.org', port=443): Read timed out. (read timeout=1)")': /search?q=london&format=json&limit=1
2025-07-19 22:27:47,551 - DEBUG - Starting new HTTPS connection (17): nominatim.openstreetmap.org:443
2025-07-19 22:27:48,699 - DEBUG - https://nominatim.openstreetmap.org:443 "GET /search?q=london&format=json&limit=1 HTTP/1.1" 200 429
2025-07-19 22:27:48,699 - DEBUG - Nominatim.geocode: https://nominatim.openstreetmap.org/search?q=Shanghai&format=json&limit=1
2025-07-19 22:27:49,665 - DEBUG - https://nominatim.openstreetmap.org:443 "GET /search?q=Shanghai&format=json&limit=1 HTTP/1.1" 200 420
2025-07-19 22:27:49,679 - DEBUG - Nominatim.geocode: https://nominatim.openstreetmap.org/search?q=Dallas&format=json&limit=1
2025-07-19 22:27:50,600 - DEBUG - https://nominatim.openstreetmap.org:443 "GET /search?q=Dallas&format=json&limit=1 HTTP/1.1" 200 444
2025-07-19 23:16:42,264 - INFO - Start reading CSV file: C:/Users/nandu/EDA/DesignAnalyzer/test/finance/sample_sales_data.csv
2025-07-19 23:16:42,299 - INFO - End reading CSV file: C:/Users/nandu/EDA/DesignAnalyzer/test/finance/sample_sales_data.csv
2025-07-20 18:30:08,956 - INFO - Start reading CSV file: C:/Users/nandu/EDA/DesignAnalyzer/test/finance/sample_sales_data.csv
2025-07-20 18:30:09,005 - INFO - End reading CSV file: C:/Users/nandu/EDA/DesignAnalyzer/test/finance/sample_sales_data.csv
2025-07-20 19:23:01,216 - INFO - Start reading CSV file: C:/Users/nandu/EDA/DesignAnalyzer/test/finance/sample_sales_data.csv
2025-07-20 19:23:01,240 - INFO - End reading CSV file: C:/Users/nandu/EDA/DesignAnalyzer/test/finance/sample_sales_data.csv
2025-07-20 21:28:58,673 - INFO - Start reading CSV file: C:/Users/nandu/EDA/DesignAnalyzer/test/finance/sample_sales_data.csv
2025-07-20 21:28:58,704 - INFO - End reading CSV file: C:/Users/nandu/EDA/DesignAnalyzer/test/finance/sample_sales_data.csv
2025-07-20 21:31:24,563 - INFO - Start reading CSV file: C:/Users/nandu/EDA/DesignAnalyzer/test/finance/sample_sales_data.csv
2025-07-20 21:31:24,590 - INFO - End reading CSV file: C:/Users/nandu/EDA/DesignAnalyzer/test/finance/sample_sales_data.csv
2025-07-20 21:33:47,192 - INFO - Start reading CSV file: C:/Users/nandu/EDA/DesignAnalyzer/test/finance/sample_sales_data.csv
2025-07-20 21:33:47,212 - INFO - End reading CSV file: C:/Users/nandu/EDA/DesignAnalyzer/test/finance/sample_sales_data.csv
2025-07-21 08:15:30,370 - INFO - Start reading CSV file: C:/Users/nandu/EDA/DesignAnalyzer/test/finance/sample_sales_data.csv
2025-07-21 08:15:30,407 - INFO - End reading CSV file: C:/Users/nandu/EDA/DesignAnalyzer/test/finance/sample_sales_data.csv
2025-07-21 08:20:57,900 - INFO - Start reading CSV file: C:/Users/nandu/EDA/DesignAnalyzer/test/finance/sample_sales_data.csv
2025-07-21 08:20:57,922 - INFO - End reading CSV file: C:/Users/nandu/EDA/DesignAnalyzer/test/finance/sample_sales_data.csv
2025-07-21 08:26:39,049 - INFO - Start reading CSV file: C:/Users/nandu/EDA/DesignAnalyzer/test/finance/sample_sales_data.csv
2025-07-21 08:26:39,066 - INFO - End reading CSV file: C:/Users/nandu/EDA/DesignAnalyzer/test/finance/sample_sales_data.csv
2025-07-21 08:32:59,932 - INFO - Start reading CSV file: C:/Users/nandu/EDA/DesignAnalyzer/test/finance/sample_sales_data.csv
2025-07-21 08:32:59,955 - INFO - End reading CSV file: C:/Users/nandu/EDA/DesignAnalyzer/test/finance/sample_sales_data.csv
2025-07-21 09:07:54,495 - INFO - Start reading CSV file: C:/Users/nandu/EDA/DesignAnalyzer/test/finance/sample_sales_data.csv
2025-07-21 09:07:54,527 - INFO - End reading CSV file: C:/Users/nandu/EDA/DesignAnalyzer/test/finance/sample_sales_data.csv
2025-07-21 10:23:39,365 - INFO - Start reading CSV file: C:/Users/nandu/EDA/DesignAnalyzer/test/finance/sample_sales_data.csv
2025-07-21 10:23:39,390 - INFO - End reading CSV file: C:/Users/nandu/EDA/DesignAnalyzer/test/finance/sample_sales_data.csv
2025-07-21 10:29:17,753 - INFO - Start reading CSV file: C:/Users/nandu/EDA/DesignAnalyzer/test/finance/sample_sales_data.csv
2025-07-21 10:29:17,774 - INFO - End reading CSV file: C:/Users/nandu/EDA/DesignAnalyzer/test/finance/sample_sales_data.csv
2025-07-21 10:29:35,113 - INFO - Execution error: Execution failed on sql 'SELECT SUM(Total) FROM csv_data WHERE Region = 'Region1'': no such column: Total
2025-07-21 10:31:38,239 - INFO - Start reading CSV file: C:/Users/nandu/EDA/DesignAnalyzer/test/finance/sample_sales_data.csv
2025-07-21 10:31:38,274 - INFO - End reading CSV file: C:/Users/nandu/EDA/DesignAnalyzer/test/finance/sample_sales_data.csv
2025-07-21 10:31:56,928 - INFO - Execution error: Execution failed on sql 'SELECT SUM(Region2) FROM csv_data': no such column: Region2
2025-07-21 10:32:55,033 - INFO - Execution error: Execution failed on sql 'SELECT SUM(Region2) FROM csv_data': no such column: Region2
2025-07-21 10:36:32,873 - INFO - Execution error: Execution failed on sql 'SELECT SUM(UnitsSold) AS TotalUnitsSold FROM csv_data': no such column: UnitsSold
2025-07-21 10:43:48,437 - INFO - Start reading CSV file: C:/Users/nandu/EDA/DesignAnalyzer/test/finance/sample_sales_data.csv
2025-07-21 10:43:48,467 - INFO - End reading CSV file: C:/Users/nandu/EDA/DesignAnalyzer/test/finance/sample_sales_data.csv
2025-07-21 10:56:56,198 - INFO - Start reading CSV file: C:/Users/nandu/EDA/DesignAnalyzer/test/finance/sample_sales_data.csv
2025-07-21 10:56:56,225 - INFO - End reading CSV file: C:/Users/nandu/EDA/DesignAnalyzer/test/finance/sample_sales_data.csv
2025-07-21 11:02:15,552 - INFO - Execution error: Execution failed on sql 'SELECT City FROM csv_data ORDER BY Units_Sold DESC LIMIT 1': no such column: City
2025-07-21 11:02:26,526 - INFO - Execution error: Execution failed on sql 'SELECT Region, SUM(Units_Sold) AS TotalUnitsSold FROM csv_data GROUP BY Region ORDER BY TotalUnitsSold DESC LIMIT 1': no such column: Units_Sold
2025-07-21 11:12:22,855 - INFO - Execution error: Execution failed on sql 'SELECT Region, SUM(Sales) as TotalSales FROM csv_data GROUP BY Region ORDER BY TotalSales DESC': no such column: Sales
2025-07-21 11:12:46,667 - INFO - Execution error: Execution failed on sql 'SELECT Region, SUM(Units_Sold) AS TotalUnitsSold FROM csv_data GROUP BY Region ORDER BY TotalUnitsSold DESC': no such column: Units_Sold
2025-07-21 11:12:58,280 - INFO - Execution error: Execution failed on sql 'SELECT Region, SUM(Units_Sold) AS TotalUnitsSold FROM csv_data GROUP BY Region ORDER BY TotalUnitsSold DESC': no such column: Units_Sold
2025-07-21 11:14:05,512 - DEBUG - Converted retries value: 2 -> Retry(total=2, connect=None, read=None, redirect=None, status=None)
2025-07-21 11:14:05,513 - DEBUG - Converted retries value: 2 -> Retry(total=2, connect=None, read=None, redirect=None, status=None)
2025-07-21 11:14:06,083 - DEBUG - Nominatim.geocode: https://nominatim.openstreetmap.org/search?q=Tokyo&format=json&limit=1
2025-07-21 11:14:06,095 - DEBUG - Starting new HTTPS connection (1): nominatim.openstreetmap.org:443
2025-07-21 11:14:07,025 - DEBUG - https://nominatim.openstreetmap.org:443 "GET /search?q=Tokyo&format=json&limit=1 HTTP/1.1" 200 422
2025-07-21 11:14:07,029 - DEBUG - Nominatim.geocode: https://nominatim.openstreetmap.org/search?q=Moscow&format=json&limit=1
2025-07-21 11:14:07,998 - DEBUG - https://nominatim.openstreetmap.org:443 "GET /search?q=Moscow&format=json&limit=1 HTTP/1.1" 200 487
2025-07-21 11:14:08,002 - DEBUG - Nominatim.geocode: https://nominatim.openstreetmap.org/search?q=Bangkok&format=json&limit=1
2025-07-21 11:14:08,986 - DEBUG - https://nominatim.openstreetmap.org:443 "GET /search?q=Bangkok&format=json&limit=1 HTTP/1.1" 200 499
2025-07-21 11:14:08,989 - DEBUG - Nominatim.geocode: https://nominatim.openstreetmap.org/search?q=Mumbai&format=json&limit=1
2025-07-21 11:14:09,992 - DEBUG - https://nominatim.openstreetmap.org:443 "GET /search?q=Mumbai&format=json&limit=1 HTTP/1.1" 200 442
2025-07-21 11:14:09,996 - DEBUG - Nominatim.geocode: https://nominatim.openstreetmap.org/search?q=Noida&format=json&limit=1
2025-07-21 11:14:10,929 - DEBUG - https://nominatim.openstreetmap.org:443 "GET /search?q=Noida&format=json&limit=1 HTTP/1.1" 200 453
2025-07-21 11:14:10,932 - DEBUG - Nominatim.geocode: https://nominatim.openstreetmap.org/search?q=berlin&format=json&limit=1
2025-07-21 11:14:11,942 - DEBUG - Incremented Retry for (url='/search?q=berlin&format=json&limit=1'): Retry(total=1, connect=None, read=None, redirect=None, status=None)
2025-07-21 11:14:11,945 - WARNING - Retrying (Retry(total=1, connect=None, read=None, redirect=None, status=None)) after connection broken by 'ReadTimeoutError("HTTPSConnectionPool(host='nominatim.openstreetmap.org', port=443): Read timed out. (read timeout=1)")': /search?q=berlin&format=json&limit=1
2025-07-21 11:14:11,948 - DEBUG - Starting new HTTPS connection (2): nominatim.openstreetmap.org:443
2025-07-21 11:14:13,082 - DEBUG - https://nominatim.openstreetmap.org:443 "GET /search?q=berlin&format=json&limit=1 HTTP/1.1" 200 413
2025-07-21 11:14:13,087 - DEBUG - Nominatim.geocode: https://nominatim.openstreetmap.org/search?q=Osaka&format=json&limit=1
2025-07-21 11:14:14,046 - DEBUG - https://nominatim.openstreetmap.org:443 "GET /search?q=Osaka&format=json&limit=1 HTTP/1.1" 200 431
2025-07-21 11:14:14,050 - DEBUG - Nominatim.geocode: https://nominatim.openstreetmap.org/search?q=Delhi&format=json&limit=1
2025-07-21 11:14:14,996 - DEBUG - https://nominatim.openstreetmap.org:443 "GET /search?q=Delhi&format=json&limit=1 HTTP/1.1" 200 408
2025-07-21 11:14:14,996 - DEBUG - Nominatim.geocode: https://nominatim.openstreetmap.org/search?q=madrid&format=json&limit=1
2025-07-21 11:14:16,024 - DEBUG - Incremented Retry for (url='/search?q=madrid&format=json&limit=1'): Retry(total=1, connect=None, read=None, redirect=None, status=None)
2025-07-21 11:14:16,029 - WARNING - Retrying (Retry(total=1, connect=None, read=None, redirect=None, status=None)) after connection broken by 'ReadTimeoutError("HTTPSConnectionPool(host='nominatim.openstreetmap.org', port=443): Read timed out. (read timeout=1)")': /search?q=madrid&format=json&limit=1
2025-07-21 11:14:16,032 - DEBUG - Starting new HTTPS connection (3): nominatim.openstreetmap.org:443
2025-07-21 11:14:17,082 - DEBUG - https://nominatim.openstreetmap.org:443 "GET /search?q=madrid&format=json&limit=1 HTTP/1.1" 200 434
2025-07-21 11:14:17,093 - DEBUG - Nominatim.geocode: https://nominatim.openstreetmap.org/search?q=Chennai&format=json&limit=1
2025-07-21 11:14:17,970 - DEBUG - https://nominatim.openstreetmap.org:443 "GET /search?q=Chennai&format=json&limit=1 HTTP/1.1" 200 419
2025-07-21 11:14:17,973 - DEBUG - Nominatim.geocode: https://nominatim.openstreetmap.org/search?q=Kolkata&format=json&limit=1
2025-07-21 11:14:18,940 - DEBUG - https://nominatim.openstreetmap.org:443 "GET /search?q=Kolkata&format=json&limit=1 HTTP/1.1" 200 426
2025-07-21 11:14:18,940 - DEBUG - Nominatim.geocode: https://nominatim.openstreetmap.org/search?q=rome&format=json&limit=1
2025-07-21 11:14:19,959 - DEBUG - Incremented Retry for (url='/search?q=rome&format=json&limit=1'): Retry(total=1, connect=None, read=None, redirect=None, status=None)
2025-07-21 11:14:19,963 - WARNING - Retrying (Retry(total=1, connect=None, read=None, redirect=None, status=None)) after connection broken by 'ReadTimeoutError("HTTPSConnectionPool(host='nominatim.openstreetmap.org', port=443): Read timed out. (read timeout=1)")': /search?q=rome&format=json&limit=1
2025-07-21 11:14:19,966 - DEBUG - Starting new HTTPS connection (4): nominatim.openstreetmap.org:443
2025-07-21 11:14:20,992 - DEBUG - https://nominatim.openstreetmap.org:443 "GET /search?q=rome&format=json&limit=1 HTTP/1.1" 200 427
2025-07-21 11:14:20,997 - DEBUG - Nominatim.geocode: https://nominatim.openstreetmap.org/search?q=New+York&format=json&limit=1
2025-07-21 11:14:22,009 - DEBUG - Incremented Retry for (url='/search?q=New+York&format=json&limit=1'): Retry(total=1, connect=None, read=None, redirect=None, status=None)
2025-07-21 11:14:22,014 - WARNING - Retrying (Retry(total=1, connect=None, read=None, redirect=None, status=None)) after connection broken by 'ReadTimeoutError("HTTPSConnectionPool(host='nominatim.openstreetmap.org', port=443): Read timed out. (read timeout=1)")': /search?q=New+York&format=json&limit=1
2025-07-21 11:14:22,019 - DEBUG - Starting new HTTPS connection (5): nominatim.openstreetmap.org:443
2025-07-21 11:14:23,145 - DEBUG - https://nominatim.openstreetmap.org:443 "GET /search?q=New+York&format=json&limit=1 HTTP/1.1" 200 451
2025-07-21 11:14:23,151 - DEBUG - Nominatim.geocode: https://nominatim.openstreetmap.org/search?q=Beijing&format=json&limit=1
2025-07-21 11:14:24,012 - DEBUG - https://nominatim.openstreetmap.org:443 "GET /search?q=Beijing&format=json&limit=1 HTTP/1.1" 200 420
2025-07-21 11:14:24,017 - DEBUG - Nominatim.geocode: https://nominatim.openstreetmap.org/search?q=Paris&format=json&limit=1
2025-07-21 11:14:25,026 - DEBUG - Incremented Retry for (url='/search?q=Paris&format=json&limit=1'): Retry(total=1, connect=None, read=None, redirect=None, status=None)
2025-07-21 11:14:25,032 - WARNING - Retrying (Retry(total=1, connect=None, read=None, redirect=None, status=None)) after connection broken by 'ReadTimeoutError("HTTPSConnectionPool(host='nominatim.openstreetmap.org', port=443): Read timed out. (read timeout=1)")': /search?q=Paris&format=json&limit=1
2025-07-21 11:14:25,038 - DEBUG - Starting new HTTPS connection (6): nominatim.openstreetmap.org:443
2025-07-21 11:14:26,185 - DEBUG - https://nominatim.openstreetmap.org:443 "GET /search?q=Paris&format=json&limit=1 HTTP/1.1" 200 429
2025-07-21 11:14:26,192 - DEBUG - Nominatim.geocode: https://nominatim.openstreetmap.org/search?q=Bangalore&format=json&limit=1
2025-07-21 11:14:26,953 - DEBUG - https://nominatim.openstreetmap.org:443 "GET /search?q=Bangalore&format=json&limit=1 HTTP/1.1" 200 470
2025-07-21 11:14:26,960 - DEBUG - Nominatim.geocode: https://nominatim.openstreetmap.org/search?q=london&format=json&limit=1
2025-07-21 11:14:27,966 - DEBUG - Incremented Retry for (url='/search?q=london&format=json&limit=1'): Retry(total=1, connect=None, read=None, redirect=None, status=None)
2025-07-21 11:14:27,968 - WARNING - Retrying (Retry(total=1, connect=None, read=None, redirect=None, status=None)) after connection broken by 'ReadTimeoutError("HTTPSConnectionPool(host='nominatim.openstreetmap.org', port=443): Read timed out. (read timeout=1)")': /search?q=london&format=json&limit=1
2025-07-21 11:14:27,976 - DEBUG - Starting new HTTPS connection (7): nominatim.openstreetmap.org:443
2025-07-21 11:14:29,098 - DEBUG - https://nominatim.openstreetmap.org:443 "GET /search?q=london&format=json&limit=1 HTTP/1.1" 200 429
2025-07-21 11:14:29,101 - DEBUG - Nominatim.geocode: https://nominatim.openstreetmap.org/search?q=Shanghai&format=json&limit=1
2025-07-21 11:14:30,033 - DEBUG - https://nominatim.openstreetmap.org:443 "GET /search?q=Shanghai&format=json&limit=1 HTTP/1.1" 200 420
2025-07-21 11:14:30,036 - DEBUG - Nominatim.geocode: https://nominatim.openstreetmap.org/search?q=Dallas&format=json&limit=1
2025-07-21 11:14:31,034 - DEBUG - https://nominatim.openstreetmap.org:443 "GET /search?q=Dallas&format=json&limit=1 HTTP/1.1" 200 444
2025-07-21 11:14:31,046 - DEBUG - Nominatim.geocode: https://nominatim.openstreetmap.org/search?q=Tokyo&format=json&limit=1
2025-07-21 11:14:32,010 - DEBUG - https://nominatim.openstreetmap.org:443 "GET /search?q=Tokyo&format=json&limit=1 HTTP/1.1" 200 422
2025-07-21 11:14:32,015 - DEBUG - Nominatim.geocode: https://nominatim.openstreetmap.org/search?q=Moscow&format=json&limit=1
2025-07-21 11:14:32,977 - DEBUG - https://nominatim.openstreetmap.org:443 "GET /search?q=Moscow&format=json&limit=1 HTTP/1.1" 200 487
2025-07-21 11:14:32,980 - DEBUG - Nominatim.geocode: https://nominatim.openstreetmap.org/search?q=Bangkok&format=json&limit=1
2025-07-21 11:14:33,982 - DEBUG - https://nominatim.openstreetmap.org:443 "GET /search?q=Bangkok&format=json&limit=1 HTTP/1.1" 200 499
2025-07-21 11:14:33,982 - DEBUG - Nominatim.geocode: https://nominatim.openstreetmap.org/search?q=Mumbai&format=json&limit=1
2025-07-21 11:14:34,981 - DEBUG - https://nominatim.openstreetmap.org:443 "GET /search?q=Mumbai&format=json&limit=1 HTTP/1.1" 200 442
2025-07-21 11:14:34,997 - DEBUG - Nominatim.geocode: https://nominatim.openstreetmap.org/search?q=Noida&format=json&limit=1
2025-07-21 11:14:35,925 - DEBUG - https://nominatim.openstreetmap.org:443 "GET /search?q=Noida&format=json&limit=1 HTTP/1.1" 200 453
2025-07-21 11:14:35,932 - DEBUG - Nominatim.geocode: https://nominatim.openstreetmap.org/search?q=berlin&format=json&limit=1
2025-07-21 11:14:36,941 - DEBUG - Incremented Retry for (url='/search?q=berlin&format=json&limit=1'): Retry(total=1, connect=None, read=None, redirect=None, status=None)
2025-07-21 11:14:36,946 - WARNING - Retrying (Retry(total=1, connect=None, read=None, redirect=None, status=None)) after connection broken by 'ReadTimeoutError("HTTPSConnectionPool(host='nominatim.openstreetmap.org', port=443): Read timed out. (read timeout=1)")': /search?q=berlin&format=json&limit=1
2025-07-21 11:14:36,955 - DEBUG - Starting new HTTPS connection (8): nominatim.openstreetmap.org:443
2025-07-21 11:14:38,137 - DEBUG - https://nominatim.openstreetmap.org:443 "GET /search?q=berlin&format=json&limit=1 HTTP/1.1" 200 413
2025-07-21 11:14:38,146 - DEBUG - Nominatim.geocode: https://nominatim.openstreetmap.org/search?q=Osaka&format=json&limit=1
2025-07-21 11:14:39,041 - DEBUG - https://nominatim.openstreetmap.org:443 "GET /search?q=Osaka&format=json&limit=1 HTTP/1.1" 200 431
2025-07-21 11:14:39,051 - DEBUG - Nominatim.geocode: https://nominatim.openstreetmap.org/search?q=Delhi&format=json&limit=1
2025-07-21 11:14:40,009 - DEBUG - https://nominatim.openstreetmap.org:443 "GET /search?q=Delhi&format=json&limit=1 HTTP/1.1" 200 408
2025-07-21 11:14:40,018 - DEBUG - Nominatim.geocode: https://nominatim.openstreetmap.org/search?q=madrid&format=json&limit=1
2025-07-21 11:14:41,041 - DEBUG - Incremented Retry for (url='/search?q=madrid&format=json&limit=1'): Retry(total=1, connect=None, read=None, redirect=None, status=None)
2025-07-21 11:14:41,049 - WARNING - Retrying (Retry(total=1, connect=None, read=None, redirect=None, status=None)) after connection broken by 'ReadTimeoutError("HTTPSConnectionPool(host='nominatim.openstreetmap.org', port=443): Read timed out. (read timeout=1)")': /search?q=madrid&format=json&limit=1
2025-07-21 11:14:41,050 - DEBUG - Starting new HTTPS connection (9): nominatim.openstreetmap.org:443
2025-07-21 11:14:42,083 - DEBUG - https://nominatim.openstreetmap.org:443 "GET /search?q=madrid&format=json&limit=1 HTTP/1.1" 200 434
2025-07-21 11:14:42,083 - DEBUG - Nominatim.geocode: https://nominatim.openstreetmap.org/search?q=Chennai&format=json&limit=1
2025-07-21 11:14:42,959 - DEBUG - https://nominatim.openstreetmap.org:443 "GET /search?q=Chennai&format=json&limit=1 HTTP/1.1" 200 419
2025-07-21 11:14:42,966 - DEBUG - Nominatim.geocode: https://nominatim.openstreetmap.org/search?q=Kolkata&format=json&limit=1
2025-07-21 11:14:43,926 - DEBUG - https://nominatim.openstreetmap.org:443 "GET /search?q=Kolkata&format=json&limit=1 HTTP/1.1" 200 426
2025-07-21 11:14:43,935 - DEBUG - Nominatim.geocode: https://nominatim.openstreetmap.org/search?q=rome&format=json&limit=1
2025-07-21 11:14:44,959 - DEBUG - Incremented Retry for (url='/search?q=rome&format=json&limit=1'): Retry(total=1, connect=None, read=None, redirect=None, status=None)
2025-07-21 11:14:44,967 - WARNING - Retrying (Retry(total=1, connect=None, read=None, redirect=None, status=None)) after connection broken by 'ReadTimeoutError("HTTPSConnectionPool(host='nominatim.openstreetmap.org', port=443): Read timed out. (read timeout=1)")': /search?q=rome&format=json&limit=1
2025-07-21 11:14:44,977 - DEBUG - Starting new HTTPS connection (10): nominatim.openstreetmap.org:443
2025-07-21 11:14:46,010 - DEBUG - https://nominatim.openstreetmap.org:443 "GET /search?q=rome&format=json&limit=1 HTTP/1.1" 200 427
2025-07-21 11:14:46,014 - DEBUG - Nominatim.geocode: https://nominatim.openstreetmap.org/search?q=New+York&format=json&limit=1
2025-07-21 11:14:47,026 - DEBUG - Incremented Retry for (url='/search?q=New+York&format=json&limit=1'): Retry(total=1, connect=None, read=None, redirect=None, status=None)
2025-07-21 11:14:47,037 - WARNING - Retrying (Retry(total=1, connect=None, read=None, redirect=None, status=None)) after connection broken by 'ReadTimeoutError("HTTPSConnectionPool(host='nominatim.openstreetmap.org', port=443): Read timed out. (read timeout=1)")': /search?q=New+York&format=json&limit=1
2025-07-21 11:14:47,042 - DEBUG - Starting new HTTPS connection (11): nominatim.openstreetmap.org:443
2025-07-21 11:14:48,179 - DEBUG - https://nominatim.openstreetmap.org:443 "GET /search?q=New+York&format=json&limit=1 HTTP/1.1" 200 451
2025-07-21 11:14:48,182 - DEBUG - Nominatim.geocode: https://nominatim.openstreetmap.org/search?q=Beijing&format=json&limit=1
2025-07-21 11:14:49,044 - DEBUG - https://nominatim.openstreetmap.org:443 "GET /search?q=Beijing&format=json&limit=1 HTTP/1.1" 200 420
2025-07-21 11:14:49,049 - DEBUG - Nominatim.geocode: https://nominatim.openstreetmap.org/search?q=Paris&format=json&limit=1
2025-07-21 11:14:50,059 - DEBUG - Incremented Retry for (url='/search?q=Paris&format=json&limit=1'): Retry(total=1, connect=None, read=None, redirect=None, status=None)
2025-07-21 11:14:50,070 - WARNING - Retrying (Retry(total=1, connect=None, read=None, redirect=None, status=None)) after connection broken by 'ReadTimeoutError("HTTPSConnectionPool(host='nominatim.openstreetmap.org', port=443): Read timed out. (read timeout=1)")': /search?q=Paris&format=json&limit=1
2025-07-21 11:14:50,077 - DEBUG - Starting new HTTPS connection (12): nominatim.openstreetmap.org:443
2025-07-21 11:14:51,188 - DEBUG - https://nominatim.openstreetmap.org:443 "GET /search?q=Paris&format=json&limit=1 HTTP/1.1" 200 429
2025-07-21 11:14:51,199 - DEBUG - Nominatim.geocode: https://nominatim.openstreetmap.org/search?q=Bangalore&format=json&limit=1
2025-07-21 11:14:51,946 - DEBUG - https://nominatim.openstreetmap.org:443 "GET /search?q=Bangalore&format=json&limit=1 HTTP/1.1" 200 470
2025-07-21 11:14:51,950 - DEBUG - Nominatim.geocode: https://nominatim.openstreetmap.org/search?q=london&format=json&limit=1
2025-07-21 11:14:52,951 - DEBUG - Incremented Retry for (url='/search?q=london&format=json&limit=1'): Retry(total=1, connect=None, read=None, redirect=None, status=None)
2025-07-21 11:14:52,961 - WARNING - Retrying (Retry(total=1, connect=None, read=None, redirect=None, status=None)) after connection broken by 'ReadTimeoutError("HTTPSConnectionPool(host='nominatim.openstreetmap.org', port=443): Read timed out. (read timeout=1)")': /search?q=london&format=json&limit=1
2025-07-21 11:14:52,972 - DEBUG - Starting new HTTPS connection (13): nominatim.openstreetmap.org:443
2025-07-21 11:14:54,136 - DEBUG - https://nominatim.openstreetmap.org:443 "GET /search?q=london&format=json&limit=1 HTTP/1.1" 200 429
2025-07-21 11:14:54,143 - DEBUG - Nominatim.geocode: https://nominatim.openstreetmap.org/search?q=Shanghai&format=json&limit=1
2025-07-21 11:14:55,039 - DEBUG - https://nominatim.openstreetmap.org:443 "GET /search?q=Shanghai&format=json&limit=1 HTTP/1.1" 200 420
2025-07-21 11:14:55,055 - DEBUG - Nominatim.geocode: https://nominatim.openstreetmap.org/search?q=Dallas&format=json&limit=1
2025-07-21 11:14:55,996 - DEBUG - https://nominatim.openstreetmap.org:443 "GET /search?q=Dallas&format=json&limit=1 HTTP/1.1" 200 444
2025-07-21 11:43:43,296 - INFO - Start reading CSV file: C:/Users/nandu/EDA/DesignAnalyzer/test/finance/sample_sales_data.csv
2025-07-21 11:43:43,353 - INFO - End reading CSV file: C:/Users/nandu/EDA/DesignAnalyzer/test/finance/sample_sales_data.csv
2025-07-21 15:42:17,116 - INFO - Start reading CSV file: C:/Users/nandu/EDA/DesignAnalyzer/test/finance/dataset_2025-06-30T14_46_31.332969317Z_DEFAULT_INTEGRATION_IMF.RES_WEO_6.0.0.csv
2025-07-21 15:42:17,428 - INFO - End reading CSV file: C:/Users/nandu/EDA/DesignAnalyzer/test/finance/dataset_2025-06-30T14_46_31.332969317Z_DEFAULT_INTEGRATION_IMF.RES_WEO_6.0.0.csv
2025-07-21 15:45:02,212 - INFO - Execution error: Execution failed on sql 'SELECT * FROM csv_data WHERE COUNTRY = 'India'': no such column: COUNTRY
2025-07-21 15:46:14,939 - INFO - Start reading CSV file: C:/Users/nandu/EDA/DesignAnalyzer/test/finance/dataset_2025-06-30T14_46_31.332969317Z_DEFAULT_INTEGRATION_IMF.RES_WEO_6.0.0.csv
2025-07-21 15:46:15,147 - INFO - End reading CSV file: C:/Users/nandu/EDA/DesignAnalyzer/test/finance/dataset_2025-06-30T14_46_31.332969317Z_DEFAULT_INTEGRATION_IMF.RES_WEO_6.0.0.csv
2025-07-21 16:12:28,201 - INFO - Execution error: Execution failed on sql 'SELECT AVG(column_name) FROM csv_data WHERE YEAR = 1994': no such column: column_name
2025-07-21 16:14:17,752 - INFO - Execution error: Execution failed on sql 'SELECT DISTINCT SERIES_NAME FROM csv_data_name': no such table: csv_data_name
2025-07-21 16:15:04,159 - INFO - Execution error: Execution failed on sql 'SELECT DISTINCT SERIES_NAME FROM csv_data_name': no such table: csv_data_name
2025-07-21 16:15:16,767 - INFO - Execution error: Execution failed on sql 'SELECT DISTINCT SERIES_NAME FROM csv_data_name': no such table: csv_data_name
2025-07-21 16:37:31,554 - INFO - Start reading CSV file: C:/Users/nandu/EDA/DesignAnalyzer/test/finance/products-100000.csv
2025-07-21 16:37:31,836 - INFO - End reading CSV file: C:/Users/nandu/EDA/DesignAnalyzer/test/finance/products-100000.csv
2025-07-21 16:45:06,378 - INFO - Start reading CSV file: C:/Users/nandu/EDA/DesignAnalyzer/test/finance/products-1000000.csv
2025-07-21 16:45:08,905 - INFO - End reading CSV file: C:/Users/nandu/EDA/DesignAnalyzer/test/finance/products-1000000.csv
2025-07-21 21:02:24,249 - INFO - Start reading CSV file: C:/Users/nandu/EDA/DesignAnalyzer/test/finance/sample_sales_data.csv
2025-07-21 21:02:24,285 - INFO - End reading CSV file: C:/Users/nandu/EDA/DesignAnalyzer/test/finance/sample_sales_data.csv
2025-07-21 21:07:32,626 - INFO - Start reading CSV file: C:/Users/nandu/EDA/DesignAnalyzer/test/finance/sample_sales_data.csv
2025-07-21 21:07:32,643 - INFO - End reading CSV file: C:/Users/nandu/EDA/DesignAnalyzer/test/finance/sample_sales_data.csv
2025-07-21 21:13:55,906 - INFO - Start reading CSV file: C:/Users/nandu/EDA/DesignAnalyzer/test/finance/sample_sales_data.csv
2025-07-21 21:13:55,923 - INFO - End reading CSV file: C:/Users/nandu/EDA/DesignAnalyzer/test/finance/sample_sales_data.csv
2025-07-21 22:09:54,373 - INFO - Start reading CSV file: C:/Users/nandu/EDA/DesignAnalyzer/test/finance/sample_sales_data.csv
2025-07-21 22:09:54,421 - INFO - End reading CSV file: C:/Users/nandu/EDA/DesignAnalyzer/test/finance/sample_sales_data.csv
2025-07-21 22:23:28,865 - INFO - Start reading CSV file: C:/Users/nandu/EDA/DesignAnalyzer/test/finance/sample_sales_data.csv
2025-07-21 22:23:28,897 - INFO - End reading CSV file: C:/Users/nandu/EDA/DesignAnalyzer/test/finance/sample_sales_data.csv
2025-07-22 13:57:16,605 - INFO - Start reading CSV file: C:/Users/nandu/EDA/DesignAnalyzer/test/finance/sample_sales_data.csv
2025-07-22 13:57:16,643 - INFO - End reading CSV file: C:/Users/nandu/EDA/DesignAnalyzer/test/finance/sample_sales_data.csv
2025-07-22 15:44:32,771 - INFO - Start reading CSV file: C:/Users/nandu/EDA/DesignAnalyzer/test/finance/sample_sales_data.csv
2025-07-22 15:44:32,801 - INFO - End reading CSV file: C:/Users/nandu/EDA/DesignAnalyzer/test/finance/sample_sales_data.csv
2025-07-22 15:46:38,188 - INFO - Start reading CSV file: C:/Users/nandu/EDA/DesignAnalyzer/test/finance/sample_sales_data.csv
2025-07-22 15:46:38,204 - INFO - End reading CSV file: C:/Users/nandu/EDA/DesignAnalyzer/test/finance/sample_sales_data.csv
2025-07-22 16:06:13,407 - INFO - Start reading CSV file: C:/Users/nandu/EDA/DesignAnalyzer/test/finance/sample_sales_data.csv
2025-07-22 16:06:13,429 - INFO - End reading CSV file: C:/Users/nandu/EDA/DesignAnalyzer/test/finance/sample_sales_data.csv
2025-07-22 21:11:16,843 - INFO - Execution error: Execution failed on sql 'ALTER TABLE csv_data_name ADD COLUMN percent DECIMAL; UPDATE csv_data_name SET percent = Revenue / `Units Sold`;': no such table: csv_data_name
2025-07-22 21:11:46,929 - INFO - Execution error: Execution failed on sql 'ALTER TABLE csv_data_name ADD COLUMN percent DECIMAL; UPDATE csv_data_name SET percent = Revenue / `Units Sold`;': no such table: csv_data_name
2025-07-22 21:12:58,763 - INFO - Execution error: Execution failed on sql 'ALTER TABLE csv_data ADD COLUMN percent DECIMAL; UPDATE csv_data SET percent = Revenue / `Units Sold`;': You can only execute one statement at a time.
2025-07-22 21:13:28,808 - INFO - Execution error: Execution failed on sql 'ALTUPDATE csv_data SET percent = Revenue / `Units Sold`;': near "ALTUPDATE": syntax error
2025-07-23 09:47:00,153 - INFO - Start reading CSV file: C:/Users/nandu/EDA/DesignAnalyzer/test/finance/sample_sales_data.csv
2025-07-23 09:47:00,200 - INFO - End reading CSV file: C:/Users/nandu/EDA/DesignAnalyzer/test/finance/sample_sales_data.csv
2025-07-23 09:55:54,644 - INFO - Start reading CSV file: C:/Users/nandu/EDA/DesignAnalyzer/test/finance/sample_sales_data.csv
2025-07-23 09:55:54,670 - INFO - End reading CSV file: C:/Users/nandu/EDA/DesignAnalyzer/test/finance/sample_sales_data.csv
2025-07-23 10:12:19,035 - INFO - Start reading CSV file: C:/Users/nandu/EDA/DesignAnalyzer/test/finance/sample_sales_data.csv
2025-07-23 10:12:19,051 - INFO - End reading CSV file: C:/Users/nandu/EDA/DesignAnalyzer/test/finance/sample_sales_data.csv
2025-07-23 10:15:48,350 - INFO - Start reading CSV file: C:/Users/nandu/EDA/DesignAnalyzer/test/finance/sample_sales_data.csv
2025-07-23 10:15:48,381 - INFO - End reading CSV file: C:/Users/nandu/EDA/DesignAnalyzer/test/finance/sample_sales_data.csv
2025-07-23 11:01:47,698 - INFO - Start reading CSV file: C:/Users/nandu/EDA/DesignAnalyzer/test/finance/sample_sales_data.csv
2025-07-23 11:01:47,729 - INFO - End reading CSV file: C:/Users/nandu/EDA/DesignAnalyzer/test/finance/sample_sales_data.csv
2025-07-23 11:10:32,031 - INFO - Start reading CSV file: C:/Users/nandu/EDA/DesignAnalyzer/test/finance/sample_sales_data.csv
2025-07-23 11:10:32,075 - INFO - End reading CSV file: C:/Users/nandu/EDA/DesignAnalyzer/test/finance/sample_sales_data.csv
2025-07-23 11:11:15,358 - INFO - Error in FormatTable: [TextSize Error] Must be a positive integer.
2025-07-23 11:11:42,588 - INFO - Error in FormatTable: [Grid Error] Grid must be 'horizontal', 'vertical', 'both', or 'none'.
2025-07-23 11:14:57,702 - INFO - Error in FormatTable: [TextSize Error] Must be a positive integer.
2025-07-23 11:31:33,391 - INFO - Start reading CSV file: C:/Users/nandu/EDA/DesignAnalyzer/test/finance/sample_sales_data.csv
2025-07-23 11:31:33,425 - INFO - End reading CSV file: C:/Users/nandu/EDA/DesignAnalyzer/test/finance/sample_sales_data.csv
2025-07-23 11:31:51,393 - INFO - Error executing 'format table': [TextSize Error] Must be a positive integer.
2025-07-23 11:38:37,836 - INFO - Execution error: Execution failed on sql 'SELECT ghr FROM csv_data WHERE ghr = 'Widget'': no such column: ghr
2025-07-23 11:48:00,988 - INFO - Error executing 'format table': [TextSize Error] Must be a positive integer.
2025-07-23 12:27:51,710 - INFO - Execution error: Execution failed on sql 'SELECT COUNT(*) FROM Product WHERE Tool IS NOT NULL': no such table: Product
2025-07-23 12:28:05,042 - INFO - Execution error: Execution failed on sql 'SELECT COUNT(*) FROM Product WHERE Tool IS NOT NULL': no such table: Product
2025-07-23 13:03:16,139 - INFO - Start reading CSV file: C:/Users/nandu/EDA/DesignAnalyzer/test/finance/sample_sales_data.csv
2025-07-23 13:03:16,174 - INFO - End reading CSV file: C:/Users/nandu/EDA/DesignAnalyzer/test/finance/sample_sales_data.csv
2025-07-23 13:06:22,593 - INFO - Start reading CSV file: C:/Users/nandu/EDA/DesignAnalyzer/test/finance/sample_sales_data.csv
2025-07-23 13:06:22,614 - INFO - End reading CSV file: C:/Users/nandu/EDA/DesignAnalyzer/test/finance/sample_sales_data.csv
2025-07-23 13:08:16,277 - INFO - Start reading CSV file: C:/Users/nandu/EDA/DesignAnalyzer/test/finance/sample_sales_data.csv
2025-07-23 13:08:16,305 - INFO - End reading CSV file: C:/Users/nandu/EDA/DesignAnalyzer/test/finance/sample_sales_data.csv
2025-07-23 13:09:16,245 - INFO - Start reading CSV file: C:/Users/nandu/OneDrive/Documents/1M-rows-CSV-case.csv
2025-07-23 13:09:19,440 - INFO - End reading CSV file: C:/Users/nandu/OneDrive/Documents/1M-rows-CSV-case.csv
2025-07-23 17:45:05,337 - INFO - Start reading CSV file: C:/Users/nandu/OneDrive/Documents/1M-rows-CSV-case.csv
2025-07-23 17:45:09,728 - INFO - End reading CSV file: C:/Users/nandu/OneDrive/Documents/1M-rows-CSV-case.csv
2025-07-23 19:49:14,295 - INFO - Start reading CSV file: C:/Users/nandu/OneDrive/Documents/1M-rows-CSV-case.csv
2025-07-23 19:49:17,917 - INFO - End reading CSV file: C:/Users/nandu/OneDrive/Documents/1M-rows-CSV-case.csv
2025-07-23 20:19:10,511 - INFO - Error executing 'format table': 'PenStyle' object has no attribute 'lower'
2025-07-23 20:20:04,981 - INFO - Error executing 'format table': 'PenStyle' object has no attribute 'lower'
2025-07-23 20:20:14,394 - INFO - Error executing 'format table': Grid must be one of 'horizontal', 'vertical', 'both', 'none'.
2025-07-23 20:20:33,347 - INFO - Error executing 'format table': 'PenStyle' object has no attribute 'lower'
2025-07-23 20:32:23,062 - INFO - Outlier search done.
2025-07-23 20:32:55,078 - INFO - Outlier search done.
2025-07-23 20:33:13,733 - INFO - Outlier search done.
2025-07-23 22:35:55,465 - INFO - Start reading CSV file: C:/Users/nandu/EDA/DesignAnalyzer/test/finance/sample_sales_data.csv
2025-07-23 22:35:55,503 - INFO - End reading CSV file: C:/Users/nandu/EDA/DesignAnalyzer/test/finance/sample_sales_data.csv
2025-07-23 22:36:27,221 - INFO - Error executing 'create pie chart': 'PieChartView' object has no attribute 'setXYColumn'
2025-07-23 22:42:40,902 - INFO - Start reading CSV file: C:/Users/nandu/EDA/DesignAnalyzer/test/finance/sample_sales_data.csv
2025-07-23 22:42:40,922 - INFO - End reading CSV file: C:/Users/nandu/EDA/DesignAnalyzer/test/finance/sample_sales_data.csv
2025-07-23 22:43:11,822 - INFO - Error executing 'create pie chart': 'PieChartView' object has no attribute 'x_col'
2025-07-23 22:45:40,679 - INFO - Start reading CSV file: C:/Users/nandu/EDA/DesignAnalyzer/test/finance/sample_sales_data.csv
2025-07-23 22:45:40,714 - INFO - End reading CSV file: C:/Users/nandu/EDA/DesignAnalyzer/test/finance/sample_sales_data.csv
2025-07-23 22:52:13,826 - INFO - Start reading CSV file: C:/Users/nandu/EDA/DesignAnalyzer/test/finance/sample_monthly_data.csv
2025-07-23 22:52:13,861 - INFO - End reading CSV file: C:/Users/nandu/EDA/DesignAnalyzer/test/finance/sample_monthly_data.csv
2025-07-23 22:53:13,368 - INFO - Execution error: Execution failed on sql 'ALTER TABLE csv_data_name ADD COLUMN Percentage_Amount FLOAT; UPDATE csv_data_name SET Percentage_Amount = (Amount / SUM(Amount) OVER ()) * 100;': no such table: csv_data_name
2025-07-23 22:53:38,030 - INFO - Execution error: Execution failed on sql 'ALTER TABLE csv_data_name ADD COLUMN Percentage_Amount FLOAT; UPDATE csv_data_name SET Percentage_Amount = (Amount / SUM(Amount) OVER ()) * 100;': no such table: csv_data_name
2025-07-23 22:54:16,976 - INFO - Execution error: Execution failed on sql 'ALTER TABLE csv_data_name ADD COLUMN Percentage_Amount FLOAT; UPDATE csv_data_name SET Percentage_Amount = (Amount / SUM(Amount) OVER ()) * 100;': no such table: csv_data_name
2025-07-23 22:54:48,234 - INFO - Execution error: Execution failed on sql 'ALTER TABLE csv_data_name ADD COLUMN Percentage_Amount FLOAT; UPDATE csv_data_name SET Percentage_Amount = (Amount / SUM(Amount) OVER ()) * 100;': no such table: csv_data_name
2025-07-23 23:04:22,788 - INFO - Start reading CSV file: C:/Users/nandu/EDA/DesignAnalyzer/test/finance/sample_sales_data.csv
2025-07-23 23:04:22,816 - INFO - End reading CSV file: C:/Users/nandu/EDA/DesignAnalyzer/test/finance/sample_sales_data.csv
2025-07-23 23:05:42,733 - INFO - Execution error: Execution failed on sql 'SELECT `Unit Sold`, COUNT(*) AS Count, (COUNT(*) * 100.0 / (SELECT COUNT(*) FROM csv_data)) AS Percentage FROM csv_data GROUP BY `Unit Sold`': no such column: Unit Sold
2025-07-23 23:05:53,833 - INFO - Execution error: Execution failed on sql 'SELECT *, (UnitsSold * 100.0 / SUM(UnitsSold) OVER ()) AS Percent_UnitsSold FROM csv_data': no such column: UnitsSold
2025-07-24 10:21:05,042 - INFO - Start reading CSV file: C:/Users/nandu/EDA/DesignAnalyzer/test/finance/sample_sales_data.csv
2025-07-24 10:21:05,076 - INFO - End reading CSV file: C:/Users/nandu/EDA/DesignAnalyzer/test/finance/sample_sales_data.csv
2025-07-24 10:34:30,297 - INFO - Start reading CSV file: C:/Users/nandu/EDA/DesignAnalyzer/test/finance/sample_monthly_data.csv
2025-07-24 10:34:30,337 - INFO - End reading CSV file: C:/Users/nandu/EDA/DesignAnalyzer/test/finance/sample_monthly_data.csv
2025-07-24 10:47:23,671 - INFO - Start reading CSV file: C:/Users/nandu/EDA/DesignAnalyzer/test/finance/sample_monthly_data.csv
2025-07-24 10:47:23,693 - INFO - End reading CSV file: C:/Users/nandu/EDA/DesignAnalyzer/test/finance/sample_monthly_data.csv
2025-07-24 10:50:26,222 - INFO - Start reading CSV file: C:/Users/nandu/EDA/DesignAnalyzer/test/finance/sample_monthly_data.csv
2025-07-24 10:50:26,245 - INFO - End reading CSV file: C:/Users/nandu/EDA/DesignAnalyzer/test/finance/sample_monthly_data.csv
2025-07-24 11:08:20,949 - INFO - Start reading CSV file: C:/Users/nandu/EDA/DesignAnalyzer/test/finance/sample_monthly_data.csv
2025-07-24 11:08:20,985 - INFO - End reading CSV file: C:/Users/nandu/EDA/DesignAnalyzer/test/finance/sample_monthly_data.csv
2025-07-24 11:08:33,515 - INFO - Error executing 'create pie chart': name 'QGraphicsScene' is not defined
2025-07-24 11:10:17,068 - INFO - Start reading CSV file: C:/Users/nandu/EDA/DesignAnalyzer/test/finance/sample_monthly_data.csv
2025-07-24 11:10:17,082 - INFO - End reading CSV file: C:/Users/nandu/EDA/DesignAnalyzer/test/finance/sample_monthly_data.csv
2025-07-24 11:10:24,532 - INFO - Error executing 'create pie chart': setLayout(self, a0: QLayout): argument 1 has unexpected type 'QGraphicsScene'
2025-07-24 11:12:42,540 - INFO - Start reading CSV file: C:/Users/nandu/EDA/DesignAnalyzer/test/finance/sample_monthly_data.csv
2025-07-24 11:12:42,557 - INFO - End reading CSV file: C:/Users/nandu/EDA/DesignAnalyzer/test/finance/sample_monthly_data.csv
2025-07-24 11:12:51,380 - INFO - Error executing 'create pie chart': 'PieChartView' object has no attribute 'scene'
2025-07-24 11:20:59,892 - INFO - Start reading CSV file: C:/Users/nandu/EDA/DesignAnalyzer/test/finance/sample_monthly_data.csv
2025-07-24 11:20:59,919 - INFO - End reading CSV file: C:/Users/nandu/EDA/DesignAnalyzer/test/finance/sample_monthly_data.csv
2025-07-24 11:25:10,412 - INFO - Start reading CSV file: C:/Users/nandu/EDA/DesignAnalyzer/test/finance/sample_sales_data.csv
2025-07-24 11:25:10,430 - INFO - End reading CSV file: C:/Users/nandu/EDA/DesignAnalyzer/test/finance/sample_sales_data.csv
2025-07-24 11:26:17,113 - INFO - Error executing 'create pie chart': 'COUNT'
2025-07-24 12:48:39,792 - INFO - Error executing 'create pie chart': 'None'
2025-07-24 13:00:10,116 - INFO - Start reading CSV file: C:/Users/nandu/EDA/DesignAnalyzer/test/finance/sample_monthly_data.csv
2025-07-24 13:00:10,136 - INFO - End reading CSV file: C:/Users/nandu/EDA/DesignAnalyzer/test/finance/sample_monthly_data.csv
2025-07-24 13:00:21,756 - INFO - Error executing 'create pie chart': type object 'Qt' has no attribute 'Antialiasing'
2025-07-24 13:13:06,242 - INFO - Start reading CSV file: C:/Users/nandu/EDA/DesignAnalyzer/test/finance/sample_monthly_data.csv
2025-07-24 13:13:06,267 - INFO - End reading CSV file: C:/Users/nandu/EDA/DesignAnalyzer/test/finance/sample_monthly_data.csv
2025-07-24 13:27:31,330 - INFO - Start reading CSV file: C:/Users/nandu/EDA/DesignAnalyzer/test/finance/sample_monthly_data.csv
2025-07-24 13:27:31,358 - INFO - End reading CSV file: C:/Users/nandu/EDA/DesignAnalyzer/test/finance/sample_monthly_data.csv
2025-07-24 13:42:20,192 - INFO - Start reading CSV file: C:/Users/nandu/EDA/DesignAnalyzer/test/finance/sample_monthly_data.csv
2025-07-24 13:42:20,226 - INFO - End reading CSV file: C:/Users/nandu/EDA/DesignAnalyzer/test/finance/sample_monthly_data.csv
2025-07-24 15:51:33,404 - INFO - Start reading CSV file: C:/Users/nandu/EDA/DesignAnalyzer/test/finance/sample_monthly_data.csv
2025-07-24 15:51:33,435 - INFO - End reading CSV file: C:/Users/nandu/EDA/DesignAnalyzer/test/finance/sample_monthly_data.csv
2025-07-24 15:53:34,463 - INFO - Start reading CSV file: C:/Users/nandu/EDA/DesignAnalyzer/test/finance/sample_monthly_data.csv
2025-07-24 15:53:34,501 - INFO - End reading CSV file: C:/Users/nandu/EDA/DesignAnalyzer/test/finance/sample_monthly_data.csv
2025-07-24 16:10:23,993 - INFO - Start reading CSV file: C:/Users/nandu/EDA/DesignAnalyzer/test/finance/sample_monthly_data.csv
2025-07-24 16:10:24,021 - INFO - End reading CSV file: C:/Users/nandu/EDA/DesignAnalyzer/test/finance/sample_monthly_data.csv
2025-07-24 16:11:00,000 - INFO - Error executing 'create bar chart': Column 'AMount' not found in input data.
2025-07-24 16:14:28,285 - INFO - Start reading CSV file: C:/Users/nandu/EDA/DesignAnalyzer/test/finance/sample_monthly_data.csv
2025-07-24 16:14:28,319 - INFO - End reading CSV file: C:/Users/nandu/EDA/DesignAnalyzer/test/finance/sample_monthly_data.csv
2025-07-24 16:22:06,181 - INFO - Start reading CSV file: C:/Users/nandu/EDA/DesignAnalyzer/test/finance/sample_monthly_data.csv
2025-07-24 16:22:06,212 - INFO - End reading CSV file: C:/Users/nandu/EDA/DesignAnalyzer/test/finance/sample_monthly_data.csv
2025-07-24 16:24:27,554 - INFO - Start reading CSV file: C:/Users/nandu/EDA/DesignAnalyzer/test/finance/sample_monthly_data.csv
2025-07-24 16:24:27,589 - INFO - End reading CSV file: C:/Users/nandu/EDA/DesignAnalyzer/test/finance/sample_monthly_data.csv
2025-07-24 16:30:09,007 - INFO - Start reading CSV file: C:/Users/nandu/EDA/DesignAnalyzer/test/finance/sample_monthly_data.csv
2025-07-24 16:30:09,042 - INFO - End reading CSV file: C:/Users/nandu/EDA/DesignAnalyzer/test/finance/sample_monthly_data.csv
2025-07-24 16:30:27,031 - INFO - Error executing 'create pie chart': 'PieChartView' object has no attribute 'y_col'
2025-07-24 16:31:32,713 - INFO - Start reading CSV file: C:/Users/nandu/EDA/DesignAnalyzer/test/finance/sample_monthly_data.csv
2025-07-24 16:31:32,745 - INFO - End reading CSV file: C:/Users/nandu/EDA/DesignAnalyzer/test/finance/sample_monthly_data.csv
2025-07-24 16:52:53,863 - INFO - Execution error: Execution failed on sql 'ALTER TABLE csv_data ADD COLUMN Percent_of_Amount FLOAT; UPDATE csv_data SET Percent_of_Amount = (Amount / SUM(Amount) OVER ()) * 100;': You can only execute one statement at a time.
2025-07-24 16:54:38,208 - INFO - Execution error: 'NoneType' object is not iterable
2025-07-24 18:22:22,638 - INFO - Start reading CSV file: C:/Users/nandu/EDA/DesignAnalyzer/test/finance/sample_monthly_data.csv
2025-07-24 18:22:22,653 - INFO - End reading CSV file: C:/Users/nandu/EDA/DesignAnalyzer/test/finance/sample_monthly_data.csv
2025-07-24 18:25:18,409 - INFO - Start reading CSV file: C:/Users/nandu/EDA/DesignAnalyzer/test/finance/sample_monthly_data.csv
2025-07-24 18:25:18,431 - INFO - End reading CSV file: C:/Users/nandu/EDA/DesignAnalyzer/test/finance/sample_monthly_data.csv
2025-07-24 19:29:02,040 - INFO - Start reading CSV file: C:/Users/nandu/EDA/DesignAnalyzer/test/finance/sample_monthly_data.csv
2025-07-24 19:29:02,065 - INFO - End reading CSV file: C:/Users/nandu/EDA/DesignAnalyzer/test/finance/sample_monthly_data.csv
2025-07-24 19:29:14,772 - INFO - Error executing 'create bar chart': string indices must be integers, not 'str'
2025-07-24 19:33:43,456 - INFO - Start reading CSV file: C:/Users/nandu/EDA/DesignAnalyzer/test/finance/sample_monthly_data.csv
2025-07-24 19:33:43,488 - INFO - End reading CSV file: C:/Users/nandu/EDA/DesignAnalyzer/test/finance/sample_monthly_data.csv
2025-07-24 19:33:58,224 - INFO - Error executing 'create bar chart': string indices must be integers, not 'str'
2025-07-24 19:36:41,464 - INFO - Error executing 'create bar chart': string indices must be integers, not 'str'
2025-07-24 19:51:58,983 - INFO - Error executing 'create bar chart': No valid entity selected in the dropdown
2025-07-24 19:52:38,958 - INFO - Start reading CSV file: C:/Users/nandu/EDA/DesignAnalyzer/test/finance/sample_monthly_data.csv
2025-07-24 19:52:38,973 - INFO - End reading CSV file: C:/Users/nandu/EDA/DesignAnalyzer/test/finance/sample_monthly_data.csv
2025-07-24 20:20:32,614 - INFO - Start reading CSV file: C:/Users/nandu/EDA/DesignAnalyzer/test/finance/sample_monthly_data.csv
2025-07-24 20:20:32,651 - INFO - End reading CSV file: C:/Users/nandu/EDA/DesignAnalyzer/test/finance/sample_monthly_data.csv
2025-07-24 20:20:32,654 - INFO - Start reading CSV file: C:/Users/nandu/OneDrive/Documents/1M-rows-CSV-case.csv
2025-07-24 20:20:35,758 - INFO - End reading CSV file: C:/Users/nandu/OneDrive/Documents/1M-rows-CSV-case.csv
2025-07-24 20:21:53,713 - INFO - Start reading CSV file: C:/Users/nandu/OneDrive/Documents/1M-rows-CSV-case.csv
2025-07-24 20:21:56,698 - INFO - End reading CSV file: C:/Users/nandu/OneDrive/Documents/1M-rows-CSV-case.csv
2025-07-24 21:42:54,110 - WARNING - Retrying langchain_google_genai.chat_models._chat_with_retry.<locals>._chat_with_retry in 2.0 seconds as it raised PermissionDenied: 403 Generative Language API has not been used in project 966683554322 before or it is disabled. Enable it by visiting https://console.developers.google.com/apis/api/generativelanguage.googleapis.com/overview?project=966683554322 then retry. If you enabled this API recently, wait a few minutes for the action to propagate to our systems and retry. [reason: "SERVICE_DISABLED"
domain: "googleapis.com"
metadata {
  key: "service"
  value: "generativelanguage.googleapis.com"
}
metadata {
  key: "serviceTitle"
  value: "Generative Language API"
}
metadata {
  key: "containerInfo"
  value: "966683554322"
}
metadata {
  key: "consumer"
  value: "projects/966683554322"
}
metadata {
  key: "activationUrl"
  value: "https://console.developers.google.com/apis/api/generativelanguage.googleapis.com/overview?project=966683554322"
}
, locale: "en-US"
message: "Generative Language API has not been used in project 966683554322 before or it is disabled. Enable it by visiting https://console.developers.google.com/apis/api/generativelanguage.googleapis.com/overview?project=966683554322 then retry. If you enabled this API recently, wait a few minutes for the action to propagate to our systems and retry."
, links {
  description: "Google developers console API activation"
  url: "https://console.developers.google.com/apis/api/generativelanguage.googleapis.com/overview?project=966683554322"
}
].
2025-07-24 21:43:13,603 - WARNING - Retrying langchain_google_genai.chat_models._chat_with_retry.<locals>._chat_with_retry in 2.0 seconds as it raised PermissionDenied: 403 Generative Language API has not been used in project 966683554322 before or it is disabled. Enable it by visiting https://console.developers.google.com/apis/api/generativelanguage.googleapis.com/overview?project=966683554322 then retry. If you enabled this API recently, wait a few minutes for the action to propagate to our systems and retry. [reason: "SERVICE_DISABLED"
domain: "googleapis.com"
metadata {
  key: "service"
  value: "generativelanguage.googleapis.com"
}
metadata {
  key: "serviceTitle"
  value: "Generative Language API"
}
metadata {
  key: "containerInfo"
  value: "966683554322"
}
metadata {
  key: "consumer"
  value: "projects/966683554322"
}
metadata {
  key: "activationUrl"
  value: "https://console.developers.google.com/apis/api/generativelanguage.googleapis.com/overview?project=966683554322"
}
, locale: "en-US"
message: "Generative Language API has not been used in project 966683554322 before or it is disabled. Enable it by visiting https://console.developers.google.com/apis/api/generativelanguage.googleapis.com/overview?project=966683554322 then retry. If you enabled this API recently, wait a few minutes for the action to propagate to our systems and retry."
, links {
  description: "Google developers console API activation"
  url: "https://console.developers.google.com/apis/api/generativelanguage.googleapis.com/overview?project=966683554322"
}
].
2025-07-24 21:49:58,441 - WARNING - Retrying langchain_google_genai.chat_models._chat_with_retry.<locals>._chat_with_retry in 2.0 seconds as it raised PermissionDenied: 403 Generative Language API has not been used in project 966683554322 before or it is disabled. Enable it by visiting https://console.developers.google.com/apis/api/generativelanguage.googleapis.com/overview?project=966683554322 then retry. If you enabled this API recently, wait a few minutes for the action to propagate to our systems and retry. [reason: "SERVICE_DISABLED"
domain: "googleapis.com"
metadata {
  key: "service"
  value: "generativelanguage.googleapis.com"
}
metadata {
  key: "serviceTitle"
  value: "Generative Language API"
}
metadata {
  key: "containerInfo"
  value: "966683554322"
}
metadata {
  key: "consumer"
  value: "projects/966683554322"
}
metadata {
  key: "activationUrl"
  value: "https://console.developers.google.com/apis/api/generativelanguage.googleapis.com/overview?project=966683554322"
}
, locale: "en-US"
message: "Generative Language API has not been used in project 966683554322 before or it is disabled. Enable it by visiting https://console.developers.google.com/apis/api/generativelanguage.googleapis.com/overview?project=966683554322 then retry. If you enabled this API recently, wait a few minutes for the action to propagate to our systems and retry."
, links {
  description: "Google developers console API activation"
  url: "https://console.developers.google.com/apis/api/generativelanguage.googleapis.com/overview?project=966683554322"
}
].
2025-07-25 10:57:48,384 - INFO - Start reading CSV file: C:/Users/nandu/EDA/DesignAnalyzer/test/finance/sample_monthly_data.csv
2025-07-25 10:57:48,416 - INFO - End reading CSV file: C:/Users/nandu/EDA/DesignAnalyzer/test/finance/sample_monthly_data.csv
2025-07-25 10:57:54,765 - WARNING - Retrying langchain_google_genai.chat_models._chat_with_retry.<locals>._chat_with_retry in 2.0 seconds as it raised PermissionDenied: 403 Generative Language API has not been used in project 966683554322 before or it is disabled. Enable it by visiting https://console.developers.google.com/apis/api/generativelanguage.googleapis.com/overview?project=966683554322 then retry. If you enabled this API recently, wait a few minutes for the action to propagate to our systems and retry. [reason: "SERVICE_DISABLED"
domain: "googleapis.com"
metadata {
  key: "service"
  value: "generativelanguage.googleapis.com"
}
metadata {
  key: "serviceTitle"
  value: "Generative Language API"
}
metadata {
  key: "containerInfo"
  value: "966683554322"
}
metadata {
  key: "consumer"
  value: "projects/966683554322"
}
metadata {
  key: "activationUrl"
  value: "https://console.developers.google.com/apis/api/generativelanguage.googleapis.com/overview?project=966683554322"
}
, locale: "en-US"
message: "Generative Language API has not been used in project 966683554322 before or it is disabled. Enable it by visiting https://console.developers.google.com/apis/api/generativelanguage.googleapis.com/overview?project=966683554322 then retry. If you enabled this API recently, wait a few minutes for the action to propagate to our systems and retry."
, links {
  description: "Google developers console API activation"
  url: "https://console.developers.google.com/apis/api/generativelanguage.googleapis.com/overview?project=966683554322"
}
].
2025-07-25 10:57:57,113 - INFO - Error: No response from LLM.
2025-07-25 10:58:26,608 - WARNING - Retrying langchain_google_genai.chat_models._chat_with_retry.<locals>._chat_with_retry in 2.0 seconds as it raised PermissionDenied: 403 Generative Language API has not been used in project 966683554322 before or it is disabled. Enable it by visiting https://console.developers.google.com/apis/api/generativelanguage.googleapis.com/overview?project=966683554322 then retry. If you enabled this API recently, wait a few minutes for the action to propagate to our systems and retry. [reason: "SERVICE_DISABLED"
domain: "googleapis.com"
metadata {
  key: "service"
  value: "generativelanguage.googleapis.com"
}
metadata {
  key: "serviceTitle"
  value: "Generative Language API"
}
metadata {
  key: "containerInfo"
  value: "966683554322"
}
metadata {
  key: "consumer"
  value: "projects/966683554322"
}
metadata {
  key: "activationUrl"
  value: "https://console.developers.google.com/apis/api/generativelanguage.googleapis.com/overview?project=966683554322"
}
, locale: "en-US"
message: "Generative Language API has not been used in project 966683554322 before or it is disabled. Enable it by visiting https://console.developers.google.com/apis/api/generativelanguage.googleapis.com/overview?project=966683554322 then retry. If you enabled this API recently, wait a few minutes for the action to propagate to our systems and retry."
, links {
  description: "Google developers console API activation"
  url: "https://console.developers.google.com/apis/api/generativelanguage.googleapis.com/overview?project=966683554322"
}
].
2025-07-25 10:58:28,928 - INFO - Error: No response from LLM.
2025-07-25 10:59:15,923 - INFO - Error executing 'create bar chart': unhashable type: 'dict'
2025-07-25 12:23:34,871 - INFO - Start reading CSV file: C:/Users/nandu/EDA/DesignAnalyzer/test/finance/sample_monthly_data.csv
2025-07-25 12:23:34,897 - INFO - End reading CSV file: C:/Users/nandu/EDA/DesignAnalyzer/test/finance/sample_monthly_data.csv
2025-07-25 12:23:53,134 - INFO - Error executing 'create bar chart': unhashable type: 'dict'
2025-07-25 12:29:43,871 - INFO - Start reading CSV file: C:/Users/nandu/EDA/DesignAnalyzer/test/finance/sample_monthly_data.csv
2025-07-25 12:29:43,896 - INFO - End reading CSV file: C:/Users/nandu/EDA/DesignAnalyzer/test/finance/sample_monthly_data.csv
2025-07-25 12:29:53,358 - INFO - Error executing 'create bar chart': unhashable type: 'dict'
2025-07-25 12:34:06,514 - INFO - Start reading CSV file: C:/Users/nandu/EDA/DesignAnalyzer/test/finance/sample_monthly_data.csv
2025-07-25 12:34:06,531 - INFO - End reading CSV file: C:/Users/nandu/EDA/DesignAnalyzer/test/finance/sample_monthly_data.csv
2025-07-25 12:35:01,946 - WARNING - Retrying langchain_google_genai.chat_models._chat_with_retry.<locals>._chat_with_retry in 2.0 seconds as it raised PermissionDenied: 403 Generative Language API has not been used in project 966683554322 before or it is disabled. Enable it by visiting https://console.developers.google.com/apis/api/generativelanguage.googleapis.com/overview?project=966683554322 then retry. If you enabled this API recently, wait a few minutes for the action to propagate to our systems and retry. [reason: "SERVICE_DISABLED"
domain: "googleapis.com"
metadata {
  key: "service"
  value: "generativelanguage.googleapis.com"
}
metadata {
  key: "serviceTitle"
  value: "Generative Language API"
}
metadata {
  key: "containerInfo"
  value: "966683554322"
}
metadata {
  key: "consumer"
  value: "projects/966683554322"
}
metadata {
  key: "activationUrl"
  value: "https://console.developers.google.com/apis/api/generativelanguage.googleapis.com/overview?project=966683554322"
}
, locale: "en-US"
message: "Generative Language API has not been used in project 966683554322 before or it is disabled. Enable it by visiting https://console.developers.google.com/apis/api/generativelanguage.googleapis.com/overview?project=966683554322 then retry. If you enabled this API recently, wait a few minutes for the action to propagate to our systems and retry."
, links {
  description: "Google developers console API activation"
  url: "https://console.developers.google.com/apis/api/generativelanguage.googleapis.com/overview?project=966683554322"
}
].
2025-07-25 12:35:04,359 - INFO - Error: No response from LLM.
2025-07-25 12:42:23,247 - INFO - Error executing 'format table': 'PenStyle' object has no attribute 'lower'
2025-07-25 12:47:32,150 - INFO - Error executing 'format table': 'PenStyle' object has no attribute 'lower'
2025-07-25 13:06:02,468 - INFO - Prediction search done.
2025-07-25 13:06:32,056 - INFO - Prediction search done.
2025-07-25 17:32:30,686 - INFO - Start reading CSV file: C:/Users/nandu/EDA/DesignAnalyzer/test/finance/sample_monthly_data.csv
2025-07-25 17:32:30,780 - INFO - End reading CSV file: C:/Users/nandu/EDA/DesignAnalyzer/test/finance/sample_monthly_data.csv
2025-07-25 17:54:57,160 - WARNING - Retrying langchain_google_genai.chat_models._chat_with_retry.<locals>._chat_with_retry in 2.0 seconds as it raised PermissionDenied: 403 Generative Language API has not been used in project 966683554322 before or it is disabled. Enable it by visiting https://console.developers.google.com/apis/api/generativelanguage.googleapis.com/overview?project=966683554322 then retry. If you enabled this API recently, wait a few minutes for the action to propagate to our systems and retry. [reason: "SERVICE_DISABLED"
domain: "googleapis.com"
metadata {
  key: "service"
  value: "generativelanguage.googleapis.com"
}
metadata {
  key: "serviceTitle"
  value: "Generative Language API"
}
metadata {
  key: "containerInfo"
  value: "966683554322"
}
metadata {
  key: "consumer"
  value: "projects/966683554322"
}
metadata {
  key: "activationUrl"
  value: "https://console.developers.google.com/apis/api/generativelanguage.googleapis.com/overview?project=966683554322"
}
, locale: "en-US"
message: "Generative Language API has not been used in project 966683554322 before or it is disabled. Enable it by visiting https://console.developers.google.com/apis/api/generativelanguage.googleapis.com/overview?project=966683554322 then retry. If you enabled this API recently, wait a few minutes for the action to propagate to our systems and retry."
, links {
  description: "Google developers console API activation"
  url: "https://console.developers.google.com/apis/api/generativelanguage.googleapis.com/overview?project=966683554322"
}
].
2025-07-25 17:54:59,587 - INFO - Error: No response from LLM.
2025-07-25 17:57:51,370 - INFO - Start reading CSV file: C:/Users/nandu/OneDrive/Documents/1M-rows-CSV-case.csv
2025-07-25 17:57:54,241 - INFO - End reading CSV file: C:/Users/nandu/OneDrive/Documents/1M-rows-CSV-case.csv
2025-07-25 18:54:33,758 - INFO - Start reading CSV file: C:/Users/nandu/OneDrive/Documents/1M-rows-CSV-case.csv
2025-07-25 18:54:36,814 - INFO - End reading CSV file: C:/Users/nandu/OneDrive/Documents/1M-rows-CSV-case.csv
2025-07-25 21:04:36,954 - INFO - Start reading CSV file: C:/Users/nandu/OneDrive/Documents/1M-rows-CSV-case.csv
2025-07-25 21:04:39,971 - INFO - End reading CSV file: C:/Users/nandu/OneDrive/Documents/1M-rows-CSV-case.csv
2025-07-25 21:09:10,470 - INFO - Error executing 'apply column color gradient': Invalid color(s).
2025-07-25 21:21:10,456 - INFO - Error executing 'execute sql query': 'actual_query'
2025-07-25 21:21:32,402 - INFO - Error executing 'execute sql query': 'actual_query'
2025-07-25 21:21:58,755 - INFO - Error executing 'execute sql query': 'actual_query'
2025-07-25 21:22:08,768 - INFO - Error executing 'execute sql query': 'actual_query'
2025-07-25 22:44:12,319 - INFO - Start reading CSV file: C:/Users/nandu/Downloads/Airbnb+Data/Airbnb Data/Listings.csv
2025-07-25 22:46:31,892 - INFO - Start reading CSV file: C:/Users/nandu/Downloads/Airbnb+Data/Airbnb Data/Listings.csv
2025-07-25 22:46:34,225 - INFO - End reading CSV file: C:/Users/nandu/Downloads/Airbnb+Data/Airbnb Data/Listings.csv
2025-07-25 22:48:17,558 - INFO - Start reading CSV file: C:/Users/nandu/Downloads/Airbnb+Data/Airbnb Data/Reviews.csv
2025-07-25 22:48:19,573 - INFO - End reading CSV file: C:/Users/nandu/Downloads/Airbnb+Data/Airbnb Data/Reviews.csv
2025-07-25 22:49:00,226 - INFO - Error executing 'apply column color gradient': Column 'date' is not numeric. Gradient coloring requires numeric data.
2025-07-25 22:50:44,641 - INFO - Start reading CSV file: C:/Users/nandu/Downloads/Airbnb+Data/Airbnb Data/Listings.csv
2025-07-25 22:50:46,791 - INFO - End reading CSV file: C:/Users/nandu/Downloads/Airbnb+Data/Airbnb Data/Listings.csv
2025-07-25 22:52:31,706 - INFO - Start reading CSV file: C:/Users/nandu/Downloads/Airbnb+Data/Airbnb Data/Reviews.csv
2025-07-25 22:52:33,710 - INFO - End reading CSV file: C:/Users/nandu/Downloads/Airbnb+Data/Airbnb Data/Reviews.csv
2025-07-25 22:55:12,056 - INFO - Start reading CSV file: C:/Users/nandu/Downloads/NYC_Taxi_Trips/taxi_trips/2017_taxi_trips.csv
2025-07-25 22:56:20,492 - INFO - End reading CSV file: C:/Users/nandu/Downloads/NYC_Taxi_Trips/taxi_trips/2017_taxi_trips.csv
2025-07-25 22:59:50,022 - WARNING - Retrying langchain_google_genai.chat_models._chat_with_retry.<locals>._chat_with_retry in 2.0 seconds as it raised PermissionDenied: 403 Generative Language API has not been used in project 966683554322 before or it is disabled. Enable it by visiting https://console.developers.google.com/apis/api/generativelanguage.googleapis.com/overview?project=966683554322 then retry. If you enabled this API recently, wait a few minutes for the action to propagate to our systems and retry. [reason: "SERVICE_DISABLED"
domain: "googleapis.com"
metadata {
  key: "service"
  value: "generativelanguage.googleapis.com"
}
metadata {
  key: "serviceTitle"
  value: "Generative Language API"
}
metadata {
  key: "containerInfo"
  value: "966683554322"
}
metadata {
  key: "consumer"
  value: "projects/966683554322"
}
metadata {
  key: "activationUrl"
  value: "https://console.developers.google.com/apis/api/generativelanguage.googleapis.com/overview?project=966683554322"
}
, locale: "en-US"
message: "Generative Language API has not been used in project 966683554322 before or it is disabled. Enable it by visiting https://console.developers.google.com/apis/api/generativelanguage.googleapis.com/overview?project=966683554322 then retry. If you enabled this API recently, wait a few minutes for the action to propagate to our systems and retry."
, links {
  description: "Google developers console API activation"
  url: "https://console.developers.google.com/apis/api/generativelanguage.googleapis.com/overview?project=966683554322"
}
].
2025-07-25 22:59:52,399 - INFO - Error: No response from LLM.
2025-07-26 22:59:42,258 - INFO - Start reading CSV file: C:/Users/nandu/OneDrive/Documents/1M-rows-CSV-case.csv
2025-07-26 22:59:45,093 - INFO - End reading CSV file: C:/Users/nandu/OneDrive/Documents/1M-rows-CSV-case.csv
2025-07-26 22:59:54,506 - WARNING - Retrying langchain_google_genai.chat_models._chat_with_retry.<locals>._chat_with_retry in 2.0 seconds as it raised PermissionDenied: 403 Generative Language API has not been used in project 966683554322 before or it is disabled. Enable it by visiting https://console.developers.google.com/apis/api/generativelanguage.googleapis.com/overview?project=966683554322 then retry. If you enabled this API recently, wait a few minutes for the action to propagate to our systems and retry. [reason: "SERVICE_DISABLED"
domain: "googleapis.com"
metadata {
  key: "service"
  value: "generativelanguage.googleapis.com"
}
metadata {
  key: "serviceTitle"
  value: "Generative Language API"
}
metadata {
  key: "containerInfo"
  value: "966683554322"
}
metadata {
  key: "consumer"
  value: "projects/966683554322"
}
metadata {
  key: "activationUrl"
  value: "https://console.developers.google.com/apis/api/generativelanguage.googleapis.com/overview?project=966683554322"
}
, locale: "en-US"
message: "Generative Language API has not been used in project 966683554322 before or it is disabled. Enable it by visiting https://console.developers.google.com/apis/api/generativelanguage.googleapis.com/overview?project=966683554322 then retry. If you enabled this API recently, wait a few minutes for the action to propagate to our systems and retry."
, links {
  description: "Google developers console API activation"
  url: "https://console.developers.google.com/apis/api/generativelanguage.googleapis.com/overview?project=966683554322"
}
].
2025-07-26 22:59:56,879 - INFO - Error: No response from LLM.
2025-07-26 23:17:35,670 - INFO - Error executing 'apply column color gradient': Column 'Color' is not numeric. Gradient coloring requires numeric data.
2025-07-27 11:43:33,238 - WARNING - Retrying langchain_google_genai.chat_models._chat_with_retry.<locals>._chat_with_retry in 2.0 seconds as it raised PermissionDenied: 403 Generative Language API has not been used in project 966683554322 before or it is disabled. Enable it by visiting https://console.developers.google.com/apis/api/generativelanguage.googleapis.com/overview?project=966683554322 then retry. If you enabled this API recently, wait a few minutes for the action to propagate to our systems and retry. [reason: "SERVICE_DISABLED"
domain: "googleapis.com"
metadata {
  key: "service"
  value: "generativelanguage.googleapis.com"
}
metadata {
  key: "serviceTitle"
  value: "Generative Language API"
}
metadata {
  key: "containerInfo"
  value: "966683554322"
}
metadata {
  key: "consumer"
  value: "projects/966683554322"
}
metadata {
  key: "activationUrl"
  value: "https://console.developers.google.com/apis/api/generativelanguage.googleapis.com/overview?project=966683554322"
}
, locale: "en-US"
message: "Generative Language API has not been used in project 966683554322 before or it is disabled. Enable it by visiting https://console.developers.google.com/apis/api/generativelanguage.googleapis.com/overview?project=966683554322 then retry. If you enabled this API recently, wait a few minutes for the action to propagate to our systems and retry."
, links {
  description: "Google developers console API activation"
  url: "https://console.developers.google.com/apis/api/generativelanguage.googleapis.com/overview?project=966683554322"
}
].
2025-07-27 11:43:35,586 - INFO - Error: No response from LLM.
2025-08-08 17:37:42,660 - INFO - Start reading CSV file: C:/Users/nandu/EDA/DesignAnalyzer/test/finance/sample_sales_data.csv
2025-08-08 17:37:42,840 - INFO - End reading CSV file: C:/Users/nandu/EDA/DesignAnalyzer/test/finance/sample_sales_data.csv
2025-08-08 17:38:41,916 - INFO - Error executing 'run PCA analysis': 'DimensionalityReducer' object has no attribute '_validate_columns'
2025-08-08 17:41:21,436 - INFO - Start reading CSV file: C:/Users/nandu/EDA/DesignAnalyzer/test/finance/sample_sales_data.csv
2025-08-08 17:41:21,485 - INFO - End reading CSV file: C:/Users/nandu/EDA/DesignAnalyzer/test/finance/sample_sales_data.csv
2025-08-08 17:41:38,207 - INFO - Error executing 'run PCA analysis': Columns not found in DataFrame: ["'Units", "Sold'", "'Revenue'"]
2025-08-08 17:42:00,694 - INFO - Error executing 'run PCA analysis': Columns not found in DataFrame: ["'Units", "Sold'", "'Revenue'"]
2025-08-08 17:42:34,138 - INFO - Error executing 'run PCA analysis': Columns not found in DataFrame: ['Units', 'Sold']
2025-08-08 17:44:50,998 - INFO - Start reading CSV file: C:/Users/nandu/EDA/DesignAnalyzer/test/finance/sample_sales_data.csv
2025-08-08 17:44:51,020 - INFO - End reading CSV file: C:/Users/nandu/EDA/DesignAnalyzer/test/finance/sample_sales_data.csv
2025-08-08 17:45:24,769 - INFO - Error executing 'run PCA analysis': 'list' object has no attribute 'columns'
2025-08-08 17:50:03,211 - INFO - Start reading CSV file: C:/Users/nandu/EDA/DesignAnalyzer/test/finance/sample_sales_data.csv
2025-08-08 17:50:03,248 - INFO - End reading CSV file: C:/Users/nandu/EDA/DesignAnalyzer/test/finance/sample_sales_data.csv
2025-08-08 18:02:58,511 - INFO - Start reading CSV file: C:/Users/nandu/EDA/DesignAnalyzer/test/finance/sample_sales_data.csv
2025-08-08 18:02:58,552 - INFO - End reading CSV file: C:/Users/nandu/EDA/DesignAnalyzer/test/finance/sample_sales_data.csv
2025-08-08 22:56:01,572 - INFO - Start reading CSV file: C:/Users/nandu/EDA/DesignAnalyzer/test/finance/sample_sales_data.csv
2025-08-08 22:56:02,036 - INFO - End reading CSV file: C:/Users/nandu/EDA/DesignAnalyzer/test/finance/sample_sales_data.csv
2025-08-09 10:13:59,979 - INFO - Start reading CSV file: C:/Users/nandu/EDA/DesignAnalyzer/test/finance/sample_sales_data.csv
2025-08-09 10:14:00,057 - INFO - End reading CSV file: C:/Users/nandu/EDA/DesignAnalyzer/test/finance/sample_sales_data.csv
2025-08-09 10:14:29,834 - INFO - Error executing 'run k-means clustering': 'NoneType' object has no attribute 'columns'
2025-08-09 10:16:38,307 - INFO - Error executing 'run k-means clustering': 'NoneType' object has no attribute 'columns'
2025-08-09 10:20:23,187 - INFO - Start reading CSV file: C:/Users/nandu/EDA/DesignAnalyzer/test/finance/sample_sales_data.csv
2025-08-09 10:20:23,218 - INFO - End reading CSV file: C:/Users/nandu/EDA/DesignAnalyzer/test/finance/sample_sales_data.csv
2025-08-09 10:21:22,162 - INFO - Error executing 'run k-means clustering': 'NoneType' object has no attribute 'columns'
2025-08-09 10:25:28,811 - INFO - Start reading CSV file: C:/Users/nandu/EDA/DesignAnalyzer/test/finance/sample_sales_data.csv
2025-08-09 10:25:28,832 - INFO - End reading CSV file: C:/Users/nandu/EDA/DesignAnalyzer/test/finance/sample_sales_data.csv
2025-08-09 10:25:50,204 - INFO - Error executing 'run k-means clustering': 'NoneType' object has no attribute 'columns'
2025-08-09 10:30:53,640 - INFO - Start reading CSV file: C:/Users/nandu/EDA/DesignAnalyzer/test/finance/sample_sales_data.csv
2025-08-09 10:30:53,717 - INFO - End reading CSV file: C:/Users/nandu/EDA/DesignAnalyzer/test/finance/sample_sales_data.csv
2025-08-09 10:31:15,698 - INFO - Error executing 'run k-means clustering': 'NoneType' object has no attribute 'columns'
2025-08-09 10:37:49,722 - INFO - Start reading CSV file: C:/Users/nandu/EDA/DesignAnalyzer/test/finance/sample_sales_data.csv
2025-08-09 10:37:49,757 - INFO - End reading CSV file: C:/Users/nandu/EDA/DesignAnalyzer/test/finance/sample_sales_data.csv
2025-08-09 14:48:03,580 - INFO - Start reading CSV file: C:/Users/nandu/EDA/DesignAnalyzer/test/finance/sample_sales_data.csv
2025-08-09 14:48:03,627 - INFO - End reading CSV file: C:/Users/nandu/EDA/DesignAnalyzer/test/finance/sample_sales_data.csv
2025-08-09 14:48:48,509 - INFO - Error executing 'run k-means clustering': Column 'PCA1' not found in input data.
2025-08-09 18:13:33,824 - INFO - Start reading CSV file: C:/Users/nandu/EDA/DesignAnalyzer/test/finance/sample_sales_data.csv
2025-08-09 18:13:33,858 - INFO - End reading CSV file: C:/Users/nandu/EDA/DesignAnalyzer/test/finance/sample_sales_data.csv
2025-08-09 18:21:19,385 - INFO - Start reading CSV file: C:/Users/nandu/EDA/DesignAnalyzer/test/finance/sample_sales_data.csv
2025-08-09 18:21:19,417 - INFO - End reading CSV file: C:/Users/nandu/EDA/DesignAnalyzer/test/finance/sample_sales_data.csv
2025-08-09 18:21:34,807 - INFO - Error executing 'run k-means clustering': int() argument must be a string, a bytes-like object or a real number, not 'NoneType'
2025-08-09 18:24:40,577 - INFO - Start reading CSV file: C:/Users/nandu/EDA/DesignAnalyzer/test/finance/sample_sales_data.csv
2025-08-09 18:24:40,609 - INFO - End reading CSV file: C:/Users/nandu/EDA/DesignAnalyzer/test/finance/sample_sales_data.csv
2025-08-09 18:31:58,681 - INFO - Start reading CSV file: C:/Users/nandu/OneDrive/Documents/1M-rows-CSV-case.csv
2025-08-09 18:32:01,685 - INFO - End reading CSV file: C:/Users/nandu/OneDrive/Documents/1M-rows-CSV-case.csv
2025-08-09 18:33:50,759 - INFO - Error executing 'create scatter plot': Column 'Price' not found in input data.
2025-08-09 18:34:44,125 - INFO - Start reading CSV file: C:/Users/nandu/OneDrive/Documents/1M-rows-CSV-case.csv
2025-08-09 18:34:47,119 - INFO - End reading CSV file: C:/Users/nandu/OneDrive/Documents/1M-rows-CSV-case.csv
2025-08-09 18:35:26,952 - INFO - Error executing 'create scatter plot': Input data has too many rows. Please try on a smaller set.
2025-08-09 18:37:34,772 - INFO - Start reading CSV file: C:/Users/nandu/OneDrive/Documents/1M-rows-CSV-case.csv
2025-08-09 18:37:37,675 - INFO - End reading CSV file: C:/Users/nandu/OneDrive/Documents/1M-rows-CSV-case.csv
2025-08-09 22:38:43,505 - WARNING - Retrying langchain_google_genai.chat_models._chat_with_retry.<locals>._chat_with_retry in 2.0 seconds as it raised PermissionDenied: 403 Generative Language API has not been used in project 966683554322 before or it is disabled. Enable it by visiting https://console.developers.google.com/apis/api/generativelanguage.googleapis.com/overview?project=966683554322 then retry. If you enabled this API recently, wait a few minutes for the action to propagate to our systems and retry. [reason: "SERVICE_DISABLED"
domain: "googleapis.com"
metadata {
  key: "service"
  value: "generativelanguage.googleapis.com"
}
metadata {
  key: "serviceTitle"
  value: "Generative Language API"
}
metadata {
  key: "containerInfo"
  value: "966683554322"
}
metadata {
  key: "consumer"
  value: "projects/966683554322"
}
metadata {
  key: "activationUrl"
  value: "https://console.developers.google.com/apis/api/generativelanguage.googleapis.com/overview?project=966683554322"
}
, locale: "en-US"
message: "Generative Language API has not been used in project 966683554322 before or it is disabled. Enable it by visiting https://console.developers.google.com/apis/api/generativelanguage.googleapis.com/overview?project=966683554322 then retry. If you enabled this API recently, wait a few minutes for the action to propagate to our systems and retry."
, links {
  description: "Google developers console API activation"
  url: "https://console.developers.google.com/apis/api/generativelanguage.googleapis.com/overview?project=966683554322"
}
].
2025-08-09 22:38:45,887 - INFO - Error: No response from LLM.
2025-08-12 08:55:23,341 - INFO - Start reading CSV file: C:/Users/nandu/OneDrive/Documents/1M-rows-CSV-case.csv
2025-08-12 08:55:25,911 - INFO - End reading CSV file: C:/Users/nandu/OneDrive/Documents/1M-rows-CSV-case.csv
2025-08-12 09:05:03,940 - INFO - Start reading CSV file: C:/Users/nandu/OneDrive/Documents/1M-rows-CSV-case.csv
2025-08-12 09:05:06,440 - INFO - End reading CSV file: C:/Users/nandu/OneDrive/Documents/1M-rows-CSV-case.csv
2025-08-12 09:13:07,426 - INFO - Start reading CSV file: C:/Users/nandu/EDA/DesignAnalyzer/test/finance/sample_sales_data.csv
2025-08-12 09:13:07,443 - INFO - End reading CSV file: C:/Users/nandu/EDA/DesignAnalyzer/test/finance/sample_sales_data.csv
2025-08-12 09:28:14,944 - INFO - Start reading CSV file: C:/Users/nandu/EDA/DesignAnalyzer/test/finance/sample_sales_data.csv
2025-08-12 09:28:14,965 - INFO - End reading CSV file: C:/Users/nandu/EDA/DesignAnalyzer/test/finance/sample_sales_data.csv
2025-08-12 09:29:16,471 - INFO - Start reading CSV file: C:/Users/nandu/OneDrive/Documents/1M-rows-CSV-case.csv
2025-08-12 09:29:19,558 - INFO - End reading CSV file: C:/Users/nandu/OneDrive/Documents/1M-rows-CSV-case.csv
2025-08-12 09:54:44,040 - INFO - Start reading CSV file: C:/Users/nandu/EDA/DesignAnalyzer/test/finance/sample_sales_data.csv
2025-08-12 09:54:44,064 - INFO - End reading CSV file: C:/Users/nandu/EDA/DesignAnalyzer/test/finance/sample_sales_data.csv
2025-08-12 10:02:32,241 - INFO - Start reading CSV file: C:/Users/nandu/EDA/DesignAnalyzer/test/finance/sample_sales_data.csv
2025-08-12 10:02:32,272 - INFO - End reading CSV file: C:/Users/nandu/EDA/DesignAnalyzer/test/finance/sample_sales_data.csv
2025-08-14 11:39:11,033 - INFO - Start reading CSV file: C:/Users/nandu/OneDrive/Documents/1M-rows-CSV-case.csv
2025-08-14 11:39:14,108 - INFO - End reading CSV file: C:/Users/nandu/OneDrive/Documents/1M-rows-CSV-case.csv
2025-08-14 11:53:00,282 - INFO - Start reading CSV file: C:/Users/nandu/EDA/DesignAnalyzer/test/finance/sample_sales_data.csv
2025-08-14 11:53:00,314 - INFO - End reading CSV file: C:/Users/nandu/EDA/DesignAnalyzer/test/finance/sample_sales_data.csv
2025-08-14 11:58:24,841 - DEBUG - Converted retries value: 2 -> Retry(total=2, connect=None, read=None, redirect=None, status=None)
2025-08-14 11:58:24,841 - DEBUG - Converted retries value: 2 -> Retry(total=2, connect=None, read=None, redirect=None, status=None)
2025-08-14 11:58:25,423 - INFO - Error executing 'create world map': DataFrame is empty or column 'region' not found.
2025-08-14 11:58:40,359 - DEBUG - Converted retries value: 2 -> Retry(total=2, connect=None, read=None, redirect=None, status=None)
2025-08-14 11:58:40,364 - DEBUG - Converted retries value: 2 -> Retry(total=2, connect=None, read=None, redirect=None, status=None)
2025-08-14 11:58:40,384 - DEBUG - Nominatim.geocode: https://nominatim.openstreetmap.org/search?q=Tokyo&format=json&limit=1
2025-08-14 11:58:40,384 - DEBUG - Starting new HTTPS connection (1): nominatim.openstreetmap.org:443
2025-08-14 11:58:41,183 - DEBUG - https://nominatim.openstreetmap.org:443 "GET /search?q=Tokyo&format=json&limit=1 HTTP/1.1" 200 422
2025-08-14 11:58:41,183 - DEBUG - Nominatim.geocode: https://nominatim.openstreetmap.org/search?q=Moscow&format=json&limit=1
2025-08-14 11:58:42,044 - DEBUG - https://nominatim.openstreetmap.org:443 "GET /search?q=Moscow&format=json&limit=1 HTTP/1.1" 200 487
2025-08-14 11:58:42,049 - DEBUG - Nominatim.geocode: https://nominatim.openstreetmap.org/search?q=Bangkok&format=json&limit=1
2025-08-14 11:58:43,063 - DEBUG - Incremented Retry for (url='/search?q=Bangkok&format=json&limit=1'): Retry(total=1, connect=None, read=None, redirect=None, status=None)
2025-08-14 11:58:43,067 - WARNING - Retrying (Retry(total=1, connect=None, read=None, redirect=None, status=None)) after connection broken by 'ReadTimeoutError("HTTPSConnectionPool(host='nominatim.openstreetmap.org', port=443): Read timed out. (read timeout=1)")': /search?q=Bangkok&format=json&limit=1
2025-08-14 11:58:43,067 - DEBUG - Starting new HTTPS connection (2): nominatim.openstreetmap.org:443
2025-08-14 11:58:44,316 - DEBUG - https://nominatim.openstreetmap.org:443 "GET /search?q=Bangkok&format=json&limit=1 HTTP/1.1" 200 499
2025-08-14 11:58:44,316 - DEBUG - Nominatim.geocode: https://nominatim.openstreetmap.org/search?q=Mumbai&format=json&limit=1
2025-08-14 11:58:45,075 - DEBUG - https://nominatim.openstreetmap.org:443 "GET /search?q=Mumbai&format=json&limit=1 HTTP/1.1" 200 442
2025-08-14 11:58:45,075 - DEBUG - Nominatim.geocode: https://nominatim.openstreetmap.org/search?q=Noida&format=json&limit=1
2025-08-14 11:58:45,994 - DEBUG - https://nominatim.openstreetmap.org:443 "GET /search?q=Noida&format=json&limit=1 HTTP/1.1" 200 453
2025-08-14 11:58:45,994 - DEBUG - Nominatim.geocode: https://nominatim.openstreetmap.org/search?q=berlin&format=json&limit=1
2025-08-14 11:58:47,002 - DEBUG - Incremented Retry for (url='/search?q=berlin&format=json&limit=1'): Retry(total=1, connect=None, read=None, redirect=None, status=None)
2025-08-14 11:58:47,002 - WARNING - Retrying (Retry(total=1, connect=None, read=None, redirect=None, status=None)) after connection broken by 'ReadTimeoutError("HTTPSConnectionPool(host='nominatim.openstreetmap.org', port=443): Read timed out. (read timeout=1)")': /search?q=berlin&format=json&limit=1
2025-08-14 11:58:47,008 - DEBUG - Starting new HTTPS connection (3): nominatim.openstreetmap.org:443
2025-08-14 11:58:48,252 - DEBUG - https://nominatim.openstreetmap.org:443 "GET /search?q=berlin&format=json&limit=1 HTTP/1.1" 200 413
2025-08-14 11:58:48,252 - DEBUG - Nominatim.geocode: https://nominatim.openstreetmap.org/search?q=Osaka&format=json&limit=1
2025-08-14 11:58:49,244 - DEBUG - https://nominatim.openstreetmap.org:443 "GET /search?q=Osaka&format=json&limit=1 HTTP/1.1" 200 431
2025-08-14 11:58:49,244 - DEBUG - Nominatim.geocode: https://nominatim.openstreetmap.org/search?q=Delhi&format=json&limit=1
2025-08-14 11:58:50,125 - DEBUG - https://nominatim.openstreetmap.org:443 "GET /search?q=Delhi&format=json&limit=1 HTTP/1.1" 200 407
2025-08-14 11:58:50,125 - DEBUG - Nominatim.geocode: https://nominatim.openstreetmap.org/search?q=madrid&format=json&limit=1
2025-08-14 11:58:51,152 - DEBUG - Incremented Retry for (url='/search?q=madrid&format=json&limit=1'): Retry(total=1, connect=None, read=None, redirect=None, status=None)
2025-08-14 11:58:51,152 - WARNING - Retrying (Retry(total=1, connect=None, read=None, redirect=None, status=None)) after connection broken by 'ReadTimeoutError("HTTPSConnectionPool(host='nominatim.openstreetmap.org', port=443): Read timed out. (read timeout=1)")': /search?q=madrid&format=json&limit=1
2025-08-14 11:58:51,152 - DEBUG - Starting new HTTPS connection (4): nominatim.openstreetmap.org:443
2025-08-14 11:58:52,352 - DEBUG - https://nominatim.openstreetmap.org:443 "GET /search?q=madrid&format=json&limit=1 HTTP/1.1" 200 434
2025-08-14 11:58:52,352 - DEBUG - Nominatim.geocode: https://nominatim.openstreetmap.org/search?q=Chennai&format=json&limit=1
2025-08-14 11:58:53,053 - DEBUG - https://nominatim.openstreetmap.org:443 "GET /search?q=Chennai&format=json&limit=1 HTTP/1.1" 200 419
2025-08-14 11:58:53,053 - DEBUG - Nominatim.geocode: https://nominatim.openstreetmap.org/search?q=Kolkata&format=json&limit=1
2025-08-14 11:58:54,080 - DEBUG - Incremented Retry for (url='/search?q=Kolkata&format=json&limit=1'): Retry(total=1, connect=None, read=None, redirect=None, status=None)
2025-08-14 11:58:54,083 - WARNING - Retrying (Retry(total=1, connect=None, read=None, redirect=None, status=None)) after connection broken by 'ReadTimeoutError("HTTPSConnectionPool(host='nominatim.openstreetmap.org', port=443): Read timed out. (read timeout=1)")': /search?q=Kolkata&format=json&limit=1
2025-08-14 11:58:54,091 - DEBUG - Starting new HTTPS connection (5): nominatim.openstreetmap.org:443
2025-08-14 11:58:54,994 - DEBUG - https://nominatim.openstreetmap.org:443 "GET /search?q=Kolkata&format=json&limit=1 HTTP/1.1" 200 426
2025-08-14 11:58:54,994 - DEBUG - Nominatim.geocode: https://nominatim.openstreetmap.org/search?q=rome&format=json&limit=1
2025-08-14 11:58:56,009 - DEBUG - Incremented Retry for (url='/search?q=rome&format=json&limit=1'): Retry(total=1, connect=None, read=None, redirect=None, status=None)
2025-08-14 11:58:56,009 - WARNING - Retrying (Retry(total=1, connect=None, read=None, redirect=None, status=None)) after connection broken by 'ReadTimeoutError("HTTPSConnectionPool(host='nominatim.openstreetmap.org', port=443): Read timed out. (read timeout=1)")': /search?q=rome&format=json&limit=1
2025-08-14 11:58:56,009 - DEBUG - Starting new HTTPS connection (6): nominatim.openstreetmap.org:443
2025-08-14 11:58:57,088 - DEBUG - https://nominatim.openstreetmap.org:443 "GET /search?q=rome&format=json&limit=1 HTTP/1.1" 200 428
2025-08-14 11:58:57,106 - DEBUG - Nominatim.geocode: https://nominatim.openstreetmap.org/search?q=New+York&format=json&limit=1
2025-08-14 11:58:58,122 - DEBUG - Incremented Retry for (url='/search?q=New+York&format=json&limit=1'): Retry(total=1, connect=None, read=None, redirect=None, status=None)
2025-08-14 11:58:58,122 - WARNING - Retrying (Retry(total=1, connect=None, read=None, redirect=None, status=None)) after connection broken by 'ReadTimeoutError("HTTPSConnectionPool(host='nominatim.openstreetmap.org', port=443): Read timed out. (read timeout=1)")': /search?q=New+York&format=json&limit=1
2025-08-14 11:58:58,122 - DEBUG - Starting new HTTPS connection (7): nominatim.openstreetmap.org:443
2025-08-14 11:58:59,307 - DEBUG - https://nominatim.openstreetmap.org:443 "GET /search?q=New+York&format=json&limit=1 HTTP/1.1" 200 451
2025-08-14 11:58:59,307 - DEBUG - Nominatim.geocode: https://nominatim.openstreetmap.org/search?q=Beijing&format=json&limit=1
2025-08-14 11:59:00,143 - DEBUG - https://nominatim.openstreetmap.org:443 "GET /search?q=Beijing&format=json&limit=1 HTTP/1.1" 200 420
2025-08-14 11:59:00,143 - DEBUG - Nominatim.geocode: https://nominatim.openstreetmap.org/search?q=Paris&format=json&limit=1
2025-08-14 11:59:01,170 - DEBUG - Incremented Retry for (url='/search?q=Paris&format=json&limit=1'): Retry(total=1, connect=None, read=None, redirect=None, status=None)
2025-08-14 11:59:01,170 - WARNING - Retrying (Retry(total=1, connect=None, read=None, redirect=None, status=None)) after connection broken by 'ReadTimeoutError("HTTPSConnectionPool(host='nominatim.openstreetmap.org', port=443): Read timed out. (read timeout=1)")': /search?q=Paris&format=json&limit=1
2025-08-14 11:59:01,170 - DEBUG - Starting new HTTPS connection (8): nominatim.openstreetmap.org:443
2025-08-14 11:59:02,376 - DEBUG - https://nominatim.openstreetmap.org:443 "GET /search?q=Paris&format=json&limit=1 HTTP/1.1" 200 445
2025-08-14 11:59:02,392 - DEBUG - Nominatim.geocode: https://nominatim.openstreetmap.org/search?q=Bangalore&format=json&limit=1
2025-08-14 11:59:03,100 - DEBUG - https://nominatim.openstreetmap.org:443 "GET /search?q=Bangalore&format=json&limit=1 HTTP/1.1" 200 462
2025-08-14 11:59:03,109 - DEBUG - Nominatim.geocode: https://nominatim.openstreetmap.org/search?q=london&format=json&limit=1
2025-08-14 11:59:04,132 - DEBUG - Incremented Retry for (url='/search?q=london&format=json&limit=1'): Retry(total=1, connect=None, read=None, redirect=None, status=None)
2025-08-14 11:59:04,132 - WARNING - Retrying (Retry(total=1, connect=None, read=None, redirect=None, status=None)) after connection broken by 'ReadTimeoutError("HTTPSConnectionPool(host='nominatim.openstreetmap.org', port=443): Read timed out. (read timeout=1)")': /search?q=london&format=json&limit=1
2025-08-14 11:59:04,132 - DEBUG - Starting new HTTPS connection (9): nominatim.openstreetmap.org:443
2025-08-14 11:59:05,295 - DEBUG - https://nominatim.openstreetmap.org:443 "GET /search?q=london&format=json&limit=1 HTTP/1.1" 200 429
2025-08-14 11:59:05,300 - DEBUG - Nominatim.geocode: https://nominatim.openstreetmap.org/search?q=Shanghai&format=json&limit=1
2025-08-14 11:59:06,171 - DEBUG - https://nominatim.openstreetmap.org:443 "GET /search?q=Shanghai&format=json&limit=1 HTTP/1.1" 200 420
2025-08-14 11:59:06,178 - DEBUG - Nominatim.geocode: https://nominatim.openstreetmap.org/search?q=Dallas&format=json&limit=1
2025-08-14 11:59:07,096 - DEBUG - https://nominatim.openstreetmap.org:443 "GET /search?q=Dallas&format=json&limit=1 HTTP/1.1" 200 444
2025-08-14 11:59:07,096 - DEBUG - Nominatim.geocode: https://nominatim.openstreetmap.org/search?q=Tokyo&format=json&limit=1
2025-08-14 11:59:08,091 - DEBUG - https://nominatim.openstreetmap.org:443 "GET /search?q=Tokyo&format=json&limit=1 HTTP/1.1" 200 422
2025-08-14 11:59:08,108 - DEBUG - Nominatim.geocode: https://nominatim.openstreetmap.org/search?q=Moscow&format=json&limit=1
2025-08-14 11:59:09,062 - DEBUG - https://nominatim.openstreetmap.org:443 "GET /search?q=Moscow&format=json&limit=1 HTTP/1.1" 200 487
2025-08-14 11:59:09,073 - DEBUG - Nominatim.geocode: https://nominatim.openstreetmap.org/search?q=Bangkok&format=json&limit=1
2025-08-14 11:59:10,085 - DEBUG - Incremented Retry for (url='/search?q=Bangkok&format=json&limit=1'): Retry(total=1, connect=None, read=None, redirect=None, status=None)
2025-08-14 11:59:10,086 - WARNING - Retrying (Retry(total=1, connect=None, read=None, redirect=None, status=None)) after connection broken by 'ReadTimeoutError("HTTPSConnectionPool(host='nominatim.openstreetmap.org', port=443): Read timed out. (read timeout=1)")': /search?q=Bangkok&format=json&limit=1
2025-08-14 11:59:10,086 - DEBUG - Starting new HTTPS connection (10): nominatim.openstreetmap.org:443
2025-08-14 11:59:11,143 - DEBUG - https://nominatim.openstreetmap.org:443 "GET /search?q=Bangkok&format=json&limit=1 HTTP/1.1" 200 499
2025-08-14 11:59:11,143 - DEBUG - Nominatim.geocode: https://nominatim.openstreetmap.org/search?q=Mumbai&format=json&limit=1
2025-08-14 11:59:12,087 - DEBUG - https://nominatim.openstreetmap.org:443 "GET /search?q=Mumbai&format=json&limit=1 HTTP/1.1" 200 442
2025-08-14 11:59:12,087 - DEBUG - Nominatim.geocode: https://nominatim.openstreetmap.org/search?q=Noida&format=json&limit=1
2025-08-14 11:59:12,990 - DEBUG - https://nominatim.openstreetmap.org:443 "GET /search?q=Noida&format=json&limit=1 HTTP/1.1" 200 453
2025-08-14 11:59:12,998 - DEBUG - Nominatim.geocode: https://nominatim.openstreetmap.org/search?q=berlin&format=json&limit=1
2025-08-14 11:59:14,006 - DEBUG - Incremented Retry for (url='/search?q=berlin&format=json&limit=1'): Retry(total=1, connect=None, read=None, redirect=None, status=None)
2025-08-14 11:59:14,006 - WARNING - Retrying (Retry(total=1, connect=None, read=None, redirect=None, status=None)) after connection broken by 'ReadTimeoutError("HTTPSConnectionPool(host='nominatim.openstreetmap.org', port=443): Read timed out. (read timeout=1)")': /search?q=berlin&format=json&limit=1
2025-08-14 11:59:14,017 - DEBUG - Starting new HTTPS connection (11): nominatim.openstreetmap.org:443
2025-08-14 11:59:15,238 - DEBUG - https://nominatim.openstreetmap.org:443 "GET /search?q=berlin&format=json&limit=1 HTTP/1.1" 200 413
2025-08-14 11:59:15,245 - DEBUG - Nominatim.geocode: https://nominatim.openstreetmap.org/search?q=Osaka&format=json&limit=1
2025-08-14 11:59:16,225 - DEBUG - https://nominatim.openstreetmap.org:443 "GET /search?q=Osaka&format=json&limit=1 HTTP/1.1" 200 431
2025-08-14 11:59:16,225 - DEBUG - Nominatim.geocode: https://nominatim.openstreetmap.org/search?q=Delhi&format=json&limit=1
2025-08-14 11:59:17,130 - DEBUG - https://nominatim.openstreetmap.org:443 "GET /search?q=Delhi&format=json&limit=1 HTTP/1.1" 200 407
2025-08-14 11:59:17,138 - DEBUG - Nominatim.geocode: https://nominatim.openstreetmap.org/search?q=madrid&format=json&limit=1
2025-08-14 11:59:18,149 - DEBUG - Incremented Retry for (url='/search?q=madrid&format=json&limit=1'): Retry(total=1, connect=None, read=None, redirect=None, status=None)
2025-08-14 11:59:18,149 - WARNING - Retrying (Retry(total=1, connect=None, read=None, redirect=None, status=None)) after connection broken by 'ReadTimeoutError("HTTPSConnectionPool(host='nominatim.openstreetmap.org', port=443): Read timed out. (read timeout=1)")': /search?q=madrid&format=json&limit=1
2025-08-14 11:59:18,159 - DEBUG - Starting new HTTPS connection (12): nominatim.openstreetmap.org:443
2025-08-14 11:59:19,230 - DEBUG - https://nominatim.openstreetmap.org:443 "GET /search?q=madrid&format=json&limit=1 HTTP/1.1" 200 434
2025-08-14 11:59:19,246 - DEBUG - Nominatim.geocode: https://nominatim.openstreetmap.org/search?q=Chennai&format=json&limit=1
2025-08-14 11:59:20,100 - DEBUG - https://nominatim.openstreetmap.org:443 "GET /search?q=Chennai&format=json&limit=1 HTTP/1.1" 200 419
2025-08-14 11:59:20,100 - DEBUG - Nominatim.geocode: https://nominatim.openstreetmap.org/search?q=Kolkata&format=json&limit=1
2025-08-14 11:59:21,018 - DEBUG - https://nominatim.openstreetmap.org:443 "GET /search?q=Kolkata&format=json&limit=1 HTTP/1.1" 200 426
2025-08-14 11:59:21,033 - DEBUG - Nominatim.geocode: https://nominatim.openstreetmap.org/search?q=rome&format=json&limit=1
2025-08-14 11:59:22,046 - DEBUG - Incremented Retry for (url='/search?q=rome&format=json&limit=1'): Retry(total=1, connect=None, read=None, redirect=None, status=None)
2025-08-14 11:59:22,046 - WARNING - Retrying (Retry(total=1, connect=None, read=None, redirect=None, status=None)) after connection broken by 'ReadTimeoutError("HTTPSConnectionPool(host='nominatim.openstreetmap.org', port=443): Read timed out. (read timeout=1)")': /search?q=rome&format=json&limit=1
2025-08-14 11:59:22,063 - DEBUG - Starting new HTTPS connection (13): nominatim.openstreetmap.org:443
2025-08-14 11:59:23,125 - DEBUG - https://nominatim.openstreetmap.org:443 "GET /search?q=rome&format=json&limit=1 HTTP/1.1" 200 428
2025-08-14 11:59:23,125 - DEBUG - Nominatim.geocode: https://nominatim.openstreetmap.org/search?q=New+York&format=json&limit=1
2025-08-14 11:59:24,153 - DEBUG - Incremented Retry for (url='/search?q=New+York&format=json&limit=1'): Retry(total=1, connect=None, read=None, redirect=None, status=None)
2025-08-14 11:59:24,153 - WARNING - Retrying (Retry(total=1, connect=None, read=None, redirect=None, status=None)) after connection broken by 'ReadTimeoutError("HTTPSConnectionPool(host='nominatim.openstreetmap.org', port=443): Read timed out. (read timeout=1)")': /search?q=New+York&format=json&limit=1
2025-08-14 11:59:24,169 - DEBUG - Starting new HTTPS connection (14): nominatim.openstreetmap.org:443
2025-08-14 11:59:25,286 - DEBUG - https://nominatim.openstreetmap.org:443 "GET /search?q=New+York&format=json&limit=1 HTTP/1.1" 200 451
2025-08-14 11:59:25,286 - DEBUG - Nominatim.geocode: https://nominatim.openstreetmap.org/search?q=Beijing&format=json&limit=1
2025-08-14 11:59:26,209 - DEBUG - https://nominatim.openstreetmap.org:443 "GET /search?q=Beijing&format=json&limit=1 HTTP/1.1" 200 420
2025-08-14 11:59:26,211 - DEBUG - Nominatim.geocode: https://nominatim.openstreetmap.org/search?q=Paris&format=json&limit=1
2025-08-14 11:59:27,236 - DEBUG - Incremented Retry for (url='/search?q=Paris&format=json&limit=1'): Retry(total=1, connect=None, read=None, redirect=None, status=None)
2025-08-14 11:59:27,236 - WARNING - Retrying (Retry(total=1, connect=None, read=None, redirect=None, status=None)) after connection broken by 'ReadTimeoutError("HTTPSConnectionPool(host='nominatim.openstreetmap.org', port=443): Read timed out. (read timeout=1)")': /search?q=Paris&format=json&limit=1
2025-08-14 11:59:27,252 - DEBUG - Starting new HTTPS connection (15): nominatim.openstreetmap.org:443
2025-08-14 11:59:28,347 - DEBUG - https://nominatim.openstreetmap.org:443 "GET /search?q=Paris&format=json&limit=1 HTTP/1.1" 200 445
2025-08-14 11:59:28,360 - DEBUG - Nominatim.geocode: https://nominatim.openstreetmap.org/search?q=Bangalore&format=json&limit=1
2025-08-14 11:59:28,998 - DEBUG - https://nominatim.openstreetmap.org:443 "GET /search?q=Bangalore&format=json&limit=1 HTTP/1.1" 200 462
2025-08-14 11:59:29,015 - DEBUG - Nominatim.geocode: https://nominatim.openstreetmap.org/search?q=london&format=json&limit=1
2025-08-14 11:59:30,027 - DEBUG - Incremented Retry for (url='/search?q=london&format=json&limit=1'): Retry(total=1, connect=None, read=None, redirect=None, status=None)
2025-08-14 11:59:30,031 - WARNING - Retrying (Retry(total=1, connect=None, read=None, redirect=None, status=None)) after connection broken by 'ReadTimeoutError("HTTPSConnectionPool(host='nominatim.openstreetmap.org', port=443): Read timed out. (read timeout=1)")': /search?q=london&format=json&limit=1
2025-08-14 11:59:30,031 - DEBUG - Starting new HTTPS connection (16): nominatim.openstreetmap.org:443
2025-08-14 11:59:31,230 - DEBUG - https://nominatim.openstreetmap.org:443 "GET /search?q=london&format=json&limit=1 HTTP/1.1" 200 429
2025-08-14 11:59:31,248 - DEBUG - Nominatim.geocode: https://nominatim.openstreetmap.org/search?q=Shanghai&format=json&limit=1
2025-08-14 11:59:32,245 - DEBUG - https://nominatim.openstreetmap.org:443 "GET /search?q=Shanghai&format=json&limit=1 HTTP/1.1" 200 420
2025-08-14 11:59:32,260 - DEBUG - Nominatim.geocode: https://nominatim.openstreetmap.org/search?q=Dallas&format=json&limit=1
2025-08-14 11:59:33,273 - DEBUG - Incremented Retry for (url='/search?q=Dallas&format=json&limit=1'): Retry(total=1, connect=None, read=None, redirect=None, status=None)
2025-08-14 11:59:33,273 - WARNING - Retrying (Retry(total=1, connect=None, read=None, redirect=None, status=None)) after connection broken by 'ReadTimeoutError("HTTPSConnectionPool(host='nominatim.openstreetmap.org', port=443): Read timed out. (read timeout=1)")': /search?q=Dallas&format=json&limit=1
2025-08-14 11:59:33,294 - DEBUG - Starting new HTTPS connection (17): nominatim.openstreetmap.org:443
2025-08-14 11:59:34,082 - DEBUG - https://nominatim.openstreetmap.org:443 "GET /search?q=Dallas&format=json&limit=1 HTTP/1.1" 200 444
2025-09-17 15:28:14,519 - INFO - Start reading CSV file: C:/Users/nandu/EDA/DesignAnalyzer/test/finance/sample_sales_data.csv
2025-09-17 15:28:14,570 - INFO - End reading CSV file: C:/Users/nandu/EDA/DesignAnalyzer/test/finance/sample_sales_data.csv
2025-09-18 22:59:16,354 - INFO - Start reading CSV file: C:/Users/nandu/EDA/DesignAnalyzer/test/finance/sample_sales_data.csv
2025-09-18 22:59:16,424 - INFO - End reading CSV file: C:/Users/nandu/EDA/DesignAnalyzer/test/finance/sample_sales_data.csv
2025-09-19 22:06:49,018 - INFO - Start reading CSV file: C:/Users/nandu/EDA/DesignAnalyzer/test/finance/sample_sales_data.csv
2025-09-19 22:06:49,050 - INFO - End reading CSV file: C:/Users/nandu/EDA/DesignAnalyzer/test/finance/sample_sales_data.csv
2025-09-19 22:07:29,385 - INFO - Error executing 'color alternate rows': 'TableWithFilter' object has no attribute 'colorAlternateRows'
2025-09-19 22:12:28,137 - INFO - Start reading CSV file: C:/Users/nandu/EDA/DesignAnalyzer/test/finance/sample_sales_data.csv
2025-09-19 22:12:28,161 - INFO - End reading CSV file: C:/Users/nandu/EDA/DesignAnalyzer/test/finance/sample_sales_data.csv
2025-09-19 22:12:40,819 - INFO - Start reading CSV file: C:/Users/nandu/EDA/DesignAnalyzer/test/finance/sample_sales_data.csv
2025-09-19 22:12:40,827 - INFO - End reading CSV file: C:/Users/nandu/EDA/DesignAnalyzer/test/finance/sample_sales_data.csv
2025-09-20 09:34:31,485 - INFO - Start reading CSV file: C:/Users/nandu/EDA/DesignAnalyzer/test/finance/sample_sales_data.csv
2025-09-20 09:34:31,522 - INFO - End reading CSV file: C:/Users/nandu/EDA/DesignAnalyzer/test/finance/sample_sales_data.csv
2025-09-20 09:39:54,611 - INFO - Start reading CSV file: C:/Users/nandu/EDA/DesignAnalyzer/test/finance/sample_sales_data.csv
2025-09-20 09:39:54,632 - INFO - End reading CSV file: C:/Users/nandu/EDA/DesignAnalyzer/test/finance/sample_sales_data.csv
2025-09-20 09:41:20,376 - INFO - Execution error: Execution failed on sql 'SELECT * FROM csv_data WHERE Units Sold < 200': near "Sold": syntax error
